abstract_state;abstract_input
1;234
2;115
3;149
4;228
5;149
6;189
7;265
8;235
9;192
10;294
11;149
12;260
13;189
14;149
15;202
16;58
17;252
18;87
19;170
20;60
21;166
22;145
23;242
24;245
25;231
26;210
27;149
28;256
29;210
30;243
31;248
32;170
33;170
34;38
35;114
36;40
37;260
38;285
39;170
40;44
41;245
42;221
43;156
44;189
45;79
46;59
47;71
48;11
49;228
50;245
51;81
52;134
53;235
54;133
55;83
56;34
57;1
58;79
59;7
60;91
61;228
62;7
63;228
64;266
65;237
66;170
67;170
68;140
69;108
70;149
71;235
72;149
73;156
74;210
75;112
76;40
77;157
78;137
79;166
80;254
81;157
82;102
83;235
84;44
85;260
86;96
87;134
88;114
89;156
90;146
91;126
92;116
93;166
94;243
95;170
96;1
97;245
98;220
99;164
100;202
101;1
102;213
103;140
104;38
105;166
106;11
107;71
108;166
109;71
110;189
111;278
112;137
113;200
114;72
115;108
116;149
117;44
118;189
119;202
120;242
121;149
122;71
123;83
124;228
125;189
126;20
127;112
128;243
129;46
130;44
131;146
132;44
133;228
134;210
135;280
136;149
137;252
138;285
139;208
140;148
141;55
142;182
143;20
144;228
145;248
146;149
147;235
148;149
149;156
150;192
151;166
152;284
153;86
154;166
155;228
156;38
157;189
158;134
159;176
160;120
161;87
162;189
163;243
164;192
165;280
166;60
167;166
168;156
169;103
170;189
171;224
172;170
173;260
174;170
175;189
176;134
177;48
178;243
179;166
180;59
181;60
182;170
183;245
184;189
185;183
186;166
187;170
188;189
189;46
190;112
191;166
192;83
193;189
194;112
195;261
196;243
197;245
198;221
199;260
200;166
201;48
202;210
203;7
204;210
205;199
206;134
207;108
208;126
209;189
210;252
211;159
212;7
213;58
214;156
215;146
216;145
217;102
218;140
219;189
220;166
221;76
222;102
223;189
224;48
225;114
226;166
227;213
228;170
229;48
230;170
231;235
232;166
233;272
234;182
235;285
236;1
237;189
238;260
239;134
240;234
241;149
242;202
243;228
244;220
245;208
246;176
247;260
248;79
249;235
250;-1
251;260
252;183
253;166
254;228
255;71
256;189
257;198
258;149
259;221
260;34
261;146
262;20
263;228
264;261
265;191
266;166
267;83
268;278
269;235
270;252
271;228
272;60
273;115
274;221
275;189
276;156
277;177
278;260
279;294
280;60
281;71
282;157
283;98
284;228
285;134
286;102
287;278
288;14
289;60
290;189
291;149
292;48
293;202
294;166
295;66
296;228
297;166
298;22
299;134
300;16
301;148
302;228
303;71
304;260
305;170
306;140
307;201
308;189
309;235
310;170
311;146
312;235
313;235
314;112
315;200
316;237
317;285
318;267
319;59
320;137
321;252
322;243
323;137
324;280
325;210
326;183
327;112
328;189
329;146
330;146
331;189
332;221
333;166
334;24
335;44
336;149
337;170
338;170
339;83
340;87
341;217
342;228
343;166
344;120
345;149
346;156
347;242
348;228
349;245
350;261
351;202
352;156
353;189
354;20
355;208
356;116
357;59
358;37
359;249
360;228
361;108
362;156
363;260
364;213
365;235
366;48
367;170
368;212
369;108
370;83
371;260
372;221
373;116
374;71
375;243
376;157
377;166
378;102
379;189
380;146
381;134
382;288
383;71
384;145
385;71
386;182
387;189
388;48
389;242
390;149
391;71
392;210
393;277
394;71
395;252
396;86
397;170
398;210
399;133
400;156
401;231
402;166
403;248
404;208
405;71
406;83
407;176
408;170
409;115
410;192
411;208
412;137
413;166
414;189
415;235
416;112
417;91
418;256
419;46
420;202
421;278
422;37
423;202
424;166
425;170
426;133
427;245
428;86
429;235
430;272
431;83
432;280
433;228
434;235
435;60
436;149
437;217
438;228
439;272
440;20
441;38
442;200
443;238
444;189
445;243
446;20
447;105
448;249
449;48
450;228
451;189
452;71
453;294
454;228
455;221
456;51
457;260
458;149
459;277
460;288
461;166
462;20
463;210
464;140
465;112
466;277
467;260
468;102
469;105
470;137
471;245
472;212
473;260
474;170
475;235
476;134
477;189
478;235
479;261
480;176
481;166
482;228
483;189
484;134
485;166
486;189
487;149
488;44
489;221
490;237
491;189
492;18
493;16
494;108
495;284
496;83
497;128
498;166
499;149
500;166
501;280
502;248
503;228
504;265
505;238
506;242
507;237
508;48
509;267
510;83
511;260
512;83
513;137
514;156
515;34
516;48
517;87
518;134
519;112
520;114
521;48
522;192
523;202
524;60
525;156
526;170
527;189
528;189
529;189
530;272
531;285
532;189
533;200
534;87
535;260
536;71
537;228
538;214
539;228
540;210
541;294
542;18
543;210
544;228
545;210
546;112
547;228
548;235
549;294
550;228
551;202
552;1
553;20
554;60
555;170
556;40
557;284
558;260
559;235
560;149
561;248
562;83
563;128
564;170
565;103
566;201
567;189
568;261
569;24
570;242
571;170
572;260
573;112
574;58
575;102
576;83
577;210
578;10
579;115
580;103
581;170
582;278
583;156
584;170
585;16
586;235
587;248
588;189
589;137
590;71
591;83
592;34
593;189
594;34
595;189
596;103
597;237
598;235
599;166
600;112
601;176
602;83
603;44
604;245
605;245
606;243
607;87
608;189
609;243
610;248
611;189
612;156
613;228
614;40
615;149
616;149
617;294
618;20
619;280
620;145
621;217
622;91
623;166
624;76
625;157
626;53
627;252
628;71
629;189
630;156
631;20
632;248
633;208
634;20
635;189
636;134
637;-1
638;48
639;189
640;170
641;280
642;146
643;192
644;1
645;189
646;115
647;210
648;200
649;266
650;170
651;254
652;71
653;248
654;76
655;228
656;86
657;128
658;156
659;44
660;76
661;228
662;221
663;189
664;284
665;228
666;71
667;248
668;83
669;166
670;208
671;189
672;226
673;214
674;182
675;177
676;156
677;149
678;272
679;149
680;87
681;170
682;280
683;235
684;245
685;228
686;235
687;20
688;108
689;214
690;245
691;286
692;159
693;156
694;156
695;245
696;294
697;210
698;22
699;166
700;149
701;166
702;166
703;166
704;71
705;149
706;134
707;112
708;285
709;20
710;137
711;133
712;112
713;260
714;44
715;105
716;71
717;182
718;170
719;237
720;166
721;166
722;183
723;83
724;228
725;280
726;170
727;235
728;242
729;59
730;166
731;166
732;170
733;140
734;260
735;46
736;148
737;24
738;228
739;48
740;112
741;133
742;243
743;137
744;44
745;217
746;208
747;114
748;208
749;183
750;228
751;245
752;214
753;170
754;228
755;86
756;44
757;83
758;14
759;260
760;86
761;133
762;160
763;83
764;228
765;156
766;189
767;235
768;287
769;266
770;170
771;24
772;170
773;189
774;213
775;249
776;66
777;191
778;260
779;86
780;226
781;20
782;228
783;248
784;189
785;210
786;170
787;166
788;260
789;149
790;126
791;166
792;83
793;189
794;34
795;245
796;235
797;91
798;66
799;252
800;260
801;149
802;133
803;149
804;221
805;156
806;83
807;294
808;189
809;116
810;176
811;237
812;20
813;284
814;149
815;40
816;198
817;80
818;137
819;294
820;14
821;166
822;134
823;102
824;149
825;156
826;260
827;245
828;91
829;200
830;48
831;160
832;228
833;294
834;191
835;267
836;62
837;149
838;159
839;235
840;98
841;166
842;189
843;102
844;137
845;294
846;166
847;134
848;166
849;83
850;134
851;235
852;243
853;166
854;228
855;166
856;189
857;189
858;242
859;134
860;87
861;166
862;166
863;146
864;245
865;133
866;149
867;265
868;66
869;170
870;189
871;237
872;18
873;284
874;226
875;177
876;235
877;156
878;189
879;60
880;166
881;87
882;261
883;189
884;8
885;202
886;200
887;260
888;112
889;159
890;156
891;87
892;156
893;156
894;170
895;228
896;170
897;272
898;66
899;83
900;71
901;245
902;1
903;280
904;112
905;134
906;149
907;1
908;81
909;11
910;87
911;245
912;228
913;126
914;189
915;112
916;210
917;189
918;235
919;228
920;170
921;217
922;58
923;146
924;149
925;189
926;108
927;294
928;156
929;189
930;260
931;149
932;40
933;83
934;189
935;228
936;242
937;83
938;145
939;235
940;189
941;133
942;83
943;166
944;228
945;14
946;166
947;285
948;149
949;260
950;189
951;87
952;263
953;235
954;149
955;66
956;137
957;34
958;149
959;137
960;160
961;14
962;134
963;245
964;189
965;192
966;66
967;228
968;166
969;237
970;102
971;48
972;221
973;48
974;166
975;182
976;114
977;108
978;146
979;294
980;220
981;189
982;189
983;279
984;189
985;189
986;48
987;235
988;248
989;44
990;170
991;134
992;221
993;156
994;285
995;38
996;220
997;96
998;260
999;243
1000;228
1001;87
1002;243
1003;245
1004;149
1005;156
1006;140
1007;208
1008;91
1009;235
1010;40
1011;228
1012;210
1013;221
1014;238
1015;96
1016;14
1017;83
1018;260
1019;280
1020;133
1021;7
1022;266
1023;166
1024;280
1025;48
1026;55
1027;149
1028;156
1029;245
1030;228
1031;16
1032;189
1033;149
1034;40
1035;60
1036;58
1037;140
1038;137
1039;260
1040;210
1041;137
1042;235
1043;210
1044;247
1045;265
1046;200
1047;260
1048;260
1049;83
1050;149
1051;166
1052;272
1053;170
1054;261
1055;189
1056;235
1057;220
1058;71
1059;198
1060;189
1061;280
1062;102
1063;44
1064;140
1065;202
1066;260
1067;166
1068;248
1069;260
1070;202
1071;183
1072;183
1073;137
1074;235
1075;134
1076;192
1077;284
1078;277
1079;200
1080;126
1081;149
1082;102
1083;231
1084;248
1085;235
1086;66
1087;242
1088;210
1089;261
1090;46
1091;217
1092;189
1093;252
1094;126
1095;245
1096;243
1097;146
1098;243
1099;245
1100;137
1101;55
1102;228
1103;182
1104;60
1105;189
1106;189
1107;87
1108;103
1109;248
1110;218
1111;245
1112;146
1113;149
1114;280
1115;176
1116;192
1117;149
1118;260
1119;83
1120;66
1121;20
1122;83
1123;170
1124;149
1125;294
1126;157
1127;166
1128;217
1129;112
1130;189
1131;272
1132;166
1133;166
1134;248
1135;192
1136;224
1137;285
1138;260
1139;148
1140;16
1141;149
1142;189
1143;105
1144;248
1145;235
1146;79
1147;228
1148;245
1149;189
1150;210
1151;170
1152;228
1153;11
1154;287
1155;245
1156;156
1157;280
1158;189
1159;261
1160;76
1161;166
1162;149
1163;166
1164;20
1165;160
1166;221
1167;7
1168;11
1169;170
1170;272
1171;71
1172;228
1173;66
1174;228
1175;126
1176;44
1177;243
1178;140
1179;86
1180;248
1181;159
1182;149
1183;66
1184;66
1185;166
1186;242
1187;260
1188;217
1189;55
1190;235
1191;44
1192;210
1193;128
1194;128
1195;189
1196;189
1197;228
1198;260
1199;166
1200;83
1201;145
1202;242
1203;242
1204;228
1205;87
1206;79
1207;192
1208;48
1209;166
1210;235
1211;170
1212;83
1213;202
1214;112
1215;128
1216;235
1217;166
1218;20
1219;189
1220;265
1221;44
1222;18
1223;166
1224;182
1225;51
1226;170
1227;228
1228;294
1229;228
1230;217
1231;8
1232;294
1233;252
1234;228
1235;266
1236;221
1237;228
1238;156
1239;166
1240;231
1241;34
1242;149
1243;252
1244;134
1245;156
1246;235
1247;228
1248;48
1249;189
1250;149
1251;115
1252;134
1253;149
1254;60
1255;189
1256;148
1257;71
1258;228
1259;170
1260;166
1261;166
1262;76
1263;189
1264;198
1265;213
1266;86
1267;134
1268;189
1269;252
1270;228
1271;252
1272;170
1273;112
1274;8
1275;146
1276;177
1277;221
1278;221
1279;226
1280;189
1281;210
1282;260
1283;192
1284;210
1285;245
1286;260
1287;170
1288;237
1289;260
1290;228
1291;40
1292;228
1293;159
1294;248
1295;210
1296;202
1297;234
1298;189
1299;149
1300;228
1301;280
1302;170
1303;37
1304;83
1305;48
1306;228
1307;182
1308;140
1309;286
1310;83
1311;285
1312;166
1313;108
1314;228
1315;224
1316;156
1317;44
1318;177
1319;20
1320;166
1321;157
1322;157
1323;245
1324;166
1325;102
1326;189
1327;53
1328;242
1329;248
1330;83
1331;189
1332;133
1333;202
1334;243
1335;243
1336;210
1337;202
1338;242
1339;228
1340;170
1341;60
1342;238
1343;210
1344;120
1345;44
1346;170
1347;170
1348;86
1349;294
1350;261
1351;177
1352;83
1353;245
1354;71
1355;20
1356;208
1357;189
1358;134
1359;166
1360;170
1361;267
1362;76
1363;145
1364;221
1365;170
1366;170
1367;145
1368;112
1369;112
1370;202
1371;189
1372;137
1373;228
1374;66
1375;157
1376;170
1377;210
1378;254
1379;166
1380;170
1381;235
1382;278
1383;149
1384;149
1385;235
1386;108
1387;280
1388;228
1389;220
1390;228
1391;38
1392;210
1393;137
1394;104
1395;166
1396;18
1397;71
1398;120
1399;234
1400;236
1401;71
1402;105
1403;34
1404;245
1405;228
1406;189
1407;202
1408;126
1409;189
1410;248
1411;166
1412;248
1413;189
1414;210
1415;189
1416;149
1417;260
1418;166
1419;248
1420;189
1421;248
1422;166
1423;226
1424;60
1425;245
1426;252
1427;235
1428;228
1429;116
1430;83
1431;166
1432;134
1433;265
1434;38
1435;245
1436;189
1437;156
1438;134
1439;221
1440;170
1441;102
1442;189
1443;202
1444;11
1445;228
1446;170
1447;166
1448;245
1449;137
1450;228
1451;220
1452;210
1453;149
1454;170
1455;237
1456;87
1457;228
1458;260
1459;83
1460;83
1461;160
1462;48
1463;286
1464;149
1465;10
1466;272
1467;166
1468;285
1469;260
1470;183
1471;192
1472;228
1473;228
1474;189
1475;189
1476;189
1477;183
1478;48
1479;112
1480;166
1481;166
1482;137
1483;170
1484;210
1485;228
1486;210
1487;166
1488;60
1489;60
1490;20
1491;86
1492;189
1493;243
1494;272
1495;189
1496;285
1497;285
1498;235
1499;261
1500;20
1501;210
1502;170
1503;260
1504;20
1505;83
1506;157
1507;202
1508;260
1509;228
1510;20
1511;183
1512;189
1513;160
1514;235
1515;228
1516;105
1517;166
1518;149
1519;137
1520;261
1521;71
1522;254
1523;256
1524;66
1525;189
1526;126
1527;71
1528;76
1529;145
1530;210
1531;14
1532;18
1533;228
1534;157
1535;170
1536;108
1537;166
1538;149
1539;208
1540;170
1541;208
1542;208
1543;44
1544;166
1545;157
1546;170
1547;103
1548;242
1549;156
1550;83
1551;189
1552;170
1553;140
1554;137
1555;20
1556;228
1557;149
1558;134
1559;170
1560;294
1561;213
1562;228
1563;217
1564;252
1565;228
1566;221
1567;237
1568;105
1569;248
1570;189
1571;235
1572;1
1573;91
1574;189
1575;-1
1576;248
1577;146
1578;210
1579;166
1580;83
1581;170
1582;237
1583;149
1584;235
1585;182
1586;146
1587;221
1588;228
1589;112
1590;210
1591;198
1592;254
1593;1
1594;228
1595;248
1596;242
1597;284
1598;46
1599;228
1600;228
1601;166
1602;209
1603;156
1604;288
1605;149
1606;250
1607;149
1608;285
1609;260
1610;210
1611;280
1612;170
1613;248
1614;149
1615;96
1616;166
1617;202
1618;189
1619;46
1620;112
1621;38
1622;242
1623;51
1624;91
1625;189
1626;284
1627;272
1628;228
1629;137
1630;170
1631;294
1632;71
1633;170
1634;260
1635;149
1636;157
1637;20
1638;235
1639;235
1640;208
1641;245
1642;235
1643;189
1644;248
1645;235
1646;252
1647;170
1648;177
1649;60
1650;235
1651;20
1652;145
1653;208
1654;44
1655;192
1656;260
1657;210
1658;202
1659;202
1660;166
1661;245
1662;242
1663;91
1664;166
1665;189
1666;71
1667;166
1668;260
1669;149
1670;166
1671;228
1672;104
1673;112
1674;170
1675;170
1676;189
1677;280
1678;245
1679;231
1680;237
1681;34
1682;20
1683;128
1684;83
1685;189
1686;170
1687;140
1688;137
1689;46
1690;228
1691;60
1692;202
1693;146
1694;71
1695;288
1696;149
1697;79
1698;237
1699;198
1700;14
1701;228
1702;48
1703;228
1704;166
1705;210
1706;102
1707;149
1708;294
1709;83
1710;156
1711;83
1712;86
1713;228
1714;58
1715;86
1716;189
1717;149
1718;102
1719;62
1720;170
1721;235
1722;189
1723;146
1724;218
1725;189
1726;213
1727;228
1728;115
1729;243
1730;166
1731;189
1732;129
1733;210
1734;210
1735;170
1736;189
1737;103
1738;236
1739;189
1740;189
1741;199
1742;91
1743;44
1744;71
1745;166
1746;20
1747;235
1748;134
1749;76
1750;221
1751;176
1752;189
1753;189
1754;260
1755;280
1756;260
1757;86
1758;279
1759;243
1760;213
1761;83
1762;228
1763;235
1764;183
1765;189
1766;20
1767;137
1768;114
1769;146
1770;228
1771;166
1772;166
1773;51
1774;30
1775;83
1776;145
1777;288
1778;62
1779;114
1780;102
1781;71
1782;192
1783;166
1784;265
1785;210
1786;20
1787;192
1788;213
1789;294
1790;149
1791;156
1792;134
1793;235
1794;189
1795;243
1796;245
1797;58
1798;87
1799;166
1800;156
1801;137
1802;228
1803;192
1804;149
1805;149
1806;166
1807;91
1808;134
1809;14
1810;285
1811;146
1812;228
1813;156
1814;208
1815;191
1816;210
1817;134
1818;285
1819;66
1820;59
1821;14
1822;277
1823;177
1824;189
1825;235
1826;71
1827;189
1828;170
1829;96
1830;199
1831;235
1832;134
1833;112
1834;71
1835;166
1836;200
1837;149
1838;71
1839;272
1840;208
1841;189
1842;24
1843;235
1844;210
1845;285
1846;228
1847;86
1848;238
1849;1
1850;213
1851;166
1852;243
1853;166
1854;254
1855;59
1856;134
1857;137
1858;280
1859;170
1860;48
1861;48
1862;91
1863;83
1864;260
1865;235
1866;166
1867;189
1868;170
1869;228
1870;221
1871;149
1872;228
1873;170
1874;48
1875;87
1876;156
1877;102
1878;200
1879;294
1880;145
1881;62
1882;133
1883;134
1884;87
1885;48
1886;189
1887;248
1888;156
1889;228
1890;218
1891;242
1892;260
1893;60
1894;208
1895;260
1896;134
1897;293
1898;14
1899;156
1900;208
1901;218
1902;149
1903;285
1904;192
1905;252
1906;103
1907;228
1908;1
1909;242
1910;170
1911;260
1912;137
1913;177
1914;260
1915;58
1916;265
1917;20
1918;145
1919;170
1920;245
1921;114
1922;217
1923;260
1924;189
1925;37
1926;145
1927;166
1928;228
1929;71
1930;114
1931;71
1932;146
1933;108
1934;234
1935;198
1936;245
1937;87
1938;170
1939;189
1940;228
1941;235
1942;170
1943;228
1944;260
1945;96
1946;260
1947;210
1948;137
1949;134
1950;245
1951;228
1952;252
1953;21
1954;189
1955;48
1956;266
1957;242
1958;231
1959;261
1960;238
1961;83
1962;96
1963;86
1964;170
1965;133
1966;38
1967;166
1968;189
1969;294
1970;102
1971;126
1972;156
1973;235
1974;71
1975;149
1976;228
1977;285
1978;248
1979;294
1980;16
1981;218
1982;260
1983;140
1984;24
1985;60
1986;220
1987;260
1988;170
1989;139
1990;146
1991;166
1992;210
1993;102
1994;265
1995;86
1996;11
1997;91
1998;189
1999;260
2000;156
2001;234
2002;189
2003;189
2004;137
2005;228
2006;34
2007;166
2008;76
2009;284
2010;71
2011;198
2012;166
2013;166
2014;170
2015;210
2016;79
2017;189
2018;160
2019;83
2020;20
2021;145
2022;277
2023;252
2024;237
2025;285
2026;245
2027;120
2028;254
2029;177
2030;294
2031;243
2032;134
2033;156
2034;108
2035;189
2036;228
2037;170
2038;44
2039;189
2040;103
2041;189
2042;236
2043;245
2044;156
2045;40
2046;228
2047;284
2048;237
2049;260
2050;83
2051;243
2052;83
2053;133
2054;137
2055;48
2056;202
2057;189
2058;166
2059;242
2060;200
2061;176
2062;248
2063;140
2064;48
2065;189
2066;112
2067;210
2068;-1
2069;242
2070;210
2071;91
2072;260
2073;243
2074;166
2075;260
2076;60
2077;83
2078;149
2079;272
2080;55
2081;272
2082;202
2083;170
2084;254
2085;260
2086;114
2087;20
2088;228
2089;228
2090;66
2091;231
2092;156
2093;83
2094;210
2095;87
2096;243
2097;149
2098;71
2099;102
2100;112
2101;83
2102;198
2103;208
2104;166
2105;294
2106;228
2107;71
2108;237
2109;134
2110;260
2111;208
2112;260
2113;146
2114;71
2115;134
2116;254
2117;157
2118;228
2119;170
2120;166
2121;115
2122;-1
2123;86
2124;248
2125;134
2126;20
2127;202
2128;137
2129;103
2130;242
2131;170
2132;250
2133;202
2134;242
2135;133
2136;202
2137;149
2138;248
2139;83
2140;189
2141;170
2142;149
2143;38
2144;157
2145;112
2146;248
2147;228
2148;20
2149;189
2150;260
2151;166
2152;228
2153;252
2154;248
2155;231
2156;208
2157;166
2158;44
2159;34
2160;166
2161;124
2162;228
2163;76
2164;48
2165;217
2166;294
2167;288
2168;189
2169;182
2170;198
2171;182
2172;210
2173;83
2174;170
2175;156
2176;280
2177;242
2178;170
2179;149
2180;60
2181;166
2182;221
2183;228
2184;228
2185;228
2186;160
2187;285
2188;189
2189;200
2190;237
2191;228
2192;148
2193;86
2194;156
2195;237
2196;231
2197;217
2198;7
2199;105
2200;189
2201;60
2202;20
2203;278
2204;149
2205;86
2206;134
2207;1
2208;157
2209;24
2210;192
2211;235
2212;146
2213;170
2214;189
2215;213
2216;202
2217;170
2218;10
2219;86
2220;182
2221;221
2222;189
2223;210
2224;149
2225;260
2226;170
2227;11
2228;260
2229;231
2230;108
2231;22
2232;202
2233;166
2234;59
2235;159
2236;228
2237;248
2238;103
2239;20
2240;210
2241;71
2242;228
2243;11
2244;149
2245;166
2246;235
2247;66
2248;170
2249;166
2250;280
2251;228
2252;103
2253;18
2254;71
2255;242
2256;189
2257;108
2258;137
2259;166
2260;235
2261;242
2262;83
2263;200
2264;20
2265;166
2266;245
2267;189
2268;245
2269;166
2270;170
2271;83
2272;189
2273;133
2274;133
2275;83
2276;145
2277;294
2278;254
2279;149
2280;252
2281;58
2282;279
2283;254
2284;228
2285;260
2286;60
2287;263
2288;115
2289;170
2290;145
2291;260
2292;189
2293;189
2294;248
2295;294
2296;166
2297;140
2298;86
2299;202
2300;44
2301;146
2302;192
2303;87
2304;83
2305;170
2306;243
2307;129
2308;76
2309;128
2310;189
2311;76
2312;294
2313;170
2314;112
2315;-1
2316;44
2317;112
2318;128
2319;254
2320;278
2321;236
2322;228
2323;228
2324;202
2325;166
2326;7
2327;44
2328;149
2329;272
2330;149
2331;278
2332;149
2333;156
2334;260
2335;183
2336;287
2337;149
2338;44
2339;166
2340;213
2341;260
2342;62
2343;189
2344;234
2345;87
2346;200
2347;210
2348;260
2349;226
2350;200
2351;149
2352;260
2353;189
2354;228
2355;166
2356;20
2357;235
2358;260
2359;235
2360;14
2361;189
2362;294
2363;248
2364;105
2365;83
2366;48
2367;44
2368;217
2369;134
2370;156
2371;115
2372;8
2373;294
2374;115
2375;156
2376;189
2377;235
2378;71
2379;149
2380;48
2381;134
2382;91
2383;137
2384;166
2385;-1
2386;189
2387;192
2388;189
2389;170
2390;166
2391;209
2392;170
2393;83
2394;166
2395;228
2396;166
2397;160
2398;105
2399;66
2400;83
2401;112
2402;234
2403;156
2404;285
2405;285
2406;177
2407;183
2408;210
2409;98
2410;228
2411;112
2412;280
2413;86
2414;79
2415;166
2416;7
2417;16
2418;170
2419;71
2420;149
2421;267
2422;129
2423;228
2424;260
2425;242
2426;166
2427;60
2428;202
2429;18
2430;34
2431;189
2432;86
2433;36
2434;189
2435;183
2436;166
2437;217
2438;166
2439;166
2440;254
2441;177
2442;66
2443;235
2444;18
2445;48
2446;260
2447;235
2448;44
2449;170
2450;285
2451;83
2452;280
2453;83
2454;189
2455;112
2456;170
2457;189
2458;166
2459;189
2460;228
2461;238
2462;71
2463;210
2464;228
2465;87
2466;294
2467;183
2468;235
2469;202
2470;105
2471;228
2472;59
2473;96
2474;91
2475;1
2476;166
2477;81
2478;294
2479;267
2480;1
2481;102
2482;212
2483;189
2484;145
2485;293
2486;166
2487;294
2488;166
2489;14
2490;260
2491;18
2492;285
2493;79
2494;170
2495;277
2496;208
2497;160
2498;103
2499;235
2500;242
2501;189
2502;133
2503;1
2504;83
2505;177
2506;243
2507;98
2508;149
2509;86
2510;189
2511;160
2512;73
2513;156
2514;34
2515;156
2516;210
2517;183
2518;71
2519;280
2520;202
2521;177
2522;58
2523;46
2524;284
2525;1
2526;189
2527;294
2528;149
2529;285
2530;156
2531;71
2532;210
2533;166
2534;170
2535;228
2536;71
2537;228
2538;86
2539;198
2540;59
2541;189
2542;220
2543;284
2544;210
2545;254
2546;34
2547;149
2548;210
2549;134
2550;202
2551;210
2552;252
2553;60
2554;160
2555;149
2556;224
2557;235
2558;156
2559;277
2560;84
2561;102
2562;200
2563;146
2564;108
2565;235
2566;235
2567;149
2568;157
2569;228
2570;137
2571;156
2572;44
2573;243
2574;252
2575;83
2576;235
2577;1
2578;221
2579;48
2580;285
2581;243
2582;81
2583;170
2584;48
2585;48
2586;228
2587;-1
2588;189
2589;102
2590;72
2591;134
2592;192
2593;71
2594;189
2595;81
2596;14
2597;260
2598;272
2599;228
2600;149
2601;156
2602;210
2603;226
2604;170
2605;79
2606;134
2607;83
2608;14
2609;201
2610;189
2611;149
2612;280
2613;166
2614;220
2615;115
2616;40
2617;221
2618;129
2619;189
2620;137
2621;46
2622;80
2623;140
2624;71
2625;86
2626;112
2627;81
2628;252
2629;102
2630;288
2631;96
2632;235
2633;221
2634;228
2635;248
2636;7
2637;189
2638;166
2639;189
2640;86
2641;170
2642;83
2643;265
2644;189
2645;149
2646;192
2647;294
2648;83
2649;60
2650;294
2651;166
2652;228
2653;176
2654;228
2655;58
2656;201
2657;202
2658;238
2659;91
2660;48
2661;7
2662;149
2663;38
2664;83
2665;218
2666;134
2667;243
2668;189
2669;79
2670;20
2671;294
2672;228
2673;210
2674;156
2675;166
2676;235
2677;245
2678;-1
2679;166
2680;224
2681;60
2682;146
2683;103
2684;192
2685;156
2686;103
2687;284
2688;60
2689;252
2690;24
2691;217
2692;202
2693;156
2694;46
2695;210
2696;252
2697;137
2698;96
2699;235
2700;170
2701;156
2702;166
2703;260
2704;208
2705;1
2706;166
2707;20
2708;226
2709;86
2710;228
2711;60
2712;44
2713;189
2714;284
2715;221
2716;86
2717;66
2718;189
2719;183
2720;170
2721;100
2722;199
2723;83
2724;149
2725;156
2726;260
2727;149
2728;189
2729;116
2730;83
2731;126
2732;58
2733;159
2734;192
2735;166
2736;149
2737;71
2738;7
2739;260
2740;228
2741;140
2742;146
2743;134
2744;278
2745;278
2746;294
2747;134
2748;134
2749;102
2750;20
2751;210
2752;115
2753;288
2754;208
2755;278
2756;245
2757;55
2758;242
2759;210
2760;166
2761;134
2762;263
2763;228
2764;170
2765;254
2766;149
2767;134
2768;156
2769;202
2770;210
2771;189
2772;170
2773;235
2774;176
2775;210
2776;14
2777;166
2778;20
2779;192
2780;277
2781;170
2782;48
2783;252
2784;166
2785;235
2786;157
2787;189
2788;170
2789;293
2790;189
2791;235
2792;224
2793;133
2794;34
2795;189
2796;149
2797;170
2798;166
2799;176
2800;83
2801;183
2802;71
2803;59
2804;83
2805;166
2806;20
2807;242
2808;228
2809;210
2810;238
2811;48
2812;243
2813;285
2814;97
2815;254
2816;18
2817;137
2818;36
2819;210
2820;210
2821;278
2822;235
2823;189
2824;247
2825;189
2826;210
2827;189
2828;157
2829;83
2830;170
2831;199
2832;20
2833;133
2834;83
2835;221
2836;16
2837;200
2838;228
2839;133
2840;87
2841;102
2842;166
2843;102
2844;166
2845;66
2846;294
2847;156
2848;220
2849;218
2850;170
2851;235
2852;62
2853;189
2854;218
2855;280
2856;59
2857;242
2858;149
2859;102
2860;192
2861;71
2862;66
2863;210
2864;213
2865;235
2866;267
2867;192
2868;134
2869;202
2870;149
2871;18
2872;149
2873;260
2874;242
2875;252
2876;133
2877;189
2878;134
2879;120
2880;210
2881;242
2882;108
2883;189
2884;261
2885;261
2886;189
2887;265
2888;248
2889;189
2890;261
2891;114
2892;166
2893;129
2894;214
2895;24
2896;176
2897;191
2898;87
2899;260
2900;38
2901;189
2902;245
2903;71
2904;228
2905;149
2906;189
2907;189
2908;83
2909;189
2910;213
2911;248
2912;48
2913;266
2914;189
2915;284
2916;228
2917;48
2918;60
2919;228
2920;20
2921;166
2922;134
2923;210
2924;228
2925;157
2926;108
2927;260
2928;170
2929;221
2930;140
2931;213
2932;149
2933;218
2934;10
2935;260
2936;170
2937;146
2938;214
2939;14
2940;277
2941;71
2942;170
2943;71
2944;260
2945;278
2946;149
2947;134
2948;189
2949;166
2950;71
2951;51
2952;260
2953;260
2954;166
2955;139
2956;248
2957;252
2958;71
2959;235
2960;156
2961;243
2962;120
2963;44
2964;208
2965;226
2966;60
2967;189
2968;149
2969;170
2970;20
2971;166
2972;235
2973;245
2974;217
2975;245
2976;256
2977;137
2978;189
2979;166
2980;87
2981;91
2982;44
2983;137
2984;265
2985;156
2986;228
2987;44
2988;102
2989;128
2990;146
2991;83
2992;170
2993;166
2994;201
2995;235
2996;18
2997;277
2998;183
2999;40
3000;166
3001;189
3002;116
3003;228
3004;166
3005;220
3006;189
3007;248
3008;149
3009;272
3010;210
3011;166
3012;235
3013;164
3014;126
3015;149
3016;294
3017;71
3018;242
3019;160
3020;83
3021;20
3022;71
3023;201
3024;226
3025;189
3026;260
3027;228
3028;201
3029;40
3030;189
3031;126
3032;79
3033;260
3034;261
3035;112
3036;105
3037;156
3038;166
3039;134
3040;210
3041;214
3042;149
3043;83
3044;83
3045;71
3046;149
3047;189
3048;201
3049;1
3050;176
3051;189
3052;86
3053;137
3054;228
3055;71
3056;58
3057;202
3058;59
3059;189
3060;170
3061;18
3062;87
3063;146
3064;156
3065;235
3066;83
3067;44
3068;112
3069;280
3070;228
3071;272
3072;192
3073;170
3074;254
3075;149
3076;238
3077;242
3078;243
3079;245
3080;166
3081;59
3082;145
3083;71
3084;170
3085;149
3086;245
3087;242
3088;189
3089;256
3090;228
3091;128
3092;170
3093;170
3094;210
3095;149
3096;189
3097;189
3098;202
3099;183
3100;189
3101;284
3102;260
3103;145
3104;156
3105;58
3106;243
3107;166
3108;134
3109;228
3110;83
3111;157
3112;166
3113;91
3114;176
3115;228
3116;210
3117;126
3118;260
3119;86
3120;40
3121;242
3122;189
3123;221
3124;191
3125;10
3126;133
3127;134
3128;137
3129;149
3130;146
3131;245
3132;189
3133;149
3134;278
3135;40
3136;272
3137;44
3138;58
3139;208
3140;288
3141;166
3142;166
3143;44
3144;137
3145;34
3146;1
3147;217
3148;166
3149;189
3150;170
3151;71
3152;71
3153;71
3154;166
3155;189
3156;146
3157;252
3158;170
3159;287
3160;116
3161;237
3162;284
3163;260
3164;242
3165;243
3166;189
3167;87
3168;102
3169;149
3170;189
3171;228
3172;160
3173;235
3174;76
3175;200
3176;170
3177;266
3178;79
3179;210
3180;189
3181;83
3182;235
3183;228
3184;20
3185;177
3186;202
3187;149
3188;46
3189;235
3190;260
3191;76
3192;83
3193;192
3194;261
3195;48
3196;260
3197;228
3198;235
3199;71
3200;226
3201;260
3202;166
3203;86
3204;228
3205;235
3206;-1
3207;48
3208;228
3209;231
3210;252
3211;189
3212;14
3213;214
3214;260
3215;250
3216;189
3217;220
3218;242
3219;149
3220;235
3221;115
3222;102
3223;210
3224;221
3225;284
3226;166
3227;149
3228;235
3229;192
3230;81
3231;58
3232;228
3233;254
3234;280
3235;149
3236;200
3237;145
3238;235
3239;86
3240;248
3241;115
3242;112
3243;285
3244;60
3245;91
3246;134
3247;192
3248;192
3249;202
3250;166
3251;86
3252;235
3253;44
3254;48
3255;294
3256;192
3257;20
3258;170
3259;189
3260;170
3261;71
3262;217
3263;83
3264;128
3265;7
3266;189
3267;76
3268;228
3269;245
3270;86
3271;260
3272;66
3273;166
3274;200
3275;156
3276;156
3277;40
3278;278
3279;192
3280;145
3281;231
3282;71
3283;83
3284;112
3285;7
3286;189
3287;170
3288;24
3289;272
3290;228
3291;242
3292;149
3293;149
3294;156
3295;60
3296;189
3297;156
3298;170
3299;71
3300;166
3301;44
3302;62
3303;115
3304;103
3305;278
3306;235
3307;217
3308;44
3309;200
3310;280
3311;235
3312;209
3313;189
3314;86
3315;170
3316;71
3317;285
3318;166
3319;235
3320;191
3321;120
3322;20
3323;226
3324;86
3325;189
3326;24
3327;44
3328;48
3329;210
3330;191
3331;189
3332;156
3333;221
3334;166
3335;242
3336;248
3337;71
3338;53
3339;228
3340;149
3341;112
3342;170
3343;235
3344;71
3345;189
3346;87
3347;248
3348;166
3349;250
3350;166
3351;245
3352;224
3353;189
3354;140
3355;71
3356;189
3357;277
3358;280
3359;166
3360;235
3361;248
3362;149
3363;166
3364;209
3365;170
3366;234
3367;71
3368;260
3369;221
3370;166
3371;192
3372;224
3373;120
3374;149
3375;192
3376;192
3377;71
3378;115
3379;192
3380;170
3381;280
3382;189
3383;252
3384;284
3385;38
3386;24
3387;202
3388;44
3389;149
3390;260
3391;16
3392;66
3393;280
3394;102
3395;260
3396;160
3397;235
3398;294
3399;202
3400;189
3401;18
3402;221
3403;149
3404;189
3405;183
3406;60
3407;208
3408;260
3409;140
3410;228
3411;48
3412;189
3413;83
3414;170
3415;140
3416;228
3417;71
3418;166
3419;210
3420;189
3421;170
3422;266
3423;189
3424;170
3425;235
3426;44
3427;235
3428;149
3429;98
3430;160
3431;46
3432;252
3433;103
3434;149
3435;235
3436;183
3437;294
3438;66
3439;112
3440;189
3441;114
3442;108
3443;252
3444;71
3445;166
3446;8
3447;228
3448;102
3449;140
3450;189
3451;48
3452;166
3453;156
3454;166
3455;149
3456;189
3457;20
3458;51
3459;166
3460;226
3461;166
3462;160
3463;37
3464;260
3465;87
3466;250
3467;280
3468;250
3469;183
3470;20
3471;243
3472;149
3473;285
3474;44
3475;149
3476;260
3477;66
3478;59
3479;260
3480;277
3481;156
3482;66
3483;160
3484;189
3485;176
3486;83
3487;191
3488;238
3489;156
3490;71
3491;189
3492;146
3493;156
3494;192
3495;108
3496;1
3497;71
3498;86
3499;170
3500;242
3501;146
3502;228
3503;115
3504;242
3505;156
3506;217
3507;248
3508;44
3509;170
3510;48
3511;210
3512;235
3513;170
3514;166
3515;189
3516;156
3517;252
3518;189
3519;40
3520;83
3521;201
3522;149
3523;166
3524;134
3525;287
3526;235
3527;14
3528;46
3529;38
3530;170
3531;166
3532;170
3533;66
3534;18
3535;170
3536;260
3537;217
3538;102
3539;260
3540;260
3541;134
3542;280
3543;245
3544;149
3545;38
3546;44
3547;201
3548;235
3549;14
3550;140
3551;286
3552;48
3553;228
3554;235
3555;149
3556;160
3557;278
3558;248
3559;87
3560;166
3561;112
3562;105
3563;243
3564;44
3565;189
3566;170
3567;278
3568;159
3569;210
3570;210
3571;104
3572;252
3573;156
3574;-1
3575;189
3576;87
3577;228
3578;134
3579;260
3580;149
3581;242
3582;293
3583;235
3584;277
3585;182
3586;40
3587;189
3588;189
3589;294
3590;149
3591;242
3592;83
3593;58
3594;71
3595;280
3596;134
3597;231
3598;260
3599;60
3600;170
3601;166
3602;134
3603;166
3604;83
3605;20
3606;83
3607;86
3608;177
3609;228
3610;55
3611;71
3612;166
3613;235
3614;235
3615;114
3616;133
3617;134
3618;189
3619;40
3620;261
3621;189
3622;86
3623;183
3624;189
3625;235
3626;48
3627;228
3628;11
3629;87
3630;243
3631;149
3632;102
3633;149
3634;137
3635;46
3636;76
3637;87
3638;189
3639;245
3640;189
3641;83
3642;189
3643;133
3644;76
3645;202
3646;71
3647;137
3648;202
3649;87
3650;189
3651;245
3652;294
3653;235
3654;192
3655;140
3656;235
3657;183
3658;177
3659;210
3660;170
3661;48
3662;235
3663;234
3664;166
3665;166
3666;237
3667;166
3668;228
3669;170
3670;221
3671;97
3672;11
3673;59
3674;160
3675;210
3676;252
3677;112
3678;235
3679;189
3680;170
3681;140
3682;189
3683;284
3684;280
3685;169
3686;277
3687;166
3688;116
3689;265
3690;198
3691;83
3692;192
3693;166
3694;149
3695;37
3696;58
3697;235
3698;157
3699;202
3700;235
3701;189
3702;183
3703;20
3704;156
3705;198
3706;189
3707;44
3708;16
3709;242
3710;166
3711;226
3712;235
3713;7
3714;71
3715;189
3716;20
3717;235
3718;200
3719;277
3720;149
3721;170
3722;210
3723;202
3724;235
3725;210
3726;103
3727;44
3728;44
3729;149
3730;260
3731;228
3732;278
3733;134
3734;243
3735;217
3736;60
3737;71
3738;145
3739;55
3740;40
3741;242
3742;71
3743;235
3744;228
3745;235
3746;170
3747;236
3748;148
3749;280
3750;248
3751;71
3752;208
3753;137
3754;145
3755;265
3756;105
3757;260
3758;242
3759;201
3760;166
3761;166
3762;170
3763;189
3764;114
3765;60
3766;235
3767;228
3768;149
3769;105
3770;83
3771;183
3772;116
3773;166
3774;112
3775;202
3776;166
3777;170
3778;242
3779;86
3780;218
3781;166
3782;248
3783;260
3784;189
3785;137
3786;202
3787;189
3788;166
3789;280
3790;228
3791;214
3792;192
3793;272
3794;192
3795;14
3796;156
3797;210
3798;189
3799;157
3800;263
3801;260
3802;170
3803;137
3804;277
3805;189
3806;210
3807;228
3808;1
3809;156
3810;278
3811;248
3812;166
3813;145
3814;156
3815;237
3816;192
3817;217
3818;235
3819;220
3820;60
3821;166
3822;189
3823;62
3824;189
3825;189
3826;242
3827;157
3828;112
3829;166
3830;192
3831;112
3832;166
3833;234
3834;228
3835;256
3836;189
3837;156
3838;66
3839;272
3840;202
3841;210
3842;156
3843;20
3844;60
3845;170
3846;8
3847;265
3848;248
3849;208
3850;189
3851;189
3852;214
3853;208
3854;71
3855;231
3856;245
3857;116
3858;46
3859;189
3860;71
3861;108
3862;243
3863;149
3864;189
3865;177
3866;170
3867;149
3868;189
3869;60
3870;156
3871;242
3872;83
3873;228
3874;133
3875;134
3876;278
3877;71
3878;134
3879;192
3880;48
3881;252
3882;200
3883;228
3884;228
3885;237
3886;11
3887;149
3888;10
3889;285
3890;189
3891;170
3892;156
3893;214
3894;192
3895;71
3896;166
3897;189
3898;149
3899;34
3900;266
3901;156
3902;76
3903;183
3904;272
3905;48
3906;212
3907;156
3908;156
3909;24
3910;170
3911;98
3912;170
3913;60
3914;202
3915;83
3916;170
3917;48
3918;189
3919;166
3920;149
3921;235
3922;156
3923;221
3924;166
3925;166
3926;18
3927;208
3928;284
3929;191
3930;134
3931;260
3932;166
3933;201
3934;189
3935;189
3936;156
3937;235
3938;210
3939;170
3940;189
3941;124
3942;189
3943;177
3944;228
3945;137
3946;250
3947;166
3948;104
3949;248
3950;252
3951;248
3952;149
3953;120
3954;189
3955;164
3956;149
3957;235
3958;280
3959;170
3960;140
3961;286
3962;260
3963;116
3964;248
3965;166
3966;189
3967;10
3968;156
3969;7
3970;280
3971;202
3972;166
3973;235
3974;286
3975;149
3976;66
3977;266
3978;242
3979;145
3980;192
3981;149
3982;288
3983;44
3984;83
3985;201
3986;288
3987;137
3988;116
3989;170
3990;71
3991;58
3992;242
3993;83
3994;189
3995;48
3996;149
3997;157
3998;228
3999;254
4000;170
4001;83
4002;278
4003;261
4004;1
4005;224
4006;112
4007;189
4008;170
4009;228
4010;213
4011;220
4012;140
4013;228
4014;149
4015;237
4016;48
4017;235
4018;149
4019;59
4020;71
4021;166
4022;44
4023;248
4024;133
4025;83
4026;272
4027;260
4028;166
4029;210
4030;260
4031;20
4032;201
4033;46
4034;248
4035;83
4036;210
4037;189
4038;228
4039;192
4040;183
4041;137
4042;235
4043;189
4044;260
4045;243
4046;91
4047;98
4048;284
4049;166
4050;260
4051;189
4052;102
4053;228
4054;71
4055;221
4056;226
4057;134
4058;103
4059;213
4060;280
4061;189
4062;58
4063;245
4064;146
4065;149
4066;108
4067;129
4068;279
4069;261
4070;210
4071;44
4072;20
4073;83
4074;76
4075;228
4076;133
4077;137
4078;245
4079;166
4080;149
4081;79
4082;34
4083;24
4084;189
4085;294
4086;228
4087;279
4088;112
4089;134
4090;260
4091;294
4092;183
4093;235
4094;267
4095;149
4096;7
4097;86
4098;166
4099;210
4100;272
4101;235
4102;71
4103;145
4104;235
4105;243
4106;66
4107;235
4108;108
4109;294
4110;60
4111;217
4112;86
4113;134
4114;260
4115;189
4116;248
4117;221
4118;228
4119;103
4120;252
4121;103
4122;48
4123;22
4124;46
4125;34
4126;252
4127;287
4128;261
4129;285
4130;210
4131;260
4132;228
4133;235
4134;71
4135;20
4136;220
4137;208
4138;242
4139;228
4140;105
4141;79
4142;260
4143;71
4144;210
4145;8
4146;105
4147;71
4148;245
4149;201
4150;170
4151;112
4152;133
4153;202
4154;170
4155;140
4156;248
4157;237
4158;242
4159;210
4160;20
4161;18
4162;189
4163;228
4164;157
4165;133
4166;134
4167;261
4168;213
4169;166
4170;157
4171;248
4172;242
4173;166
4174;293
4175;114
4176;235
4177;170
4178;149
4179;260
4180;145
4181;189
4182;235
4183;284
4184;260
4185;189
4186;149
4187;208
4188;228
4189;284
4190;252
4191;170
4192;278
4193;280
4194;149
4195;228
4196;260
4197;102
4198;235
4199;149
4200;189
4201;210
4202;166
4203;221
4204;252
4205;189
4206;20
4207;279
4208;248
4209;248
4210;170
4211;285
4212;166
4213;228
4214;248
4215;51
4216;60
4217;166
4218;279
4219;284
4220;189
4221;91
4222;76
4223;170
4224;221
4225;166
4226;210
4227;285
4228;71
4229;208
4230;137
4231;160
4232;40
4233;170
4234;149
4235;248
4236;238
4237;108
4238;235
4239;170
4240;156
4241;44
4242;62
4243;202
4244;112
4245;248
4246;189
4247;37
4248;108
4249;294
4250;210
4251;260
4252;183
4253;189
4254;252
4255;278
4256;231
4257;189
4258;228
4259;210
4260;252
4261;189
4262;71
4263;228
4264;-1
4265;128
4266;170
4267;210
4268;189
4269;156
4270;231
4271;208
4272;140
4273;212
4274;280
4275;170
4276;137
4277;192
4278;149
4279;62
4280;112
4281;53
4282;260
4283;242
4284;170
4285;294
4286;189
4287;245
4288;170
4289;210
4290;192
4291;166
4292;189
4293;220
4294;71
4295;208
4296;149
4297;208
4298;293
4299;83
4300;202
4301;236
4302;221
4303;20
4304;183
4305;224
4306;146
4307;48
4308;192
4309;51
4310;134
4311;235
4312;228
4313;134
4314;189
4315;189
4316;228
4317;96
4318;156
4319;149
4320;149
4321;228
4322;228
4323;7
4324;137
4325;189
4326;134
4327;280
4328;146
4329;1
4330;228
4331;285
4332;278
4333;83
4334;261
4335;160
4336;228
4337;228
4338;245
4339;108
4340;218
4341;189
4342;177
4343;83
4344;112
4345;133
4346;285
4347;280
4348;149
4349;235
4350;208
4351;149
4352;261
4353;83
4354;235
4355;149
4356;140
4357;156
4358;134
4359;189
4360;170
4361;133
4362;149
4363;280
4364;71
4365;112
4366;166
4367;242
4368;105
4369;14
4370;46
4371;245
4372;189
4373;192
4374;133
4375;238
4376;260
4377;60
4378;166
4379;8
4380;86
4381;102
4382;210
4383;189
4384;108
4385;189
4386;71
4387;285
4388;149
4389;114
4390;48
4391;189
4392;133
4393;189
4394;114
4395;112
4396;134
4397;214
4398;156
4399;166
4400;62
4401;189
4402;176
4403;149
4404;250
4405;208
4406;112
4407;145
4408;170
4409;208
4410;120
4411;87
4412;192
4413;280
4414;134
4415;145
4416;134
4417;260
4418;280
4419;112
4420;213
4421;202
4422;260
4423;44
4424;221
4425;277
4426;189
4427;228
4428;245
4429;120
4430;170
4431;245
4432;234
4433;189
4434;210
4435;277
4436;96
4437;252
4438;228
4439;252
4440;66
4441;149
4442;87
4443;166
4444;129
4445;156
4446;170
4447;242
4448;87
4449;189
4450;166
4451;76
4452;38
4453;112
4454;228
4455;245
4456;210
4457;284
4458;71
4459;235
4460;265
4461;20
4462;189
4463;115
4464;18
4465;261
4466;235
4467;238
4468;210
4469;221
4470;149
4471;261
4472;86
4473;149
4474;170
4475;260
4476;1
4477;149
4478;260
4479;285
4480;265
4481;189
4482;260
4483;137
4484;83
4485;235
4486;260
4487;83
4488;20
4489;149
4490;189
4491;272
4492;145
4493;112
4494;128
4495;145
4496;198
4497;8
4498;66
4499;260
4500;166
4501;245
4502;114
4503;248
4504;189
4505;189
4506;243
4507;137
4508;156
4509;218
4510;170
4511;228
4512;248
4513;248
4514;103
4515;1
4516;189
4517;102
4518;285
4519;235
4520;228
4521;160
4522;189
4523;83
4524;156
4525;260
4526;66
4527;170
4528;44
4529;10
4530;177
4531;248
4532;210
4533;170
4534;114
4535;294
4536;218
4537;202
4538;261
4539;285
4540;76
4541;265
4542;249
4543;83
4544;228
4545;208
4546;148
4547;149
4548;160
4549;189
4550;252
4551;286
4552;86
4553;248
4554;189
4555;76
4556;115
4557;228
4558;87
4559;245
4560;71
4561;189
4562;260
4563;170
4564;245
4565;166
4566;202
4567;192
4568;156
4569;252
4570;235
4571;149
4572;189
4573;260
4574;208
4575;83
4576;102
4577;200
4578;170
4579;237
4580;60
4581;156
4582;243
4583;189
4584;166
4585;166
4586;112
4587;189
4588;134
4589;137
4590;228
4591;134
4592;156
4593;210
4594;228
4595;166
4596;213
4597;11
4598;44
4599;189
4600;294
4601;248
4602;228
4603;252
4604;7
4605;140
4606;224
4607;284
4608;134
4609;189
4610;278
4611;265
4612;166
4613;260
4614;285
4615;224
4616;237
4617;248
4618;7
4619;189
4620;126
4621;242
4622;189
4623;134
4624;260
4625;58
4626;201
4627;210
4628;198
4629;60
4630;166
4631;210
4632;228
4633;115
4634;248
4635;20
4636;71
4637;7
4638;-1
4639;170
4640;133
4641;200
4642;102
4643;245
4644;20
4645;105
4646;242
4647;235
4648;294
4649;18
4650;235
4651;189
4652;294
4653;128
4654;294
4655;149
4656;40
4657;221
4658;250
4659;210
4660;149
4661;228
4662;91
4663;235
4664;194
4665;228
4666;235
4667;236
4668;-1
4669;166
4670;228
4671;149
4672;260
4673;235
4674;192
4675;200
4676;228
4677;245
4678;126
4679;60
4680;66
4681;235
4682;112
4683;145
4684;202
4685;294
4686;260
4687;189
4688;189
4689;166
4690;189
4691;114
4692;245
4693;284
4694;228
4695;149
4696;103
4697;137
4698;266
4699;260
4700;242
4701;228
4702;44
4703;53
4704;202
4705;124
4706;170
4707;170
4708;294
4709;159
4710;160
4711;189
4712;272
4713;245
4714;160
4715;235
4716;189
4717;277
4718;294
4719;294
4720;166
4721;170
4722;48
4723;71
4724;242
4725;210
4726;44
4727;71
4728;44
4729;59
4730;20
4731;277
4732;191
4733;156
4734;149
4735;34
4736;260
4737;228
4738;60
4739;170
4740;198
4741;134
4742;44
4743;83
4744;294
4745;285
4746;278
4747;149
4748;235
4749;112
4750;294
4751;284
4752;210
4753;146
4754;71
4755;40
4756;48
4757;228
4758;189
4759;228
4760;59
4761;170
4762;231
4763;228
4764;83
4765;260
4766;249
4767;221
4768;235
4769;248
4770;149
4771;245
4772;102
4773;210
4774;260
4775;250
4776;294
4777;189
4778;260
4779;234
4780;166
4781;149
4782;260
4783;66
4784;177
4785;157
4786;60
4787;260
4788;139
4789;71
4790;86
4791;48
4792;200
4793;248
4794;38
4795;166
4796;245
4797;189
4798;44
4799;208
4800;208
4801;245
4802;14
4803;170
4804;34
4805;134
4806;228
4807;7
4808;170
4809;243
4810;243
4811;134
4812;170
4813;146
4814;166
4815;149
4816;210
4817;137
4818;210
4819;166
4820;59
4821;146
4822;294
4823;236
4824;254
4825;18
4826;278
4827;58
4828;200
4829;189
4830;166
4831;112
4832;11
4833;170
4834;248
4835;170
4836;148
4837;212
4838;189
4839;294
4840;235
4841;114
4842;285
4843;192
4844;166
4845;91
4846;24
4847;242
4848;166
4849;156
4850;51
4851;156
4852;260
4853;245
4854;249
4855;149
4856;189
4857;192
4858;137
4859;189
4860;34
4861;149
4862;170
4863;83
4864;228
4865;140
4866;46
4867;170
4868;278
4869;242
4870;284
4871;149
4872;248
4873;83
4874;280
4875;202
4876;156
4877;192
4878;252
4879;149
4880;102
4881;146
4882;71
4883;20
4884;260
4885;10
4886;183
4887;114
4888;189
4889;242
4890;248
4891;170
4892;166
4893;189
4894;248
4895;235
4896;137
4897;236
4898;228
4899;294
4900;189
4901;245
4902;96
4903;170
4904;149
4905;284
4906;189
4907;210
4908;149
4909;245
4910;149
4911;108
4912;134
4913;149
4914;146
4915;252
4916;260
4917;261
4918;134
4919;170
4920;285
4921;183
4922;189
4923;133
4924;213
4925;166
4926;20
4927;166
4928;149
4929;294
4930;134
4931;160
4932;245
4933;266
4934;202
4935;242
4936;235
4937;60
4938;83
4939;86
4940;200
4941;170
4942;112
4943;48
4944;149
4945;280
4946;228
4947;60
4948;189
4949;285
4950;256
4951;245
4952;254
4953;83
4954;243
4955;48
4956;285
4957;285
4958;221
4959;170
4960;189
4961;166
4962;235
4963;245
4964;170
4965;200
4966;235
4967;189
4968;71
4969;149
4970;210
4971;248
4972;87
4973;149
4974;83
4975;105
4976;16
4977;260
4978;189
4979;1
4980;242
4981;234
4982;245
4983;114
4984;189
4985;200
4986;60
4987;112
4988;200
4989;103
4990;60
4991;18
4992;228
4993;189
4994;228
4995;202
4996;261
4997;280
4998;156
4999;260
5000;60
5001;210
5002;242
5003;166
5004;166
5005;189
5006;208
5007;189
5008;140
5009;228
5010;140
5011;58
5012;71
5013;166
5014;189
5015;146
5016;156
5017;252
5018;87
5019;129
5020;217
5021;198
5022;149
5023;83
5024;189
5025;166
5026;149
5027;228
5028;189
5029;166
5030;212
5031;272
5032;210
5033;34
5034;183
5035;260
5036;24
5037;170
5038;224
5039;228
5040;115
5041;277
5042;157
5043;235
5044;231
5045;1
5046;170
5047;183
5048;261
5049;286
5050;267
5051;20
5052;189
5053;44
5054;277
5055;166
5056;294
5057;156
5058;60
5059;86
5060;149
5061;149
5062;267
5063;189
5064;248
5065;213
5066;146
5067;228
5068;235
5069;11
5070;66
5071;157
5072;108
5073;34
5074;20
5075;34
5076;224
5077;1
5078;83
5079;177
5080;248
5081;192
5082;166
5083;38
5084;22
5085;137
5086;189
5087;278
5088;134
5089;189
5090;202
5091;248
5092;14
5093;252
5094;189
5095;235
5096;177
5097;242
5098;134
5099;280
5100;235
5101;166
5102;139
5103;105
5104;228
5105;189
5106;280
5107;170
5108;235
5109;183
5110;245
5111;189
5112;183
5113;228
5114;108
5115;189
5116;202
5117;285
5118;7
5119;38
5120;212
5121;18
5122;245
5123;228
5124;294
5125;160
5126;221
5127;128
5128;48
5129;200
5130;105
5131;24
5132;137
5133;166
5134;114
5135;189
5136;285
5137;260
5138;83
5139;228
5140;145
5141;133
5142;189
5143;294
5144;170
5145;102
5146;284
5147;156
5148;228
5149;248
5150;98
5151;44
5152;112
5153;87
5154;210
5155;189
5156;103
5157;149
5158;285
5159;134
5160;146
5161;71
5162;86
5163;170
5164;189
5165;-1
5166;166
5167;248
5168;228
5169;148
5170;189
5171;231
5172;60
5173;286
5174;166
5175;102
5176;252
5177;128
5178;14
5179;235
5180;128
5181;170
5182;103
5183;228
5184;183
5185;192
5186;149
5187;237
5188;202
5189;149
5190;234
5191;235
5192;228
5193;245
5194;202
5195;235
5196;170
5197;44
5198;156
5199;133
5200;166
5201;46
5202;166
5203;84
5204;156
5205;44
5206;221
5207;261
5208;60
5209;79
5210;252
5211;20
5212;44
5213;231
5214;228
5215;228
5216;221
5217;128
5218;202
5219;137
5220;83
5221;166
5222;176
5223;218
5224;83
5225;156
5226;160
5227;59
5228;189
5229;228
5230;156
5231;112
5232;166
5233;112
5234;137
5235;112
5236;260
5237;228
5238;112
5239;170
5240;210
5241;60
5242;148
5243;79
5244;149
5245;245
5246;60
5247;170
5248;20
5249;192
5250;294
5251;156
5252;149
5253;248
5254;235
5255;189
5256;245
5257;-1
5258;252
5259;166
5260;44
5261;245
5262;160
5263;170
5264;220
5265;214
5266;243
5267;140
5268;128
5269;252
5270;156
5271;210
5272;48
5273;103
5274;166
5275;210
5276;234
5277;96
5278;235
5279;210
5280;202
5281;40
5282;134
5283;228
5284;228
5285;166
5286;60
5287;217
5288;243
5289;252
5290;83
5291;83
5292;189
5293;228
5294;114
5295;245
5296;170
5297;137
5298;59
5299;210
5300;285
5301;126
5302;260
5303;260
5304;238
5305;189
5306;166
5307;170
5308;228
5309;245
5310;149
5311;189
5312;217
5313;189
5314;149
5315;218
5316;217
5317;159
5318;189
5319;282
5320;71
5321;182
5322;189
5323;248
5324;87
5325;280
5326;133
5327;218
5328;104
5329;170
5330;189
5331;166
5332;189
5333;235
5334;166
5335;221
5336;146
5337;10
5338;277
5339;252
5340;288
5341;242
5342;14
5343;260
5344;146
5345;224
5346;235
5347;146
5348;210
5349;159
5350;105
5351;210
5352;228
5353;92
5354;156
5355;238
5356;126
5357;156
5358;166
5359;218
5360;170
5361;86
5362;105
5363;293
5364;228
5365;285
5366;260
5367;170
5368;242
5369;114
5370;189
5371;120
5372;214
5373;235
5374;235
5375;235
5376;116
5377;112
5378;231
5379;40
5380;242
5381;87
5382;243
5383;189
5384;160
5385;134
5386;20
5387;245
5388;140
5389;170
5390;202
5391;170
5392;245
5393;243
5394;189
5395;170
5396;48
5397;243
5398;208
5399;112
5400;221
5401;145
5402;189
5403;210
5404;277
5405;254
5406;200
5407;252
5408;228
5409;44
5410;189
5411;245
5412;66
5413;66
5414;282
5415;156
5416;134
5417;170
5418;245
5419;71
5420;189
5421;189
5422;44
5423;243
5424;166
5425;242
5426;245
5427;294
5428;20
5429;228
5430;36
5431;139
5432;7
5433;170
5434;83
5435;157
5436;242
5437;160
5438;91
5439;59
5440;149
5441;112
5442;87
5443;170
5444;149
5445;20
5446;108
5447;261
5448;189
5449;209
5450;156
5451;242
5452;208
5453;280
5454;247
5455;149
5456;166
5457;134
5458;202
5459;245
5460;66
5461;272
5462;71
5463;210
5464;48
5465;200
5466;260
5467;226
5468;51
5469;177
5470;189
5471;220
5472;71
5473;217
5474;60
5475;210
5476;62
5477;170
5478;202
5479;218
5480;248
5481;248
5482;248
5483;1
5484;189
5485;46
5486;1
5487;221
5488;166
5489;235
5490;248
5491;146
5492;235
5493;189
5494;294
5495;170
5496;170
5497;108
5498;120
5499;24
5500;260
5501;133
5502;238
5503;83
5504;20
5505;189
5506;189
5507;83
5508;46
5509;202
5510;183
5511;189
5512;108
5513;226
5514;66
5515;214
5516;156
5517;248
5518;148
5519;139
5520;170
5521;214
5522;83
5523;260
5524;228
5525;189
5526;160
5527;108
5528;243
5529;228
5530;14
5531;260
5532;254
5533;189
5534;160
5535;280
5536;58
5537;242
5538;46
5539;260
5540;169
5541;243
5542;170
5543;248
5544;83
5545;237
5546;149
5547;189
5548;87
5549;128
5550;218
5551;277
5552;66
5553;237
5554;189
5555;71
5556;159
5557;149
5558;237
5559;71
5560;280
5561;149
5562;83
5563;210
5564;243
5565;202
5566;83
5567;71
5568;245
5569;22
5570;210
5571;237
5572;134
5573;83
5574;79
5575;170
5576;252
5577;48
5578;134
5579;210
5580;294
5581;214
5582;170
5583;245
5584;58
5585;71
5586;83
5587;221
5588;235
5589;189
5590;166
5591;87
5592;149
5593;284
5594;149
5595;228
5596;189
5597;284
5598;228
5599;228
5600;133
5601;157
5602;202
5603;149
5604;235
5605;189
5606;228
5607;189
5608;170
5609;149
5610;208
5611;166
5612;224
5613;20
5614;279
5615;200
5616;71
5617;235
5618;189
5619;210
5620;40
5621;252
5622;126
5623;210
5624;243
5625;137
5626;189
5627;60
5628;228
5629;170
5630;149
5631;228
5632;254
5633;242
5634;228
5635;192
5636;134
5637;129
5638;58
5639;166
5640;46
5641;133
5642;20
5643;134
5644;149
5645;48
5646;254
5647;189
5648;189
5649;137
5650;228
5651;149
5652;97
5653;192
5654;44
5655;86
5656;267
5657;166
5658;156
5659;38
5660;294
5661;170
5662;189
5663;159
5664;278
5665;243
5666;235
5667;86
5668;48
5669;210
5670;71
5671;103
5672;59
5673;137
5674;83
5675;294
5676;149
5677;149
5678;71
5679;71
5680;284
5681;210
5682;228
5683;272
5684;149
5685;112
5686;102
5687;71
5688;166
5689;189
5690;166
5691;37
5692;279
5693;83
5694;210
5695;189
5696;228
5697;242
5698;128
5699;166
5700;128
5701;189
5702;228
5703;86
5704;249
5705;128
5706;18
5707;245
5708;260
5709;108
5710;129
5711;134
5712;134
5713;44
5714;277
5715;34
5716;260
5717;260
5718;224
5719;220
5720;231
5721;83
5722;21
5723;34
5724;137
5725;44
5726;139
5727;48
5728;260
5729;128
5730;208
5731;-1
5732;260
5733;71
5734;71
5735;53
5736;166
5737;213
5738;189
5739;266
5740;166
5741;220
5742;245
5743;40
5744;10
5745;83
5746;40
5747;294
5748;224
5749;189
5750;20
5751;210
5752;149
5753;137
5754;189
5755;115
5756;213
5757;266
5758;208
5759;105
5760;146
5761;86
5762;149
5763;260
5764;112
5765;48
5766;202
5767;156
5768;228
5769;166
5770;280
5771;189
5772;208
5773;245
5774;200
5775;20
5776;71
5777;220
5778;166
5779;235
5780;242
5781;288
5782;71
5783;133
5784;228
5785;228
5786;235
5787;156
5788;126
5789;91
5790;252
5791;156
5792;192
5793;44
5794;20
5795;14
5796;189
5797;159
5798;280
5799;20
5800;228
5801;261
5802;294
5803;145
5804;38
5805;166
5806;200
5807;294
5808;260
5809;208
5810;183
5811;189
5812;242
5813;24
5814;14
5815;294
5816;59
5817;189
5818;228
5819;248
5820;148
5821;108
5822;108
5823;294
5824;189
5825;245
5826;189
5827;192
5828;48
5829;71
5830;280
5831;285
5832;177
5833;201
5834;189
5835;242
5836;252
5837;170
5838;48
5839;221
5840;91
5841;285
5842;156
5843;189
5844;228
5845;272
5846;170
5847;228
5848;189
5849;280
5850;228
5851;139
5852;248
5853;71
5854;149
5855;260
5856;14
5857;170
5858;202
5859;166
5860;200
5861;14
5862;87
5863;243
5864;148
5865;189
5866;112
5867;189
5868;260
5869;83
5870;189
5871;189
5872;245
5873;24
5874;208
5875;170
5876;71
5877;228
5878;189
5879;260
5880;166
5881;294
5882;87
5883;261
5884;126
5885;16
5886;260
5887;221
5888;126
5889;278
5890;189
5891;200
5892;260
5893;170
5894;60
5895;76
5896;44
5897;166
5898;189
5899;71
5900;149
5901;235
5902;202
5903;129
5904;235
5905;277
5906;149
5907;235
5908;189
5909;166
5910;220
5911;210
5912;228
5913;231
5914;140
5915;248
5916;189
5917;235
5918;60
5919;221
5920;170
5921;112
5922;170
5923;140
5924;86
5925;189
5926;149
5927;228
5928;245
5929;87
5930;228
5931;189
5932;140
5933;284
5934;1
5935;243
5936;120
5937;189
5938;237
5939;266
5940;140
5941;280
5942;71
5943;71
5944;245
5945;156
5946;149
5947;16
5948;280
5949;157
5950;183
5951;284
5952;217
5953;166
5954;231
5955;228
5956;62
5957;71
5958;235
5959;237
5960;209
5961;71
5962;86
5963;146
5964;166
5965;214
5966;192
5967;294
5968;170
5969;224
5970;102
5971;213
5972;156
5973;44
5974;71
5975;280
5976;266
5977;248
5978;40
5979;287
5980;51
5981;252
5982;235
5983;213
5984;66
5985;260
5986;260
5987;145
5988;221
5989;200
5990;83
5991;60
5992;285
5993;87
5994;228
5995;149
5996;44
5997;235
5998;191
5999;189
6000;170
6001;228
6002;156
6003;217
6004;235
6005;170
6006;189
6007;189
6008;14
6009;145
6010;228
6011;228
6012;183
6013;46
6014;176
6015;48
6016;280
6017;91
6018;228
6019;133
6020;260
6021;183
6022;170
6023;202
6024;228
6025;112
6026;280
6027;170
6028;176
6029;38
6030;228
6031;235
6032;156
6033;228
6034;226
6035;189
6036;170
6037;38
6038;260
6039;102
6040;170
6041;217
6042;83
6043;149
6044;228
6045;189
6046;38
6047;189
6048;21
6049;105
6050;11
6051;277
6052;157
6053;266
6054;245
6055;235
6056;166
6057;285
6058;66
6059;46
6060;189
6061;83
6062;217
6063;145
6064;48
6065;208
6066;235
6067;260
6068;260
6069;112
6070;166
6071;200
6072;145
6073;18
6074;87
6075;237
6076;103
6077;210
6078;166
6079;134
6080;145
6081;160
6082;71
6083;166
6084;228
6085;156
6086;170
6087;58
6088;79
6089;189
6090;235
6091;192
6092;103
6093;166
6094;1
6095;231
6096;210
6097;242
6098;148
6099;189
6100;112
6101;170
6102;170
6103;228
6104;38
6105;170
6106;252
6107;208
6108;140
6109;71
6110;128
6111;133
6112;242
6113;189
6114;260
6115;189
6116;103
6117;76
6118;38
6119;83
6120;202
6121;91
6122;149
6123;149
6124;202
6125;260
6126;20
6127;260
6128;166
6129;235
6130;183
6131;83
6132;145
6133;261
6134;245
6135;160
6136;71
6137;60
6138;108
6139;260
6140;189
6141;220
6142;235
6143;170
6144;210
6145;134
6146;156
6147;228
6148;280
6149;284
6150;83
6151;79
6152;248
6153;208
6154;280
6155;166
6156;286
6157;159
6158;108
6159;87
6160;202
6161;286
6162;66
6163;176
6164;48
6165;134
6166;134
6167;126
6168;159
6169;156
6170;66
6171;235
6172;189
6173;170
6174;87
6175;55
6176;170
6177;8
6178;60
6179;210
6180;60
6181;170
6182;221
6183;228
6184;170
6185;234
6186;44
6187;170
6188;210
6189;166
6190;189
6191;228
6192;166
6193;235
6194;202
6195;160
6196;160
6197;189
6198;76
6199;134
6200;280
6201;261
6202;134
6203;260
6204;189
6205;170
6206;37
6207;170
6208;18
6209;228
6210;200
6211;38
6212;60
6213;40
6214;146
6215;83
6216;137
6217;235
6218;134
6219;252
6220;248
6221;228
6222;243
6223;189
6224;189
6225;228
6226;245
6227;156
6228;228
6229;192
6230;252
6231;134
6232;66
6233;20
6234;166
6235;40
6236;189
6237;217
6238;156
6239;116
6240;1
6241;189
6242;217
6243;170
6244;86
6245;245
6246;282
6247;14
6248;149
6249;218
6250;83
6251;217
6252;104
6253;189
6254;166
6255;189
6256;166
6257;71
6258;1
6259;133
6260;166
6261;189
6262;252
6263;48
6264;149
6265;189
6266;235
6267;112
6268;252
6269;245
6270;170
6271;224
6272;192
6273;228
6274;228
6275;192
6276;46
6277;156
6278;16
6279;126
6280;252
6281;160
6282;62
6283;87
6284;112
6285;189
6286;48
6287;166
6288;245
6289;218
6290;170
6291;102
6292;112
6293;166
6294;242
6295;189
6296;71
6297;294
6298;120
6299;210
6300;20
6301;189
6302;86
6303;260
6304;235
6305;37
6306;242
6307;133
6308;1
6309;170
6310;86
6311;40
6312;134
6313;83
6314;86
6315;260
6316;48
6317;199
6318;149
6319;245
6320;189
6321;235
6322;20
6323;176
6324;214
6325;189
6326;285
6327;183
6328;228
6329;177
6330;18
6331;48
6332;60
6333;112
6334;156
6335;243
6336;170
6337;189
6338;53
6339;284
6340;189
6341;235
6342;228
6343;235
6344;243
6345;245
6346;91
6347;228
6348;60
6349;48
6350;210
6351;260
6352;20
6353;210
6354;166
6355;97
6356;170
6357;189
6358;202
6359;200
6360;245
6361;157
6362;202
6363;104
6364;71
6365;248
6366;189
6367;235
6368;149
6369;139
6370;66
6371;170
6372;192
6373;170
6374;208
6375;189
6376;228
6377;170
6378;112
6379;156
6380;116
6381;87
6382;71
6383;202
6384;91
6385;108
6386;170
6387;235
6388;20
6389;280
6390;79
6391;228
6392;44
6393;248
6394;220
6395;166
6396;10
6397;60
6398;189
6399;71
6400;37
6401;202
6402;134
6403;1
6404;11
6405;260
6406;189
6407;83
6408;228
6409;183
6410;159
6411;228
6412;149
6413;177
6414;189
6415;278
6416;166
6417;134
6418;189
6419;208
6420;145
6421;170
6422;294
6423;166
6424;198
6425;105
6426;210
6427;189
6428;285
6429;235
6430;245
6431;248
6432;115
6433;149
6434;149
6435;237
6436;192
6437;83
6438;228
6439;44
6440;66
6441;235
6442;210
6443;265
6444;260
6445;228
6446;134
6447;228
6448;183
6449;260
6450;285
6451;238
6452;228
6453;235
6454;166
6455;284
6456;48
6457;83
6458;183
6459;261
6460;260
6461;221
6462;170
6463;228
6464;44
6465;214
6466;71
6467;71
6468;48
6469;260
6470;157
6471;156
6472;20
6473;228
6474;7
6475;243
6476;248
6477;149
6478;189
6479;245
6480;170
6481;170
6482;243
6483;189
6484;134
6485;166
6486;183
6487;248
6488;266
6489;166
6490;237
6491;149
6492;294
6493;128
6494;104
6495;66
6496;261
6497;192
6498;156
6499;237
6500;166
6501;170
6502;166
6503;235
6504;137
6505;235
6506;280
6507;280
6508;210
6509;182
6510;170
6511;294
6512;170
6513;221
6514;156
6515;189
6516;1
6517;170
6518;134
6519;235
6520;157
6521;149
6522;146
6523;189
6524;245
6525;235
6526;198
6527;260
6528;170
6529;44
6530;189
6531;228
6532;288
6533;228
6534;238
6535;288
6536;149
6537;189
6538;284
6539;294
6540;166
6541;228
6542;235
6543;202
6544;149
6545;140
6546;170
6547;189
6548;129
6549;83
6550;166
6551;1
6552;83
6553;44
6554;202
6555;149
6556;170
6557;235
6558;228
6559;140
6560;284
6561;198
6562;149
6563;279
6564;189
6565;58
6566;252
6567;198
6568;20
6569;20
6570;48
6571;235
6572;248
6573;170
6574;24
6575;243
6576;137
6577;272
6578;166
6579;128
6580;209
6581;288
6582;166
6583;102
6584;192
6585;248
6586;228
6587;285
6588;192
6589;129
6590;137
6591;166
6592;294
6593;166
6594;286
6595;189
6596;213
6597;237
6598;157
6599;170
6600;284
6601;83
6602;235
6603;103
6604;182
6605;157
6606;228
6607;71
6608;243
6609;217
6610;128
6611;170
6612;183
6613;60
6614;44
6615;91
6616;242
6617;260
6618;189
6619;217
6620;228
6621;198
6622;228
6623;156
6624;71
6625;252
6626;79
6627;245
6628;189
6629;248
6630;272
6631;22
6632;210
6633;60
6634;243
6635;156
6636;145
6637;210
6638;134
6639;128
6640;116
6641;189
6642;24
6643;192
6644;228
6645;83
6646;245
6647;189
6648;235
6649;198
6650;260
6651;285
6652;11
6653;260
6654;280
6655;170
6656;156
6657;128
6658;265
6659;242
6660;218
6661;202
6662;128
6663;148
6664;248
6665;245
6666;280
6667;149
6668;243
6669;145
6670;149
6671;245
6672;189
6673;189
6674;48
6675;34
6676;189
6677;280
6678;198
6679;210
6680;44
6681;224
6682;10
6683;140
6684;48
6685;183
6686;137
6687;242
6688;79
6689;157
6690;134
6691;71
6692;53
6693;242
6694;166
6695;212
6696;20
6697;166
6698;96
6699;228
6700;245
6701;71
6702;83
6703;202
6704;237
6705;149
6706;137
6707;156
6708;170
6709;189
6710;149
6711;159
6712;245
6713;280
6714;210
6715;40
6716;156
6717;210
6718;189
6719;145
6720;10
6721;157
6722;228
6723;102
6724;102
6725;10
6726;44
6727;237
6728;182
6729;221
6730;221
6731;294
6732;156
6733;210
6734;183
6735;156
6736;137
6737;156
6738;166
6739;237
6740;189
6741;202
6742;83
6743;287
6744;202
6745;103
6746;278
6747;266
6748;79
6749;284
6750;280
6751;228
6752;294
6753;83
6754;217
6755;137
6756;166
6757;208
6758;248
6759;128
6760;208
6761;213
6762;245
6763;260
6764;170
6765;254
6766;210
6767;48
6768;149
6769;189
6770;189
6771;133
6772;112
6773;189
6774;228
6775;60
6776;170
6777;235
6778;71
6779;210
6780;221
6781;177
6782;83
6783;294
6784;210
6785;87
6786;176
6787;51
6788;59
6789;248
6790;114
6791;189
6792;170
6793;20
6794;1
6795;250
6796;134
6797;37
6798;134
6799;31
6800;284
6801;284
6802;248
6803;189
6804;235
6805;202
6806;83
6807;177
6808;202
6809;189
6810;149
6811;192
6812;189
6813;71
6814;252
6815;20
6816;145
6817;202
6818;242
6819;170
6820;170
6821;170
6822;280
6823;183
6824;200
6825;149
6826;149
6827;51
6828;189
6829;248
6830;145
6831;145
6832;134
6833;170
6834;189
6835;79
6836;189
6837;170
6838;189
6839;254
6840;112
6841;177
6842;170
6843;79
6844;208
6845;248
6846;166
6847;285
6848;217
6849;220
6850;235
6851;140
6852;83
6853;267
6854;256
6855;48
6856;210
6857;245
6858;166
6859;267
6860;272
6861;294
6862;40
6863;294
6864;134
6865;260
6866;166
6867;278
6868;280
6869;250
6870;248
6871;189
6872;245
6873;79
6874;1
6875;189
6876;263
6877;248
6878;245
6879;146
6880;208
6881;166
6882;149
6883;235
6884;1
6885;202
6886;59
6887;156
6888;189
6889;166
6890;294
6891;189
6892;189
6893;83
6894;20
6895;245
6896;260
6897;10
6898;44
6899;38
6900;20
6901;48
6902;20
6903;261
6904;200
6905;235
6906;235
6907;189
6908;234
6909;260
6910;156
6911;260
6912;71
6913;280
6914;71
6915;112
6916;115
6917;228
6918;245
6919;294
6920;202
6921;157
6922;60
6923;149
6924;169
6925;245
6926;231
6927;79
6928;235
6929;228
6930;115
6931;112
6932;59
6933;102
6934;210
6935;34
6936;245
6937;166
6938;83
6939;71
6940;254
6941;192
6942;71
6943;102
6944;134
6945;34
6946;149
6947;146
6948;260
6949;1
6950;134
6951;189
6952;228
6953;210
6954;71
6955;48
6956;261
6957;149
6958;166
6959;133
6960;24
6961;148
6962;79
6963;128
6964;217
6965;166
6966;285
6967;10
6968;243
6969;156
6970;231
6971;170
6972;86
6973;220
6974;221
6975;189
6976;210
6977;66
6978;146
6979;137
6980;134
6981;237
6982;134
6983;91
6984;260
6985;160
6986;267
6987;166
6988;128
6989;260
6990;278
6991;166
6992;189
6993;228
6994;202
6995;48
6996;157
6997;243
6998;245
6999;166
7000;189
7001;277
7002;189
7003;170
7004;254
7005;210
7006;272
7007;71
7008;86
7009;177
7010;235
7011;149
7012;114
7013;96
7014;260
7015;248
7016;228
7017;149
7018;114
7019;242
7020;208
7021;134
7022;214
7023;137
7024;266
7025;260
7026;62
7027;71
7028;243
7029;189
7030;280
7031;66
7032;238
7033;210
7034;261
7035;8
7036;115
7037;115
7038;260
7039;48
7040;245
7041;145
7042;76
7043;260
7044;189
7045;189
7046;221
7047;145
7048;149
7049;20
7050;103
7051;235
7052;277
7053;112
7054;192
7055;248
7056;189
7057;44
7058;254
7059;228
7060;280
7061;294
7062;146
7063;237
7064;170
7065;71
7066;266
7067;177
7068;237
7069;137
7070;260
7071;83
7072;182
7073;71
7074;224
7075;284
7076;149
7077;170
7078;265
7079;149
7080;102
7081;228
7082;157
7083;170
7084;252
7085;66
7086;66
7087;228
7088;209
7089;278
7090;278
7091;83
7092;102
7093;189
7094;198
7095;228
7096;202
7097;210
7098;228
7099;112
7100;248
7101;245
7102;83
7103;260
7104;189
7105;18
7106;242
7107;14
7108;189
7109;294
7110;134
7111;213
7112;294
7113;108
7114;103
7115;228
7116;149
7117;86
7118;20
7119;86
7120;137
7121;189
7122;166
7123;235
7124;115
7125;235
7126;235
7127;202
7128;228
7129;294
7130;221
7131;189
7132;213
7133;44
7134;200
7135;189
7136;170
7137;156
7138;112
7139;137
7140;235
7141;235
7142;220
7143;189
7144;126
7145;202
7146;137
7147;254
7148;245
7149;245
7150;166
7151;170
7152;166
7153;7
7154;166
7155;261
7156;149
7157;248
7158;149
7159;166
7160;208
7161;86
7162;272
7163;235
7164;126
7165;237
7166;83
7167;71
7168;86
7169;252
7170;170
7171;66
7172;189
7173;60
7174;260
7175;170
7176;66
7177;114
7178;79
7179;87
7180;202
7181;83
7182;210
7183;166
7184;228
7185;192
7186;71
7187;20
7188;228
7189;60
7190;134
7191;228
7192;166
7193;221
7194;38
7195;189
7196;200
7197;170
7198;71
7199;116
7200;146
7201;177
7202;221
7203;260
7204;156
7205;48
7206;265
7207;48
7208;166
7209;242
7210;149
7211;245
7212;235
7213;170
7214;22
7215;235
7216;294
7217;1
7218;189
7219;76
7220;170
7221;245
7222;252
7223;97
7224;134
7225;278
7226;137
7227;189
7228;242
7229;280
7230;217
7231;228
7232;228
7233;189
7234;277
7235;202
7236;166
7237;149
7238;189
7239;34
7240;166
7241;210
7242;221
7243;245
7244;166
7245;59
7246;71
7247;114
7248;20
7249;192
7250;44
7251;260
7252;14
7253;133
7254;1
7255;170
7256;277
7257;199
7258;284
7259;245
7260;83
7261;91
7262;133
7263;245
7264;149
7265;221
7266;248
7267;166
7268;294
7269;114
7270;189
7271;137
7272;260
7273;284
7274;166
7275;210
7276;212
7277;48
7278;189
7279;170
7280;220
7281;194
7282;189
7283;200
7284;235
7285;192
7286;243
7287;192
7288;228
7289;149
7290;102
7291;149
7292;235
7293;294
7294;202
7295;156
7296;189
7297;40
7298;245
7299;189
7300;83
7301;202
7302;170
7303;166
7304;134
7305;260
7306;60
7307;228
7308;248
7309;166
7310;149
7311;170
7312;166
7313;228
7314;265
7315;87
7316;166
7317;235
7318;76
7319;129
7320;272
7321;245
7322;91
7323;139
7324;48
7325;170
7326;200
7327;170
7328;260
7329;38
7330;252
7331;228
7332;220
7333;170
7334;170
7335;278
7336;157
7337;235
7338;166
7339;170
7340;189
7341;235
7342;210
7343;24
7344;59
7345;189
7346;59
7347;20
7348;20
7349;228
7350;83
7351;83
7352;228
7353;294
7354;170
7355;248
7356;166
7357;44
7358;149
7359;166
7360;228
7361;166
7362;245
7363;183
7364;114
7365;254
7366;166
7367;235
7368;108
7369;149
7370;59
7371;44
7372;242
7373;260
7374;166
7375;284
7376;228
7377;260
7378;249
7379;228
7380;228
7381;221
7382;189
7383;44
7384;280
7385;71
7386;160
7387;79
7388;18
7389;83
7390;71
7391;166
7392;134
7393;71
7394;166
7395;260
7396;228
7397;134
7398;214
7399;213
7400;228
7401;252
7402;149
7403;156
7404;146
7405;34
7406;242
7407;134
7408;248
7409;149
7410;260
7411;134
7412;183
7413;189
7414;176
7415;294
7416;1
7417;60
7418;170
7419;183
7420;235
7421;254
7422;134
7423;149
7424;189
7425;114
7426;166
7427;170
7428;166
7429;134
7430;294
7431;235
7432;166
7433;252
7434;46
7435;34
7436;260
7437;261
7438;285
7439;170
7440;199
7441;156
7442;189
7443;285
7444;248
7445;149
7446;126
7447;189
7448;34
7449;189
7450;170
7451;166
7452;60
7453;177
7454;112
7455;91
7456;189
7457;242
7458;198
7459;156
7460;170
7461;98
7462;83
7463;284
7464;116
7465;245
7466;252
7467;228
7468;48
7469;103
7470;228
7471;170
7472;48
7473;235
7474;20
7475;128
7476;166
7477;102
7478;166
7479;200
7480;149
7481;60
7482;235
7483;83
7484;87
7485;228
7486;235
7487;166
7488;221
7489;58
7490;134
7491;116
7492;189
7493;198
7494;71
7495;79
7496;210
7497;22
7498;228
7499;149
7500;128
7501;149
7502;166
7503;170
7504;272
7505;128
7506;134
7507;20
7508;192
7509;170
7510;285
7511;157
7512;228
7513;8
7514;189
7515;20
7516;166
7517;294
7518;149
7519;228
7520;189
7521;228
7522;245
7523;71
7524;208
7525;252
7526;157
7527;235
7528;245
7529;48
7530;210
7531;157
7532;59
7533;228
7534;166
7535;235
7536;120
7537;237
7538;134
7539;105
7540;260
7541;60
7542;182
7543;217
7544;83
7545;166
7546;228
7547;149
7548;247
7549;247
7550;86
7551;71
7552;210
7553;248
7554;221
7555;156
7556;22
7557;189
7558;221
7559;245
7560;137
7561;176
7562;210
7563;235
7564;210
7565;189
7566;292
7567;235
7568;137
7569;16
7570;294
7571;228
7572;170
7573;112
7574;79
7575;252
7576;231
7577;189
7578;235
7579;218
7580;285
7581;210
7582;202
7583;277
7584;235
7585;280
7586;189
7587;149
7588;166
7589;146
7590;210
7591;260
7592;192
7593;189
7594;284
7595;166
7596;228
7597;48
7598;242
7599;189
7600;140
7601;1
7602;189
7603;149
7604;66
7605;198
7606;226
7607;189
7608;103
7609;224
7610;260
7611;166
7612;128
7613;20
7614;134
7615;83
7616;157
7617;97
7618;294
7619;137
7620;286
7621;55
7622;213
7623;76
7624;248
7625;294
7626;228
7627;170
7628;213
7629;-1
7630;66
7631;213
7632;116
7633;245
7634;114
7635;189
7636;235
7637;202
7638;243
7639;1
7640;237
7641;149
7642;156
7643;183
7644;292
7645;46
7646;237
7647;20
7648;189
7649;189
7650;277
7651;166
7652;266
7653;166
7654;235
7655;277
7656;260
7657;34
7658;20
7659;189
7660;86
7661;128
7662;208
7663;189
7664;66
7665;237
7666;149
7667;170
7668;183
7669;48
7670;192
7671;170
7672;34
7673;260
7674;228
7675;166
7676;60
7677;235
7678;170
7679;261
7680;228
7681;129
7682;48
7683;183
7684;294
7685;66
7686;202
7687;235
7688;79
7689;228
7690;234
7691;228
7692;189
7693;245
7694;288
7695;166
7696;166
7697;220
7698;252
7699;156
7700;83
7701;189
7702;192
7703;284
7704;44
7705;20
7706;14
7707;102
7708;71
7709;201
7710;55
7711;252
7712;83
7713;200
7714;228
7715;48
7716;115
7717;102
7718;20
7719;166
7720;177
7721;134
7722;252
7723;170
7724;140
7725;14
7726;202
7727;170
7728;260
7729;228
7730;183
7731;112
7732;79
7733;20
7734;166
7735;235
7736;140
7737;285
7738;217
7739;235
7740;145
7741;166
7742;134
7743;83
7744;192
7745;237
7746;103
7747;156
7748;149
7749;128
7750;260
7751;260
7752;108
7753;71
7754;83
7755;48
7756;214
7757;189
7758;234
7759;20
7760;192
7761;248
7762;217
7763;79
7764;242
7765;1
7766;228
7767;166
7768;212
7769;146
7770;245
7771;71
7772;176
7773;83
7774;102
7775;156
7776;114
7777;189
7778;48
7779;59
7780;166
7781;228
7782;166
7783;280
7784;210
7785;183
7786;266
7787;83
7788;294
7789;44
7790;284
7791;149
7792;170
7793;7
7794;139
7795;284
7796;243
7797;20
7798;137
7799;87
7800;210
7801;261
7802;210
7803;237
7804;156
7805;48
7806;260
7807;213
7808;160
7809;277
7810;189
7811;254
7812;18
7813;71
7814;238
7815;20
7816;252
7817;149
7818;226
7819;170
7820;260
7821;252
7822;261
7823;116
7824;149
7825;189
7826;166
7827;252
7828;170
7829;145
7830;102
7831;210
7832;140
7833;149
7834;245
7835;220
7836;105
7837;278
7838;192
7839;115
7840;156
7841;71
7842;260
7843;243
7844;48
7845;252
7846;166
7847;34
7848;102
7849;120
7850;170
7851;248
7852;170
7853;261
7854;62
7855;48
7856;86
7857;221
7858;252
7859;149
7860;189
7861;14
7862;189
7863;242
7864;137
7865;120
7866;145
7867;71
7868;177
7869;36
7870;282
7871;126
7872;252
7873;129
7874;228
7875;189
7876;166
7877;272
7878;201
7879;166
7880;243
7881;234
7882;146
7883;170
7884;1
7885;48
7886;228
7887;160
7888;164
7889;86
7890;156
7891;96
7892;210
7893;102
7894;137
7895;149
7896;114
7897;170
7898;214
7899;137
7900;279
7901;235
7902;235
7903;170
7904;166
7905;231
7906;266
7907;213
7908;134
7909;40
7910;166
7911;242
7912;261
7913;228
7914;137
7915;177
7916;170
7917;10
7918;76
7919;242
7920;208
7921;114
7922;261
7923;14
7924;55
7925;221
7926;148
7927;149
7928;260
7929;260
7930;189
7931;210
7932;277
7933;277
7934;166
7935;66
7936;189
7937;20
7938;284
7939;208
7940;235
7941;189
7942;189
7943;254
7944;24
7945;210
7946;192
7947;280
7948;20
7949;83
7950;146
7951;20
7952;170
7953;112
7954;245
7955;221
7956;83
7957;231
7958;128
7959;38
7960;83
7961;261
7962;126
7963;157
7964;261
7965;170
7966;37
7967;228
7968;160
7969;129
7970;137
7971;189
7972;260
7973;51
7974;166
7975;202
7976;134
7977;149
7978;112
7979;145
7980;166
7981;97
7982;202
7983;210
7984;108
7985;164
7986;285
7987;84
7988;285
7989;134
7990;59
7991;210
7992;156
7993;16
7994;20
7995;83
7996;228
7997;139
7998;114
7999;14
8000;44
8001;200
8002;189
8003;169
8004;210
8005;294
8006;103
8007;189
8008;294
8009;228
8010;228
8011;71
8012;83
8013;149
8014;149
8015;248
8016;200
8017;160
8018;202
8019;76
8020;86
8021;189
8022;183
8023;149
8024;71
8025;263
8026;10
8027;149
8028;252
8029;83
8030;34
8031;210
8032;235
8033;228
8034;189
8035;228
8036;189
8037;134
8038;202
8039;170
8040;166
8041;189
8042;260
8043;285
8044;71
8045;7
8046;226
8047;71
8048;134
8049;128
8050;146
8051;213
8052;146
8053;189
8054;183
8055;170
8056;58
8057;115
8058;66
8059;83
8060;170
8061;149
8062;235
8063;87
8064;22
8065;60
8066;37
8067;102
8068;166
8069;44
8070;60
8071;228
8072;114
8073;213
8074;228
8075;98
8076;156
8077;134
8078;71
8079;266
8080;4
8081;285
8082;140
8083;128
8084;166
8085;59
8086;157
8087;140
8088;189
8089;221
8090;228
8091;220
8092;189
8093;20
8094;248
8095;213
8096;166
8097;149
8098;189
8099;260
8100;221
8101;48
8102;189
8103;21
8104;260
8105;265
8106;149
8107;252
8108;44
8109;76
8110;133
8111;228
8112;235
8113;189
8114;114
8115;189
8116;66
8117;170
8118;294
8119;149
8120;1
8121;114
8122;149
8123;189
8124;7
8125;116
8126;44
8127;260
8128;83
8129;51
8130;210
8131;20
8132;189
8133;228
8134;189
8135;170
8136;149
8137;189
8138;146
8139;102
8140;83
8141;116
8142;189
8143;166
8144;284
8145;201
8146;105
8147;166
8148;280
8149;182
8150;280
8151;192
8152;102
8153;260
8154;191
8155;191
8156;166
8157;210
8158;189
8159;149
8160;237
8161;137
8162;208
8163;128
8164;66
8165;166
8166;228
8167;254
8168;212
8169;133
8170;112
8171;235
8172;149
8173;71
8174;18
8175;112
8176;210
8177;134
8178;279
8179;228
8180;149
8181;189
8182;22
8183;170
8184;83
8185;128
8186;137
8187;112
8188;149
8189;280
8190;166
8191;182
8192;245
8193;166
8194;44
8195;166
8196;128
8197;114
8198;256
8199;237
8200;103
8201;112
8202;265
8203;76
8204;235
8205;210
8206;277
8207;8
8208;278
8209;20
8210;137
8211;235
8212;220
8213;139
8214;66
8215;20
8216;189
8217;40
8218;260
8219;170
8220;83
8221;294
8222;210
8223;83
8224;71
8225;38
8226;242
8227;279
8228;189
8229;137
8230;1
8231;18
8232;220
8233;210
8234;266
8235;210
8236;79
8237;145
8238;294
8239;71
8240;149
8241;83
8242;220
8243;202
8244;102
8245;83
8246;235
8247;86
8248;170
8249;235
8250;277
8251;192
8252;156
8253;48
8254;212
8255;228
8256;210
8257;189
8258;217
8259;166
8260;243
8261;20
8262;16
8263;60
8264;149
8265;128
8266;189
8267;1
8268;170
8269;221
8270;166
8271;189
8272;235
8273;166
8274;235
8275;228
8276;254
8277;235
8278;134
8279;245
8280;189
8281;149
8282;294
8283;202
8284;156
8285;284
8286;166
8287;228
8288;20
8289;139
8290;242
8291;145
8292;189
8293;248
8294;288
8295;228
8296;149
8297;115
8298;280
8299;189
8300;91
8301;71
8302;66
8303;66
8304;228
8305;160
8306;228
8307;44
8308;189
8309;284
8310;220
8311;214
8312;228
8313;243
8314;220
8315;228
8316;235
8317;260
8318;156
8319;83
8320;243
8321;245
8322;260
8323;16
8324;156
8325;157
8326;112
8327;208
8328;20
8329;200
8330;20
8331;183
8332;149
8333;235
8334;260
8335;235
8336;91
8337;66
8338;245
8339;156
8340;102
8341;-1
8342;260
8343;166
8344;192
8345;189
8346;157
8347;166
8348;228
8349;166
8350;103
8351;248
8352;252
8353;156
8354;170
8355;170
8356;51
8357;228
8358;87
8359;284
8360;228
8361;294
8362;83
8363;87
8364;228
8365;104
8366;20
8367;139
8368;108
8369;170
8370;260
8371;149
8372;235
8373;166
8374;166
8375;200
8376;76
8377;166
8378;189
8379;16
8380;134
8381;156
8382;221
8383;98
8384;288
8385;237
8386;166
8387;166
8388;235
8389;217
8390;183
8391;170
8392;189
8393;134
8394;104
8395;71
8396;294
8397;79
8398;134
8399;228
8400;149
8401;214
8402;294
8403;157
8404;228
8405;250
8406;189
8407;157
8408;170
8409;20
8410;189
8411;-1
8412;137
8413;248
8414;71
8415;166
8416;71
8417;245
8418;66
8419;208
8420;210
8421;200
8422;11
8423;170
8424;213
8425;231
8426;284
8427;235
8428;149
8429;76
8430;120
8431;248
8432;192
8433;59
8434;260
8435;40
8436;170
8437;210
8438;177
8439;189
8440;217
8441;83
8442;83
8443;228
8444;209
8445;58
8446;87
8447;129
8448;124
8449;248
8450;189
8451;166
8452;198
8453;34
8454;280
8455;71
8456;170
8457;170
8458;235
8459;210
8460;133
8461;242
8462;280
8463;228
8464;198
8465;228
8466;134
8467;145
8468;145
8469;34
8470;237
8471;228
8472;60
8473;231
8474;20
8475;11
8476;83
8477;166
8478;137
8479;286
8480;166
8481;149
8482;294
8483;210
8484;235
8485;66
8486;217
8487;40
8488;252
8489;145
8490;208
8491;149
8492;260
8493;243
8494;134
8495;170
8496;44
8497;170
8498;149
8499;37
8500;200
8501;112
8502;189
8503;285
8504;149
8505;112
8506;170
8507;285
8508;272
8509;145
8510;256
8511;86
8512;235
8513;115
8514;248
8515;189
8516;284
8517;189
8518;228
8519;14
8520;242
8521;189
8522;280
8523;170
8524;228
8525;18
8526;238
8527;134
8528;71
8529;198
8530;108
8531;189
8532;228
8533;189
8534;235
8535;133
8536;235
8537;210
8538;183
8539;48
8540;228
8541;202
8542;189
8543;235
8544;166
8545;214
8546;210
8547;252
8548;55
8549;224
8550;210
8551;134
8552;44
8553;260
8554;134
8555;248
8556;243
8557;285
8558;44
8559;170
8560;112
8561;134
8562;260
8563;213
8564;260
8565;189
8566;235
8567;210
8568;134
8569;235
8570;170
8571;235
8572;198
8573;294
8574;243
8575;236
8576;170
8577;200
8578;191
8579;166
8580;189
8581;189
8582;83
8583;189
8584;228
8585;242
8586;252
8587;170
8588;217
8589;83
8590;284
8591;200
8592;245
8593;280
8594;210
8595;149
8596;228
8597;213
8598;133
8599;81
8600;133
8601;189
8602;156
8603;189
8604;20
8605;71
8606;103
8607;213
8608;189
8609;60
8610;120
8611;189
8612;166
8613;170
8614;102
8615;149
8616;166
8617;260
8618;260
8619;38
8620;189
8621;38
8622;202
8623;228
8624;245
8625;48
8626;91
8627;189
8628;71
8629;14
8630;21
8631;87
8632;149
8633;252
8634;7
8635;280
8636;71
8637;170
8638;260
8639;208
8640;160
8641;228
8642;228
8643;210
8644;156
8645;170
8646;210
8647;83
8648;189
8649;248
8650;189
8651;60
8652;217
8653;134
8654;83
8655;189
8656;55
8657;228
8658;48
8659;293
8660;60
8661;159
8662;116
8663;55
8664;243
8665;189
8666;166
8667;277
8668;245
8669;103
8670;170
8671;210
8672;218
8673;37
8674;260
8675;166
8676;208
8677;112
8678;189
8679;248
8680;149
8681;189
8682;20
8683;235
8684;126
8685;149
8686;252
8687;235
8688;134
8689;137
8690;137
8691;260
8692;248
8693;228
8694;114
8695;83
8696;71
8697;149
8698;11
8699;34
8700;202
8701;133
8702;210
8703;189
8704;228
8705;170
8706;134
8707;235
8708;192
8709;189
8710;210
8711;112
8712;285
8713;182
8714;189
8715;189
8716;252
8717;170
8718;208
8719;60
8720;228
8721;189
8722;1
8723;60
8724;126
8725;83
8726;254
8727;294
8728;149
8729;108
8730;34
8731;170
8732;189
8733;156
8734;245
8735;189
8736;170
8737;102
8738;210
8739;108
8740;156
8741;83
8742;235
8743;103
8744;20
8745;149
8746;235
8747;7
8748;200
8749;40
8750;213
8751;86
8752;166
8753;202
8754;213
8755;112
8756;83
8757;245
8758;228
8759;245
8760;60
8761;245
8762;145
8763;189
8764;192
8765;189
8766;156
8767;166
8768;48
8769;208
8770;261
8771;134
8772;183
8773;160
8774;189
8775;108
8776;18
8777;280
8778;170
8779;134
8780;170
8781;66
8782;137
8783;170
8784;166
8785;149
8786;120
8787;245
8788;20
8789;149
8790;146
8791;87
8792;252
8793;114
8794;245
8795;228
8796;108
8797;245
8798;164
8799;243
8800;115
8801;228
8802;260
8803;134
8804;156
8805;114
8806;198
8807;71
8808;221
8809;91
8810;40
8811;260
8812;48
8813;48
8814;202
8815;102
8816;189
8817;280
8818;245
8819;149
8820;34
8821;228
8822;14
8823;260
8824;34
8825;228
8826;134
8827;182
8828;189
8829;265
8830;83
8831;250
8832;145
8833;192
8834;55
8835;208
8836;228
8837;209
8838;189
8839;103
8840;20
8841;228
8842;79
8843;140
8844;285
8845;228
8846;202
8847;137
8848;183
8849;166
8850;170
8851;177
8852;248
8853;243
8854;221
8855;137
8856;189
8857;183
8858;228
8859;170
8860;71
8861;245
8862;208
8863;260
8864;228
8865;221
8866;166
8867;166
8868;272
8869;112
8870;201
8871;166
8872;210
8873;87
8874;210
8875;112
8876;238
8877;212
8878;134
8879;1
8880;133
8881;189
8882;228
8883;164
8884;189
8885;128
8886;235
8887;189
8888;134
8889;202
8890;235
8891;235
8892;166
8893;214
8894;235
8895;235
8896;170
8897;156
8898;228
8899;189
8900;210
8901;40
8902;134
8903;210
8904;192
8905;170
8906;165
8907;245
8908;260
8909;210
8910;170
8911;170
8912;120
8913;189
8914;166
8915;243
8916;10
8917;248
8918;149
8919;166
8920;66
8921;285
8922;166
8923;55
8924;228
8925;16
8926;134
8927;48
8928;248
8929;189
8930;260
8931;170
8932;248
8933;189
8934;183
8935;156
8936;287
8937;157
8938;149
8939;71
8940;59
8941;235
8942;66
8943;243
8944;66
8945;149
8946;294
8947;294
8948;14
8949;145
8950;294
8951;210
8952;170
8953;59
8954;182
8955;103
8956;71
8957;20
8958;170
8959;83
8960;170
8961;248
8962;149
8963;149
8964;104
8965;248
8966;114
8967;128
8968;48
8969;228
8970;137
8971;170
8972;166
8973;201
8974;170
8975;221
8976;226
8977;71
8978;228
8979;228
8980;228
8981;98
8982;137
8983;228
8984;108
8985;189
8986;108
8987;260
8988;38
8989;261
8990;83
8991;228
8992;245
8993;137
8994;46
8995;83
8996;285
8997;59
8998;254
8999;105
9000;170
9001;166
9002;134
9003;170
9004;166
9005;189
9006;71
9007;260
9008;134
9009;245
9010;20
9011;183
9012;157
9013;189
9014;248
9015;71
9016;157
9017;166
9018;145
9019;156
9020;280
9021;83
9022;228
9023;210
9024;128
9025;149
9026;294
9027;1
9028;87
9029;228
9030;248
9031;59
9032;294
9033;294
9034;76
9035;189
9036;104
9037;146
9038;145
9039;228
9040;208
9041;260
9042;231
9043;226
9044;134
9045;149
9046;170
9047;83
9048;137
9049;245
9050;134
9051;235
9052;202
9053;228
9054;112
9055;189
9056;134
9057;189
9058;83
9059;159
9060;83
9061;261
9062;220
9063;156
9064;166
9065;235
9066;228
9067;245
9068;189
9069;102
9070;285
9071;228
9072;149
9073;189
9074;183
9075;242
9076;288
9077;87
9078;149
9079;252
9080;128
9081;60
9082;38
9083;221
9084;83
9085;189
9086;248
9087;166
9088;105
9089;149
9090;120
9091;189
9092;170
9093;237
9094;170
9095;86
9096;278
9097;133
9098;235
9099;278
9100;146
9101;20
9102;83
9103;235
9104;261
9105;149
9106;210
9107;102
9108;149
9109;189
9110;44
9111;285
9112;149
9113;114
9114;248
9115;189
9116;166
9117;260
9118;11
9119;20
9120;159
9121;134
9122;189
9123;176
9124;157
9125;149
9126;128
9127;44
9128;86
9129;228
9130;83
9131;71
9132;40
9133;166
9134;189
9135;34
9136;210
9137;278
9138;228
9139;71
9140;224
9141;105
9142;217
9143;260
9144;228
9145;71
9146;228
9147;198
9148;217
9149;189
9150;210
9151;248
9152;260
9153;228
9154;145
9155;243
9156;156
9157;38
9158;137
9159;248
9160;170
9161;137
9162;284
9163;260
9164;217
9165;71
9166;228
9167;198
9168;261
9169;149
9170;235
9171;104
9172;34
9173;235
9174;252
9175;198
9176;260
9177;208
9178;210
9179;146
9180;170
9181;236
9182;-1
9183;37
9184;157
9185;189
9186;217
9187;59
9188;71
9189;112
9190;112
9191;192
9192;224
9193;170
9194;20
9195;148
9196;210
9197;60
9198;189
9199;242
9200;260
9201;166
9202;108
9203;134
9204;260
9205;218
9206;71
9207;220
9208;166
9209;192
9210;235
9211;120
9212;189
9213;252
9214;81
9215;236
9216;112
9217;157
9218;189
9219;22
9220;189
9221;213
9222;189
9223;294
9224;210
9225;202
9226;18
9227;210
9228;166
9229;200
9230;228
9231;10
9232;112
9233;166
9234;59
9235;192
9236;83
9237;44
9238;280
9239;86
9240;252
9241;226
9242;156
9243;192
9244;166
9245;237
9246;116
9247;189
9248;126
9249;166
9250;265
9251;38
9252;128
9253;189
9254;189
9255;245
9256;221
9257;272
9258;235
9259;212
9260;228
9261;134
9262;245
9263;248
9264;156
9265;166
9266;220
9267;166
9268;149
9269;235
9270;137
9271;115
9272;218
9273;294
9274;294
9275;83
9276;156
9277;134
9278;228
9279;66
9280;149
9281;160
9282;134
9283;202
9284;202
9285;48
9286;103
9287;108
9288;226
9289;280
9290;294
9291;112
9292;284
9293;148
9294;156
9295;112
9296;156
9297;278
9298;157
9299;156
9300;149
9301;112
9302;102
9303;48
9304;20
9305;228
9306;20
9307;48
9308;128
9309;189
9310;126
9311;200
9312;66
9313;189
9314;210
9315;260
9316;248
9317;248
9318;189
9319;200
9320;83
9321;149
9322;86
9323;294
9324;217
9325;137
9326;20
9327;228
9328;87
9329;285
9330;149
9331;245
9332;242
9333;134
9334;254
9335;256
9336;235
9337;34
9338;202
9339;201
9340;120
9341;189
9342;20
9343;170
9344;157
9345;149
9346;294
9347;263
9348;210
9349;108
9350;156
9351;189
9352;217
9353;18
9354;242
9355;191
9356;48
9357;166
9358;260
9359;189
9360;250
9361;60
9362;71
9363;265
9364;250
9365;228
9366;134
9367;294
9368;149
9369;149
9370;213
9371;235
9372;235
9373;248
9374;243
9375;166
9376;285
9377;208
9378;250
9379;236
9380;284
9381;146
9382;145
9383;226
9384;-1
9385;228
9386;183
9387;170
9388;166
9389;248
9390;20
9391;129
9392;177
9393;112
9394;220
9395;102
9396;202
9397;24
9398;48
9399;156
9400;134
9401;149
9402;235
9403;115
9404;189
9405;8
9406;189
9407;62
9408;189
9409;189
9410;192
9411;245
9412;170
9413;115
9414;210
9415;86
9416;245
9417;40
9418;177
9419;10
9420;134
9421;134
9422;201
9423;149
9424;149
9425;37
9426;76
9427;248
9428;285
9429;189
9430;238
9431;124
9432;189
9433;112
9434;189
9435;217
9436;176
9437;235
9438;149
9439;243
9440;170
9441;228
9442;260
9443;149
9444;242
9445;189
9446;202
9447;149
9448;198
9449;103
9450;252
9451;137
9452;260
9453;87
9454;145
9455;34
9456;177
9457;228
9458;261
9459;128
9460;250
9461;83
9462;137
9463;210
9464;166
9465;126
9466;228
9467;294
9468;202
9469;20
9470;261
9471;112
9472;83
9473;242
9474;267
9475;252
9476;66
9477;208
9478;48
9479;210
9480;189
9481;245
9482;149
9483;228
9484;189
9485;293
9486;243
9487;243
9488;83
9489;235
9490;192
9491;228
9492;14
9493;170
9494;71
9495;280
9496;260
9497;210
9498;108
9499;38
9500;228
9501;235
9502;189
9503;60
9504;134
9505;170
9506;235
9507;114
9508;252
9509;149
9510;48
9511;134
9512;128
9513;134
9514;189
9515;189
9516;71
9517;166
9518;59
9519;266
9520;210
9521;189
9522;146
9523;210
9524;166
9525;170
9526;91
9527;286
9528;210
9529;134
9530;166
9531;126
9532;166
9533;294
9534;156
9535;112
9536;278
9537;245
9538;149
9539;260
9540;260
9541;149
9542;76
9543;189
9544;145
9545;20
9546;202
9547;20
9548;83
9549;286
9550;294
9551;272
9552;235
9553;248
9554;149
9555;189
9556;83
9557;177
9558;189
9559;228
9560;284
9561;183
9562;38
9563;285
9564;11
9565;86
9566;237
9567;126
9568;260
9569;202
9570;103
9571;221
9572;265
9573;71
9574;226
9575;102
9576;228
9577;228
9578;284
9579;112
9580;146
9581;243
9582;294
9583;145
9584;221
9585;170
9586;149
9587;91
9588;149
9589;235
9590;134
9591;250
9592;248
9593;170
9594;189
9595;71
9596;202
9597;170
9598;224
9599;166
9600;170
9601;149
9602;267
9603;278
9604;202
9605;260
9606;145
9607;189
9608;285
9609;170
9610;245
9611;83
9612;237
9613;235
9614;112
9615;248
9616;189
9617;133
9618;137
9619;87
9620;112
9621;133
9622;228
9623;285
9624;260
9625;236
9626;235
9627;91
9628;228
9629;83
9630;149
9631;137
9632;112
9633;189
9634;202
9635;149
9636;66
9637;8
9638;235
9639;156
9640;189
9641;294
9642;284
9643;146
9644;202
9645;221
9646;189
9647;1
9648;293
9649;7
9650;137
9651;166
9652;115
9653;248
9654;71
9655;210
9656;224
9657;285
9658;83
9659;254
9660;149
9661;129
9662;34
9663;156
9664;202
9665;234
9666;220
9667;44
9668;149
9669;254
9670;149
9671;83
9672;284
9673;285
9674;102
9675;189
9676;279
9677;189
9678;170
9679;112
9680;134
9681;245
9682;224
9683;260
9684;177
9685;170
9686;189
9687;44
9688;18
9689;14
9690;235
9691;91
9692;149
9693;280
9694;252
9695;252
9696;170
9697;266
9698;280
9699;189
9700;134
9701;210
9702;260
9703;103
9704;242
9705;189
9706;137
9707;245
9708;235
9709;86
9710;170
9711;189
9712;280
9713;83
9714;235
9715;71
9716;200
9717;86
9718;149
9719;71
9720;245
9721;260
9722;48
9723;200
9724;235
9725;83
9726;156
9727;202
9728;228
9729;166
9730;170
9731;86
9732;149
9733;235
9734;156
9735;137
9736;220
9737;156
9738;231
9739;294
9740;209
9741;261
9742;189
9743;228
9744;166
9745;166
9746;243
9747;243
9748;169
9749;83
9750;145
9751;189
9752;166
9753;114
9754;210
9755;146
9756;20
9757;245
9758;248
9759;252
9760;189
9761;71
9762;112
9763;166
9764;208
9765;192
9766;108
9767;245
9768;170
9769;62
9770;18
9771;34
9772;137
9773;277
9774;71
9775;192
9776;265
9777;243
9778;83
9779;166
9780;48
9781;103
9782;245
9783;149
9784;83
9785;86
9786;249
9787;34
9788;200
9789;60
9790;245
9791;114
9792;189
9793;235
9794;83
9795;170
9796;202
9797;48
9798;189
9799;137
9800;10
9801;79
9802;248
9803;285
9804;60
9805;170
9806;86
9807;248
9808;243
9809;189
9810;166
9811;288
9812;112
9813;149
9814;192
9815;260
9816;248
9817;76
9818;245
9819;245
9820;170
9821;133
9822;228
9823;71
9824;245
9825;166
9826;170
9827;116
9828;235
9829;16
9830;156
9831;170
9832;170
9833;38
9834;48
9835;71
9836;272
9837;103
9838;170
9839;284
9840;170
9841;97
9842;91
9843;245
9844;260
9845;83
9846;231
9847;189
9848;288
9849;149
9850;170
9851;260
9852;149
9853;189
9854;228
9855;48
9856;86
9857;189
9858;248
9859;189
9860;44
9861;166
9862;156
9863;20
9864;260
9865;183
9866;260
9867;59
9868;228
9869;166
9870;228
9871;166
9872;245
9873;1
9874;83
9875;59
9876;192
9877;260
9878;170
9879;164
9880;248
9881;114
9882;-1
9883;288
9884;166
9885;189
9886;245
9887;182
9888;235
9889;156
9890;243
9891;210
9892;189
9893;280
9894;79
9895;108
9896;71
9897;87
9898;250
9899;200
9900;71
9901;58
9902;189
9903;183
9904;170
9905;266
9906;234
9907;156
9908;242
9909;189
9910;124
9911;260
9912;166
9913;48
9914;160
9915;214
9916;166
9917;208
9918;224
9919;245
9920;189
9921;146
9922;71
9923;134
9924;157
9925;170
9926;83
9927;221
9928;1
9929;134
9930;280
9931;260
9932;59
9933;248
9934;134
9935;200
9936;170
9937;16
9938;156
9939;228
9940;108
9941;149
9942;250
9943;235
9944;48
9945;114
9946;254
9947;170
9948;83
9949;192
9950;217
9951;256
9952;166
9953;140
9954;71
9955;228
9956;156
9957;245
9958;284
9959;134
9960;228
9961;228
9962;220
9963;228
9964;140
9965;235
9966;261
9967;166
9968;177
9969;112
9970;224
9971;248
9972;166
9973;200
9974;60
9975;260
9976;48
9977;157
9978;182
9979;48
9980;87
9981;183
9982;149
9983;192
9984;260
9985;284
9986;189
9987;149
9988;252
9989;149
9990;192
9991;166
9992;18
9993;235
9994;156
9995;60
9996;83
9997;86
9998;285
9999;189
10000;71
10001;200
10002;105
10003;192
10004;108
10005;8
10006;48
10007;228
10008;66
10009;243
10010;228
10011;102
10012;189
10013;22
10014;76
10015;129
10016;252
10017;189
10018;112
10019;189
10020;235
10021;86
10022;252
10023;210
10024;170
10025;170
10026;213
10027;170
10028;189
10029;170
10030;248
10031;137
10032;189
10033;149
10034;87
10035;285
10036;149
10037;228
10038;11
10039;105
10040;231
10041;126
10042;260
10043;159
10044;134
10045;-1
10046;245
10047;189
10048;208
10049;284
10050;192
10051;228
10052;66
10053;71
10054;18
10055;189
10056;159
10057;189
10058;260
10059;217
10060;133
10061;166
10062;134
10063;83
10064;224
10065;280
10066;166
10067;44
10068;166
10069;48
10070;149
10071;192
10072;86
10073;210
10074;228
10075;156
10076;83
10077;170
10078;149
10079;260
10080;235
10081;284
10082;140
10083;157
10084;170
10085;115
10086;260
10087;146
10088;149
10089;156
10090;228
10091;210
10092;243
10093;277
10094;120
10095;108
10096;228
10097;133
10098;210
10099;146
10100;189
10101;245
10102;170
10103;112
10104;1
10105;-1
10106;245
10107;149
10108;59
10109;189
10110;166
10111;248
10112;83
10113;189
10114;170
10115;112
10116;20
10117;148
10118;252
10119;189
10120;245
10121;170
10122;157
10123;83
10124;228
10125;254
10126;71
10127;208
10128;149
10129;112
10130;166
10131;243
10132;243
10133;149
10134;217
10135;294
10136;189
10137;22
10138;170
10139;213
10140;166
10141;192
10142;149
10143;294
10144;76
10145;221
10146;62
10147;189
10148;210
10149;48
10150;294
10151;200
10152;66
10153;208
10154;182
10155;261
10156;166
10157;59
10158;44
10159;202
10160;140
10161;183
10162;160
10163;182
10164;237
10165;235
10166;83
10167;145
10168;189
10169;156
10170;278
10171;102
10172;210
10173;189
10174;245
10175;166
10176;235
10177;243
10178;1
10179;287
10180;166
10181;221
10182;83
10183;14
10184;71
10185;248
10186;105
10187;248
10188;235
10189;294
10190;202
10191;242
10192;202
10193;200
10194;217
10195;166
10196;170
10197;198
10198;166
10199;166
10200;208
10201;293
10202;83
10203;218
10204;134
10205;66
10206;156
10207;51
10208;44
10209;221
10210;46
10211;134
10212;260
10213;201
10214;112
10215;228
10216;134
10217;166
10218;294
10219;243
10220;129
10221;202
10222;-1
10223;248
10224;91
10225;235
10226;166
10227;149
10228;285
10229;60
10230;156
10231;145
10232;145
10233;71
10234;243
10235;170
10236;20
10237;14
10238;156
10239;170
10240;166
10241;170
10242;221
10243;189
10244;260
10245;234
10246;76
10247;166
10248;228
10249;200
10250;83
10251;102
10252;166
10253;86
10254;146
10255;58
10256;149
10257;210
10258;200
10259;260
10260;256
10261;189
10262;1
10263;170
10264;112
10265;235
10266;166
10267;146
10268;245
10269;217
10270;157
10271;46
10272;102
10273;228
10274;248
10275;212
10276;248
10277;201
10278;245
10279;166
10280;183
10281;235
10282;231
10283;170
10284;60
10285;176
10286;137
10287;221
10288;83
10289;176
10290;53
10291;149
10292;189
10293;149
10294;60
10295;235
10296;243
10297;166
10298;156
10299;134
10300;24
10301;202
10302;164
10303;8
10304;183
10305;20
10306;284
10307;20
10308;86
10309;285
10310;170
10311;166
10312;189
10313;243
10314;166
10315;170
10316;170
10317;87
10318;210
10319;149
10320;220
10321;261
10322;126
10323;192
10324;149
10325;235
10326;115
10327;112
10328;217
10329;166
10330;217
10331;149
10332;267
10333;201
10334;166
10335;245
10336;189
10337;156
10338;145
10339;166
10340;189
10341;183
10342;137
10343;134
10344;79
10345;248
10346;288
10347;243
10348;189
10349;129
10350;149
10351;59
10352;210
10353;294
10354;137
10355;83
10356;260
10357;202
10358;115
10359;228
10360;166
10361;44
10362;243
10363;149
10364;87
10365;156
10366;137
10367;248
10368;160
10369;60
10370;250
10371;48
10372;170
10373;228
10374;133
10375;191
10376;105
10377;272
10378;261
10379;71
10380;157
10381;183
10382;20
10383;149
10384;277
10385;71
10386;20
10387;149
10388;220
10389;139
10390;20
10391;38
10392;183
10393;14
10394;87
10395;44
10396;228
10397;58
10398;160
10399;166
10400;189
10401;48
10402;170
10403;115
10404;105
10405;278
10406;44
10407;34
10408;48
10409;235
10410;34
10411;169
10412;252
10413;235
10414;149
10415;58
10416;133
10417;81
10418;134
10419;228
10420;71
10421;267
10422;243
10423;189
10424;189
10425;76
10426;146
10427;86
10428;166
10429;221
10430;160
10431;48
10432;145
10433;200
10434;250
10435;166
10436;83
10437;166
10438;134
10439;170
10440;133
10441;277
10442;102
10443;34
10444;278
10445;189
10446;278
10447;91
10448;166
10449;248
10450;149
10451;284
10452;285
10453;280
10454;149
10455;140
10456;48
10457;71
10458;170
10459;156
10460;228
10461;115
10462;228
10463;183
10464;14
10465;177
10466;266
10467;48
10468;261
10469;248
10470;228
10471;14
10472;202
10473;126
10474;202
10475;115
10476;170
10477;146
10478;60
10479;149
10480;284
10481;189
10482;46
10483;210
10484;164
10485;226
10486;48
10487;160
10488;189
10489;248
10490;134
10491;201
10492;25
10493;243
10494;210
10495;252
10496;149
10497;10
10498;149
10499;218
10500;20
10501;189
10502;189
10503;189
10504;149
10505;156
10506;18
10507;20
10508;44
10509;278
10510;145
10511;166
10512;237
10513;51
10514;134
10515;137
10516;189
10517;126
10518;159
10519;192
10520;166
10521;156
10522;237
10523;221
10524;242
10525;76
10526;189
10527;243
10528;114
10529;164
10530;200
10531;71
10532;108
10533;134
10534;235
10535;133
10536;228
10537;263
10538;189
10539;261
10540;55
10541;114
10542;149
10543;189
10544;228
10545;102
10546;228
10547;248
10548;192
10549;189
10550;220
10551;228
10552;210
10553;60
10554;260
10555;228
10556;228
10557;38
10558;83
10559;71
10560;14
10561;226
10562;36
10563;149
10564;228
10565;46
10566;235
10567;156
10568;170
10569;58
10570;213
10571;146
10572;293
10573;189
10574;14
10575;166
10576;115
10577;149
10578;280
10579;260
10580;293
10581;66
10582;128
10583;44
10584;128
10585;261
10586;81
10587;83
10588;133
10589;134
10590;149
10591;46
10592;149
10593;242
10594;71
10595;102
10596;134
10597;20
10598;149
10599;25
10600;166
10601;170
10602;102
10603;97
10604;210
10605;189
10606;237
10607;20
10608;210
10609;284
10610;134
10611;91
10612;16
10613;243
10614;134
10615;210
10616;189
10617;228
10618;221
10619;20
10620;149
10621;48
10622;20
10623;44
10624;140
10625;226
10626;14
10627;260
10628;133
10629;114
10630;221
10631;252
10632;228
10633;210
10634;235
10635;226
10636;20
10637;44
10638;134
10639;189
10640;260
10641;189
10642;137
10643;60
10644;266
10645;71
10646;48
10647;245
10648;146
10649;71
10650;189
10651;201
10652;237
10653;137
10654;7
10655;166
10656;166
10657;228
10658;235
10659;260
10660;235
10661;245
10662;71
10663;226
10664;48
10665;226
10666;242
10667;133
10668;213
10669;280
10670;189
10671;280
10672;48
10673;217
10674;170
10675;83
10676;83
10677;235
10678;245
10679;252
10680;156
10681;213
10682;156
10683;213
10684;83
10685;145
10686;237
10687;267
10688;170
10689;228
10690;18
10691;235
10692;157
10693;208
10694;208
10695;156
10696;71
10697;235
10698;128
10699;245
10700;202
10701;260
10702;83
10703;20
10704;166
10705;294
10706;235
10707;189
10708;166
10709;48
10710;248
10711;166
10712;166
10713;102
10714;260
10715;208
10716;189
10717;208
10718;286
10719;202
10720;170
10721;108
10722;252
10723;20
10724;170
10725;146
10726;133
10727;133
10728;137
10729;235
10730;149
10731;189
10732;86
10733;189
10734;177
10735;210
10736;288
10737;210
10738;228
10739;235
10740;189
10741;294
10742;235
10743;260
10744;294
10745;294
10746;261
10747;20
10748;228
10749;71
10750;71
10751;245
10752;170
10753;149
10754;146
10755;133
10756;248
10757;228
10758;228
10759;16
10760;156
10761;86
10762;294
10763;189
10764;242
10765;254
10766;71
10767;18
10768;242
10769;210
10770;201
10771;278
10772;11
10773;213
10774;218
10775;260
10776;83
10777;83
10778;102
10779;189
10780;252
10781;260
10782;272
10783;166
10784;189
10785;261
10786;160
10787;235
10788;166
10789;20
10790;156
10791;191
10792;166
10793;189
10794;170
10795;140
10796;260
10797;137
10798;189
10799;220
10800;149
10801;71
10802;112
10803;34
10804;108
10805;243
10806;166
10807;285
10808;133
10809;149
10810;170
10811;220
10812;202
10813;134
10814;243
10815;156
10816;212
10817;149
10818;170
10819;83
10820;294
10821;201
10822;7
10823;48
10824;245
10825;202
10826;294
10827;71
10828;189
10829;280
10830;166
10831;226
10832;202
10833;137
10834;83
10835;189
10836;243
10837;189
10838;228
10839;235
10840;294
10841;201
10842;247
10843;210
10844;260
10845;166
10846;260
10847;160
10848;60
10849;260
10850;235
10851;83
10852;252
10853;96
10854;96
10855;242
10856;248
10857;189
10858;183
10859;86
10860;145
10861;149
10862;248
10863;282
10864;261
10865;192
10866;149
10867;156
10868;156
10869;166
10870;189
10871;294
10872;228
10873;245
10874;245
10875;189
10876;210
10877;102
10878;149
10879;200
10880;166
10881;242
10882;284
10883;278
10884;149
10885;214
10886;220
10887;145
10888;235
10889;224
10890;202
10891;192
10892;235
10893;60
10894;280
10895;202
10896;228
10897;157
10898;294
10899;102
10900;112
10901;66
10902;235
10903;16
10904;166
10905;228
10906;170
10907;48
10908;260
10909;189
10910;221
10911;166
10912;160
10913;60
10914;134
10915;248
10916;254
10917;228
10918;71
10919;189
10920;245
10921;235
10922;166
10923;284
10924;22
10925;245
10926;83
10927;38
10928;34
10929;189
10930;166
10931;183
10932;228
10933;201
10934;228
10935;149
10936;166
10937;170
10938;105
10939;66
10940;102
10941;24
10942;228
10943;156
10944;200
10945;189
10946;261
10947;102
10948;248
10949;114
10950;189
10951;59
10952;73
10953;116
10954;189
10955;260
10956;149
10957;235
10958;156
10959;242
10960;189
10961;87
10962;14
10963;14
10964;189
10965;208
10966;200
10967;166
10968;134
10969;272
10970;213
10971;189
10972;247
10973;254
10974;145
10975;228
10976;214
10977;166
10978;277
10979;189
10980;228
10981;51
10982;243
10983;170
10984;248
10985;235
10986;149
10987;189
10988;133
10989;51
10990;294
10991;231
10992;248
10993;236
10994;202
10995;242
10996;51
10997;166
10998;189
10999;91
11000;14
11001;210
11002;210
11003;71
11004;86
11005;189
11006;260
11007;149
11008;66
11009;189
11010;159
11011;166
11012;149
11013;242
11014;228
11015;73
11016;226
11017;201
11018;34
11019;87
11020;235
11021;210
11022;44
11023;198
11024;86
11025;278
11026;228
11027;20
11028;228
11029;235
11030;248
11031;137
11032;260
11033;220
11034;235
11035;235
11036;228
11037;170
11038;189
11039;157
11040;134
11041;260
11042;221
11043;210
11044;280
11045;170
11046;18
11047;60
11048;166
11049;112
11050;238
11051;149
11052;48
11053;134
11054;166
11055;189
11056;149
11057;260
11058;294
11059;20
11060;170
11061;48
11062;112
11063;285
11064;14
11065;221
11066;243
11067;156
11068;248
11069;192
11070;83
11071;170
11072;128
11073;210
11074;285
11075;53
11076;260
11077;134
11078;248
11079;177
11080;192
11081;86
11082;83
11083;235
11084;133
11085;202
11086;202
11087;137
11088;294
11089;210
11090;245
11091;243
11092;189
11093;228
11094;189
11095;83
11096;133
11097;294
11098;294
11099;235
11100;189
11101;210
11102;213
11103;166
11104;210
11105;285
11106;284
11107;62
11108;210
11109;278
11110;37
11111;145
11112;34
11113;272
11114;252
11115;145
11116;71
11117;11
11118;191
11119;34
11120;104
11121;40
11122;160
11123;210
11124;237
11125;189
11126;1
11127;112
11128;66
11129;137
11130;284
11131;260
11132;156
11133;252
11134;83
11135;235
11136;24
11137;209
11138;200
11139;212
11140;170
11141;189
11142;137
11143;170
11144;221
11145;189
11146;248
11147;156
11148;235
11149;228
11150;228
11151;260
11152;242
11153;280
11154;226
11155;133
11156;170
11157;166
11158;235
11159;235
11160;108
11161;166
11162;202
11163;170
11164;198
11165;59
11166;260
11167;84
11168;166
11169;120
11170;120
11171;280
11172;149
11173;192
11174;112
11175;134
11176;228
11177;235
11178;252
11179;245
11180;228
11181;221
11182;46
11183;177
11184;46
11185;149
11186;7
11187;245
11188;189
11189;83
11190;245
11191;228
11192;183
11193;112
11194;86
11195;189
11196;248
11197;8
11198;280
11199;294
11200;149
11201;243
11202;293
11203;170
11204;103
11205;170
11206;60
11207;209
11208;189
11209;170
11210;210
11211;91
11212;156
11213;210
11214;189
11215;149
11216;-1
11217;237
11218;252
11219;166
11220;86
11221;285
11222;76
11223;245
11224;166
11225;166
11226;221
11227;242
11228;228
11229;102
11230;245
11231;235
11232;260
11233;149
11234;243
11235;91
11236;189
11237;170
11238;114
11239;103
11240;256
11241;228
11242;252
11243;260
11244;112
11245;183
11246;157
11247;149
11248;160
11249;212
11250;285
11251;208
11252;210
11253;149
11254;114
11255;189
11256;248
11257;137
11258;210
11259;189
11260;189
11261;260
11262;71
11263;208
11264;228
11265;170
11266;260
11267;260
11268;294
11269;235
11270;254
11271;20
11272;228
11273;280
11274;192
11275;189
11276;166
11277;124
11278;166
11279;200
11280;149
11281;66
11282;260
11283;235
11284;260
11285;145
11286;189
11287;137
11288;280
11289;170
11290;252
11291;243
11292;228
11293;224
11294;140
11295;228
11296;210
11297;87
11298;245
11299;46
11300;170
11301;20
11302;115
11303;112
11304;83
11305;44
11306;200
11307;210
11308;260
11309;260
11310;260
11311;62
11312;260
11313;228
11314;66
11315;272
11316;189
11317;83
11318;272
11319;201
11320;169
11321;228
11322;170
11323;38
11324;166
11325;170
11326;260
11327;166
11328;228
11329;236
11330;189
11331;71
11332;242
11333;183
11334;252
11335;156
11336;134
11337;71
11338;170
11339;189
11340;146
11341;170
11342;208
11343;137
11344;34
11345;83
11346;286
11347;189
11348;83
11349;134
11350;267
11351;149
11352;149
11353;228
11354;40
11355;217
11356;189
11357;254
11358;114
11359;134
11360;228
11361;60
11362;236
11363;170
11364;245
11365;252
11366;170
11367;228
11368;156
11369;83
11370;209
11371;145
11372;267
11373;129
11374;134
11375;134
11376;285
11377;166
11378;189
11379;260
11380;260
11381;149
11382;220
11383;83
11384;213
11385;254
11386;235
11387;231
11388;189
11389;170
11390;266
11391;134
11392;282
11393;189
11394;46
11395;102
11396;60
11397;55
11398;44
11399;149
11400;160
11401;166
11402;261
11403;202
11404;170
11405;228
11406;238
11407;140
11408;260
11409;248
11410;245
11411;212
11412;235
11413;1
11414;134
11415;120
11416;170
11417;66
11418;183
11419;170
11420;115
11421;272
11422;245
11423;149
11424;226
11425;48
11426;149
11427;214
11428;20
11429;108
11430;87
11431;7
11432;114
11433;182
11434;166
11435;71
11436;200
11437;189
11438;156
11439;200
11440;134
11441;128
11442;170
11443;170
11444;71
11445;280
11446;198
11447;189
11448;83
11449;76
11450;228
11451;248
11452;235
11453;83
11454;156
11455;210
11456;128
11457;200
11458;91
11459;140
11460;235
11461;170
11462;137
11463;157
11464;228
11465;228
11466;16
11467;149
11468;83
11469;248
11470;213
11471;266
11472;228
11473;210
11474;209
11475;170
11476;245
11477;20
11478;243
11479;166
11480;156
11481;170
11482;115
11483;83
11484;260
11485;83
11486;228
11487;254
11488;104
11489;71
11490;83
11491;286
11492;71
11493;83
11494;284
11495;189
11496;285
11497;149
11498;157
11499;267
11500;260
11501;170
11502;86
11503;149
11504;256
11505;149
11506;115
11507;189
11508;156
11509;166
11510;189
11511;96
11512;245
11513;83
11514;238
11515;261
11516;208
11517;226
11518;170
11519;71
11520;228
11521;120
11522;210
11523;284
11524;37
11525;221
11526;134
11527;170
11528;48
11529;126
11530;1
11531;114
11532;228
11533;71
11534;242
11535;221
11536;71
11537;105
11538;55
11539;156
11540;235
11541;48
11542;189
11543;228
11544;116
11545;156
11546;287
11547;248
11548;149
11549;149
11550;166
11551;149
11552;112
11553;112
11554;18
11555;157
11556;183
11557;91
11558;48
11559;294
11560;245
11561;48
11562;170
11563;44
11564;235
11565;59
11566;149
11567;221
11568;234
11569;261
11570;228
11571;272
11572;83
11573;170
11574;149
11575;198
11576;266
11577;260
11578;14
11579;81
11580;166
11581;71
11582;140
11583;166
11584;212
11585;133
11586;66
11587;201
11588;83
11589;260
11590;245
11591;201
11592;260
11593;235
11594;76
11595;137
11596;279
11597;137
11598;213
11599;156
11600;58
11601;108
11602;170
11603;166
11604;198
11605;243
11606;87
11607;83
11608;228
11609;137
11610;159
11611;191
11612;252
11613;228
11614;228
11615;202
11616;133
11617;83
11618;157
11619;71
11620;149
11621;210
11622;145
11623;44
11624;83
11625;128
11626;71
11627;134
11628;252
11629;217
11630;189
11631;192
11632;137
11633;1
11634;166
11635;248
11636;55
11637;284
11638;166
11639;46
11640;157
11641;226
11642;242
11643;237
11644;44
11645;210
11646;170
11647;86
11648;86
11649;245
11650;48
11651;134
11652;210
11653;280
11654;176
11655;66
11656;210
11657;149
11658;140
11659;156
11660;189
11661;242
11662;71
11663;146
11664;228
11665;213
11666;145
11667;134
11668;112
11669;200
11670;189
11671;228
11672;116
11673;157
11674;102
11675;83
11676;279
11677;156
11678;260
11679;128
11680;192
11681;245
11682;166
11683;177
11684;234
11685;83
11686;189
11687;200
11688;44
11689;134
11690;102
11691;280
11692;170
11693;126
11694;228
11695;133
11696;134
11697;189
11698;242
11699;166
11700;170
11701;14
11702;20
11703;86
11704;166
11705;66
11706;137
11707;248
11708;278
11709;221
11710;133
11711;235
11712;34
11713;266
11714;210
11715;146
11716;128
11717;170
11718;228
11719;104
11720;217
11721;53
11722;245
11723;46
11724;235
11725;60
11726;103
11727;294
11728;278
11729;145
11730;242
11731;48
11732;228
11733;149
11734;221
11735;71
11736;189
11737;294
11738;149
11739;210
11740;189
11741;189
11742;218
11743;166
11744;72
11745;260
11746;157
11747;134
11748;189
11749;189
11750;248
11751;79
11752;210
11753;261
11754;149
11755;235
11756;280
11757;156
11758;166
11759;234
11760;102
11761;116
11762;189
11763;20
11764;198
11765;149
11766;166
11767;166
11768;62
11769;235
11770;170
11771;156
11772;212
11773;252
11774;20
11775;235
11776;260
11777;260
11778;189
11779;245
11780;146
11781;202
11782;245
11783;-1
11784;166
11785;124
11786;59
11787;112
11788;166
11789;83
11790;208
11791;189
11792;189
11793;149
11794;260
11795;261
11796;261
11797;34
11798;218
11799;280
11800;288
11801;260
11802;252
11803;242
11804;108
11805;134
11806;149
11807;166
11808;242
11809;294
11810;245
11811;261
11812;156
11813;213
11814;201
11815;210
11816;137
11817;245
11818;242
11819;278
11820;103
11821;189
11822;189
11823;280
11824;235
11825;46
11826;22
11827;149
11828;189
11829;71
11830;226
11831;221
11832;189
11833;280
11834;294
11835;170
11836;245
11837;200
11838;201
11839;177
11840;59
11841;254
11842;170
11843;254
11844;139
11845;166
11846;189
11847;189
11848;235
11849;34
11850;83
11851;166
11852;166
11853;228
11854;166
11855;201
11856;166
11857;124
11858;149
11859;224
11860;266
11861;294
11862;1
11863;133
11864;112
11865;245
11866;261
11867;189
11868;231
11869;243
11870;260
11871;294
11872;86
11873;120
11874;71
11875;260
11876;189
11877;189
11878;288
11879;201
11880;145
11881;40
11882;20
11883;235
11884;14
11885;177
11886;235
11887;166
11888;112
11889;156
11890;129
11891;256
11892;48
11893;128
11894;166
11895;189
11896;145
11897;228
11898;170
11899;242
11900;83
11901;189
11902;280
11903;177
11904;210
11905;48
11906;66
11907;149
11908;285
11909;189
11910;235
11911;242
11912;71
11913;280
11914;145
11915;48
11916;200
11917;79
11918;208
11919;128
11920;252
11921;199
11922;183
11923;58
11924;134
11925;210
11926;202
11927;209
11928;242
11929;145
11930;214
11931;133
11932;34
11933;170
11934;60
11935;170
11936;210
11937;140
11938;91
11939;102
11940;189
11941;120
11942;189
11943;228
11944;156
11945;170
11946;157
11947;149
11948;166
11949;202
11950;284
11951;245
11952;86
11953;235
11954;10
11955;38
11956;235
11957;149
11958;189
11959;38
11960;166
11961;38
11962;285
11963;114
11964;83
11965;235
11966;228
11967;228
11968;156
11969;102
11970;235
11971;112
11972;228
11973;149
11974;243
11975;228
11976;156
11977;76
11978;137
11979;228
11980;278
11981;149
11982;48
11983;261
11984;294
11985;189
11986;140
11987;235
11988;137
11989;210
11990;235
11991;242
11992;170
11993;137
11994;189
11995;137
11996;183
11997;170
11998;210
11999;166
12000;58
12001;20
12002;20
12003;66
12004;24
12005;170
12006;166
12007;102
12008;277
12009;8
12010;242
12011;134
12012;140
12013;170
12014;272
12015;245
12016;202
12017;202
12018;149
12019;245
12020;201
12021;248
12022;170
12023;134
12024;86
12025;170
12026;284
12027;189
12028;137
12029;112
12030;20
12031;87
12032;134
12033;108
12034;44
12035;176
12036;189
12037;280
12038;294
12039;228
12040;260
12041;237
12042;83
12043;189
12044;252
12045;260
12046;278
12047;272
12048;87
12049;285
12050;53
12051;48
12052;149
12053;221
12054;189
12055;86
12056;71
12057;228
12058;189
12059;183
12060;266
12061;79
12062;148
12063;1
12064;166
12065;166
12066;272
12067;66
12068;267
12069;134
12070;66
12071;1
12072;280
12073;252
12074;294
12075;287
12076;48
12077;24
12078;149
12079;76
12080;235
12081;189
12082;189
12083;228
12084;235
12085;170
12086;83
12087;288
12088;235
12089;228
12090;228
12091;189
12092;260
12093;58
12094;48
12095;228
12096;228
12097;293
12098;108
12099;170
12100;59
12101;170
12102;134
12103;134
12104;277
12105;286
12106;134
12107;1
12108;103
12109;149
12110;208
12111;170
12112;228
12113;265
12114;189
12115;102
12116;146
12117;87
12118;235
12119;66
12120;149
12121;149
12122;116
12123;91
12124;170
12125;294
12126;170
12127;71
12128;149
12129;87
12130;256
12131;166
12132;133
12133;189
12134;137
12135;245
12136;60
12137;248
12138;260
12139;71
12140;213
12141;280
12142;189
12143;189
12144;260
12145;279
12146;18
12147;170
12148;91
12149;208
12150;260
12151;252
12152;235
12153;116
12154;-1
12155;134
12156;114
12157;91
12158;245
12159;166
12160;228
12161;137
12162;112
12163;189
12164;134
12165;285
12166;48
12167;182
12168;189
12169;182
12170;292
12171;228
12172;146
12173;114
12174;103
12175;235
12176;170
12177;66
12178;83
12179;24
12180;156
12181;231
12182;183
12183;280
12184;278
12185;228
12186;210
12187;166
12188;277
12189;102
12190;149
12191;76
12192;115
12193;217
12194;166
12195;189
12196;224
12197;170
12198;214
12199;170
12200;245
12201;278
12202;44
12203;260
12204;294
12205;231
12206;261
12207;1
12208;137
12209;284
12210;108
12211;87
12212;200
12213;115
12214;210
12215;294
12216;170
12217;235
12218;260
12219;245
12220;231
12221;208
12222;170
12223;20
12224;245
12225;137
12226;228
12227;199
12228;71
12229;51
12230;66
12231;228
12232;210
12233;235
12234;183
12235;183
12236;170
12237;260
12238;149
12239;202
12240;83
12241;156
12242;66
12243;245
12244;86
12245;245
12246;189
12247;166
12248;102
12249;213
12250;170
12251;170
12252;228
12253;189
12254;112
12255;112
12256;166
12257;66
12258;224
12259;182
12260;284
12261;228
12262;254
12263;18
12264;83
12265;265
12266;170
12267;242
12268;217
12269;228
12270;71
12271;170
12272;8
12273;220
12274;71
12275;40
12276;24
12277;20
12278;236
12279;102
12280;156
12281;243
12282;83
12283;189
12284;170
12285;217
12286;83
12287;112
12288;235
12289;34
12290;7
12291;260
12292;83
12293;177
12294;235
12295;98
12296;149
12297;260
12298;83
12299;189
12300;235
12301;44
12302;294
12303;86
12304;252
12305;177
12306;252
12307;170
12308;51
12309;170
12310;200
12311;260
12312;60
12313;83
12314;170
12315;294
12316;189
12317;170
12318;91
12319;102
12320;228
12321;86
12322;20
12323;170
12324;189
12325;71
12326;66
12327;210
12328;228
12329;170
12330;71
12331;267
12332;159
12333;18
12334;66
12335;83
12336;166
12337;260
12338;149
12339;202
12340;261
12341;48
12342;34
12343;20
12344;108
12345;102
12346;20
12347;170
12348;87
12349;228
12350;108
12351;59
12352;228
12353;238
12354;248
12355;189
12356;210
12357;137
12358;156
12359;260
12360;59
12361;149
12362;189
12363;170
12364;18
12365;170
12366;83
12367;220
12368;228
12369;170
12370;71
12371;170
12372;210
12373;166
12374;261
12375;146
12376;59
12377;108
12378;115
12379;20
12380;108
12381;243
12382;91
12383;20
12384;170
12385;228
12386;156
12387;284
12388;170
12389;228
12390;112
12391;146
12392;134
12393;103
12394;149
12395;83
12396;170
12397;83
12398;228
12399;228
12400;83
12401;189
12402;129
12403;245
12404;166
12405;81
12406;166
12407;218
12408;242
12409;86
12410;83
12411;189
12412;242
12413;71
12414;66
12415;231
12416;66
12417;248
12418;166
12419;115
12420;294
12421;260
12422;145
12423;245
12424;20
12425;245
12426;245
12427;44
12428;1
12429;192
12430;166
12431;192
12432;208
12433;208
12434;164
12435;228
12436;159
12437;170
12438;170
12439;235
12440;87
12441;260
12442;261
12443;189
12444;59
12445;-1
12446;103
12447;189
12448;159
12449;214
12450;166
12451;170
12452;87
12453;260
12454;14
12455;226
12456;261
12457;149
12458;221
12459;149
12460;148
12461;189
12462;137
12463;235
12464;149
12465;210
12466;166
12467;20
12468;228
12469;149
12470;48
12471;124
12472;189
12473;149
12474;105
12475;112
12476;83
12477;44
12478;189
12479;48
12480;40
12481;83
12482;20
12483;48
12484;210
12485;242
12486;235
12487;59
12488;245
12489;83
12490;170
12491;228
12492;156
12493;170
12494;235
12495;260
12496;21
12497;228
12498;235
12499;44
12500;228
12501;170
12502;149
12503;228
12504;228
12505;71
12506;228
12507;140
12508;170
12509;235
12510;294
12511;235
12512;166
12513;102
12514;20
12515;235
12516;201
12517;44
12518;137
12519;87
12520;170
12521;20
12522;11
12523;71
12524;235
12525;210
12526;192
12527;36
12528;114
12529;156
12530;58
12531;198
12532;183
12533;170
12534;71
12535;108
12536;137
12537;34
12538;288
12539;248
12540;209
12541;189
12542;20
12543;238
12544;245
12545;44
12546;83
12547;189
12548;261
12549;83
12550;14
12551;1
12552;146
12553;71
12554;40
12555;170
12556;166
12557;44
12558;1
12559;46
12560;166
12561;284
12562;213
12563;170
12564;248
12565;157
12566;294
12567;160
12568;202
12569;260
12570;250
12571;192
12572;294
12573;128
12574;228
12575;202
12576;189
12577;260
12578;166
12579;40
12580;149
12581;160
12582;40
12583;126
12584;235
12585;24
12586;248
12587;189
12588;170
12589;128
12590;183
12591;48
12592;83
12593;83
12594;261
12595;202
12596;170
12597;149
12598;189
12599;34
12600;189
12601;208
12602;170
12603;128
12604;189
12605;183
12606;235
12607;183
12608;116
12609;-1
12610;79
12611;228
12612;71
12613;83
12614;200
12615;284
12616;149
12617;21
12618;166
12619;20
12620;112
12621;137
12622;198
12623;83
12624;156
12625;22
12626;234
12627;156
12628;83
12629;256
12630;200
12631;228
12632;170
12633;166
12634;40
12635;170
12636;20
12637;170
12638;243
12639;145
12640;202
12641;294
12642;221
12643;245
12644;149
12645;237
12646;248
12647;228
12648;166
12649;156
12650;83
12651;66
12652;221
12653;149
12654;237
12655;213
12656;146
12657;228
12658;166
12659;157
12660;166
12661;46
12662;170
12663;166
12664;189
12665;243
12666;46
12667;208
12668;260
12669;18
12670;134
12671;245
12672;245
12673;91
12674;247
12675;279
12676;235
12677;280
12678;1
12679;210
12680;170
12681;210
12682;237
12683;83
12684;156
12685;156
12686;189
12687;248
12688;189
12689;14
12690;83
12691;156
12692;266
12693;189
12694;71
12695;210
12696;210
12697;210
12698;112
12699;170
12700;189
12701;220
12702;140
12703;245
12704;166
12705;285
12706;280
12707;156
12708;202
12709;217
12710;1
12711;114
12712;44
12713;128
12714;242
12715;192
12716;189
12717;285
12718;189
12719;83
12720;156
12721;202
12722;83
12723;156
12724;-1
12725;71
12726;87
12727;189
12728;166
12729;177
12730;124
12731;112
12732;166
12733;182
12734;83
12735;166
12736;285
12737;139
12738;83
12739;79
12740;261
12741;212
12742;228
12743;60
12744;250
12745;134
12746;200
12747;288
12748;260
12749;228
12750;48
12751;170
12752;71
12753;238
12754;170
12755;170
12756;34
12757;260
12758;266
12759;83
12760;-1
12761;71
12762;192
12763;248
12764;260
12765;189
12766;245
12767;235
12768;166
12769;145
12770;245
12771;189
12772;149
12773;20
12774;145
12775;102
12776;76
12777;189
12778;238
12779;252
12780;202
12781;220
12782;189
12783;166
12784;189
12785;83
12786;145
12787;280
12788;189
12789;248
12790;210
12791;192
12792;149
12793;170
12794;189
12795;166
12796;149
12797;83
12798;228
12799;79
12800;189
12801;133
12802;189
12803;139
12804;71
12805;102
12806;128
12807;149
12808;189
12809;170
12810;177
12811;149
12812;210
12813;213
12814;260
12815;213
12816;80
12817;170
12818;235
12819;18
12820;139
12821;260
12822;245
12823;149
12824;217
12825;34
12826;228
12827;228
12828;221
12829;120
12830;166
12831;166
12832;228
12833;166
12834;220
12835;210
12836;116
12837;160
12838;235
12839;86
12840;1
12841;260
12842;252
12843;210
12844;202
12845;263
12846;261
12847;272
12848;166
12849;260
12850;8
12851;71
12852;114
12853;248
12854;189
12855;285
12856;157
12857;201
12858;294
12859;134
12860;252
12861;243
12862;128
12863;189
12864;156
12865;228
12866;202
12867;245
12868;149
12869;156
12870;242
12871;145
12872;248
12873;221
12874;201
12875;242
12876;238
12877;202
12878;228
12879;91
12880;189
12881;260
12882;140
12883;242
12884;87
12885;8
12886;200
12887;177
12888;83
12889;83
12890;83
12891;129
12892;156
12893;189
12894;220
12895;228
12896;58
12897;166
12898;60
12899;24
12900;170
12901;7
12902;10
12903;145
12904;60
12905;58
12906;192
12907;102
12908;129
12909;134
12910;34
12911;245
12912;189
12913;217
12914;149
12915;260
12916;237
12917;156
12918;18
12919;221
12920;166
12921;278
12922;38
12923;189
12924;202
12925;166
12926;242
12927;231
12928;263
12929;210
12930;183
12931;112
12932;254
12933;102
12934;53
12935;189
12936;112
12937;245
12938;260
12939;140
12940;44
12941;149
12942;189
12943;202
12944;146
12945;277
12946;260
12947;210
12948;243
12949;83
12950;115
12951;166
12952;58
12953;278
12954;166
12955;160
12956;260
12957;108
12958;189
12959;278
12960;134
12961;189
12962;48
12963;166
12964;112
12965;170
12966;149
12967;166
12968;4
12969;87
12970;166
12971;201
12972;284
12973;166
12974;260
12975;228
12976;11
12977;202
12978;170
12979;44
12980;226
12981;81
12982;87
12983;189
12984;228
12985;210
12986;260
12987;166
12988;189
12989;83
12990;235
12991;249
12992;156
12993;176
12994;149
12995;156
12996;260
12997;166
12998;221
12999;149
13000;294
13001;140
13002;285
13003;228
13004;260
13005;217
13006;220
13007;44
13008;145
13009;87
13010;243
13011;102
13012;280
13013;166
13014;160
13015;145
13016;221
13017;48
13018;266
13019;260
13020;202
13021;79
13022;199
13023;105
13024;156
13025;133
13026;278
13027;220
13028;48
13029;157
13030;238
13031;149
13032;228
13033;48
13034;231
13035;212
13036;284
13037;170
13038;170
13039;201
13040;280
13041;282
13042;83
13043;58
13044;242
13045;83
13046;260
13047;210
13048;189
13049;235
13050;235
13051;228
13052;166
13053;166
13054;146
13055;245
13056;160
13057;260
13058;202
13059;149
13060;235
13061;166
13062;170
13063;149
13064;149
13065;148
13066;235
13067;210
13068;149
13069;189
13070;266
13071;210
13072;189
13073;134
13074;228
13075;202
13076;137
13077;76
13078;217
13079;156
13080;83
13081;243
13082;137
13083;134
13084;228
13085;87
13086;83
13087;235
13088;200
13089;48
13090;250
13091;149
13092;60
13093;189
13094;256
13095;213
13096;66
13097;137
13098;235
13099;156
13100;228
13101;189
13102;192
13103;294
13104;261
13105;245
13106;149
13107;284
13108;14
13109;235
13110;256
13111;137
13112;226
13113;159
13114;166
13115;149
13116;182
13117;189
13118;133
13119;221
13120;235
13121;148
13122;189
13123;166
13124;260
13125;266
13126;91
13127;79
13128;228
13129;189
13130;170
13131;48
13132;170
13133;260
13134;248
13135;248
13136;166
13137;189
13138;182
13139;252
13140;260
13141;146
13142;116
13143;286
13144;213
13145;200
13146;134
13147;198
13148;14
13149;280
13150;248
13151;228
13152;24
13153;156
13154;242
13155;189
13156;235
13157;218
13158;202
13159;71
13160;228
13161;280
13162;71
13163;189
13164;228
13165;214
13166;287
13167;284
13168;20
13169;280
13170;278
13171;44
13172;277
13173;245
13174;231
13175;166
13176;137
13177;228
13178;284
13179;14
13180;243
13181;189
13182;170
13183;183
13184;149
13185;245
13186;157
13187;71
13188;170
13189;22
13190;242
13191;245
13192;220
13193;235
13194;228
13195;166
13196;112
13197;20
13198;71
13199;20
13200;208
13201;20
13202;18
13203;116
13204;248
13205;66
13206;280
13207;156
13208;156
13209;243
13210;170
13211;71
13212;149
13213;108
13214;228
13215;166
13216;210
13217;134
13218;66
13219;245
13220;170
13221;228
13222;71
13223;112
13224;228
13225;189
13226;156
13227;60
13228;7
13229;116
13230;14
13231;228
13232;189
13233;166
13234;242
13235;217
13236;160
13237;170
13238;149
13239;226
13240;34
13241;260
13242;71
13243;228
13244;102
13245;166
13246;34
13247;166
13248;235
13249;83
13250;189
13251;261
13252;134
13253;208
13254;34
13255;224
13256;156
13257;243
13258;221
13259;60
13260;252
13261;220
13262;210
13263;156
13264;214
13265;146
13266;210
13267;260
13268;294
13269;228
13270;252
13271;228
13272;189
13273;20
13274;177
13275;60
13276;260
13277;228
13278;202
13279;128
13280;71
13281;243
13282;248
13283;46
13284;146
13285;294
13286;66
13287;228
13288;260
13289;189
13290;189
13291;280
13292;166
13293;210
13294;170
13295;128
13296;166
13297;76
13298;220
13299;260
13300;242
13301;83
13302;213
13303;149
13304;235
13305;112
13306;91
13307;66
13308;170
13309;87
13310;284
13311;228
13312;228
13313;170
13314;238
13315;166
13316;66
13317;156
13318;114
13319;228
13320;116
13321;156
13322;272
13323;221
13324;48
13325;243
13326;183
13327;189
13328;166
13329;18
13330;160
13331;83
13332;166
13333;245
13334;14
13335;228
13336;260
13337;182
13338;189
13339;260
13340;248
13341;260
13342;20
13343;97
13344;261
13345;243
13346;66
13347;1
13348;156
13349;16
13350;228
13351;286
13352;284
13353;146
13354;91
13355;134
13356;170
13357;71
13358;252
13359;83
13360;245
13361;245
13362;166
13363;228
13364;83
13365;87
13366;133
13367;149
13368;166
13369;133
13370;242
13371;166
13372;60
13373;285
13374;228
13375;71
13376;248
13377;252
13378;210
13379;86
13380;252
13381;263
13382;280
13383;126
13384;189
13385;166
13386;260
13387;103
13388;149
13389;86
13390;260
13391;260
13392;156
13393;149
13394;170
13395;286
13396;192
13397;192
13398;260
13399;260
13400;208
13401;21
13402;245
13403;91
13404;59
13405;228
13406;160
13407;189
13408;166
13409;260
13410;189
13411;189
13412;159
13413;71
13414;228
13415;238
13416;20
13417;214
13418;48
13419;243
13420;59
13421;260
13422;166
13423;235
13424;243
13425;189
13426;149
13427;224
13428;235
13429;137
13430;120
13431;145
13432;71
13433;248
13434;148
13435;189
13436;137
13437;14
13438;248
13439;169
13440;261
13441;149
13442;60
13443;156
13444;189
13445;170
13446;277
13447;108
13448;166
13449;166
13450;280
13451;34
13452;166
13453;177
13454;40
13455;156
13456;20
13457;228
13458;134
13459;228
13460;87
13461;170
13462;86
13463;108
13464;189
13465;11
13466;189
13467;21
13468;252
13469;120
13470;235
13471;60
13472;149
13473;248
13474;243
13475;170
13476;260
13477;170
13478;189
13479;44
13480;210
13481;160
13482;149
13483;134
13484;235
13485;11
13486;183
13487;37
13488;245
13489;83
13490;198
13491;170
13492;149
13493;170
13494;183
13495;166
13496;157
13497;149
13498;210
13499;14
13500;108
13501;34
13502;156
13503;217
13504;235
13505;272
13506;277
13507;145
13508;210
13509;260
13510;126
13511;148
13512;166
13513;189
13514;37
13515;189
13516;202
13517;261
13518;83
13519;242
13520;166
13521;137
13522;48
13523;189
13524;44
13525;22
13526;157
13527;128
13528;228
13529;149
13530;260
13531;108
13532;176
13533;235
13534;228
13535;51
13536;210
13537;228
13538;71
13539;115
13540;112
13541;189
13542;208
13543;104
13544;183
13545;149
13546;245
13547;157
13548;228
13549;76
13550;66
13551;140
13552;294
13553;156
13554;160
13555;156
13556;209
13557;102
13558;189
13559;87
13560;228
13561;83
13562;210
13563;294
13564;261
13565;21
13566;149
13567;245
13568;170
13569;294
13570;284
13571;245
13572;280
13573;170
13574;14
13575;14
13576;260
13577;235
13578;245
13579;10
13580;62
13581;208
13582;286
13583;40
13584;55
13585;189
13586;243
13587;103
13588;126
13589;83
13590;228
13591;146
13592;254
13593;252
13594;83
13595;46
13596;242
13597;260
13598;103
13599;237
13600;265
13601;220
13602;243
13603;228
13604;166
13605;192
13606;182
13607;51
13608;238
13609;166
13610;192
13611;83
13612;189
13613;166
13614;245
13615;189
13616;189
13617;91
13618;236
13619;7
13620;166
13621;192
13622;83
13623;91
13624;166
13625;182
13626;210
13627;71
13628;146
13629;198
13630;83
13631;198
13632;242
13633;210
13634;189
13635;210
13636;21
13637;14
13638;83
13639;40
13640;60
13641;285
13642;294
13643;250
13644;254
13645;145
13646;176
13647;260
13648;266
13649;189
13650;170
13651;83
13652;115
13653;228
13654;280
13655;228
13656;14
13657;208
13658;284
13659;189
13660;66
13661;166
13662;133
13663;285
13664;170
13665;166
13666;294
13667;228
13668;71
13669;46
13670;10
13671;243
13672;149
13673;280
13674;208
13675;236
13676;112
13677;252
13678;202
13679;128
13680;71
13681;48
13682;170
13683;261
13684;189
13685;189
13686;91
13687;280
13688;137
13689;103
13690;260
13691;228
13692;260
13693;235
13694;170
13695;260
13696;210
13697;83
13698;189
13699;189
13700;149
13701;243
13702;245
13703;20
13704;294
13705;228
13706;156
13707;166
13708;166
13709;210
13710;83
13711;245
13712;245
13713;231
13714;210
13715;208
13716;208
13717;16
13718;235
13719;189
13720;166
13721;189
13722;170
13723;278
13724;294
13725;149
13726;248
13727;252
13728;126
13729;66
13730;134
13731;294
13732;252
13733;210
13734;278
13735;261
13736;134
13737;83
13738;145
13739;149
13740;189
13741;192
13742;221
13743;166
13744;86
13745;238
13746;202
13747;243
13748;62
13749;76
13750;176
13751;129
13752;212
13753;1
13754;112
13755;189
13756;102
13757;260
13758;134
13759;252
13760;156
13761;83
13762;86
13763;210
13764;60
13765;149
13766;260
13767;225
13768;210
13769;250
13770;71
13771;243
13772;97
13773;202
13774;228
13775;71
13776;18
13777;170
13778;1
13779;285
13780;91
13781;120
13782;226
13783;34
13784;166
13785;160
13786;20
13787;280
13788;160
13789;189
13790;210
13791;71
13792;236
13793;134
13794;228
13795;210
13796;228
13797;71
13798;189
13799;120
13800;183
13801;146
13802;58
13803;213
13804;166
13805;91
13806;286
13807;46
13808;112
13809;189
13810;126
13811;7
13812;210
13813;238
13814;260
13815;66
13816;228
13817;252
13818;200
13819;83
13820;260
13821;245
13822;145
13823;294
13824;212
13825;214
13826;285
13827;166
13828;170
13829;102
13830;224
13831;149
13832;260
13833;58
13834;86
13835;37
13836;71
13837;189
13838;96
13839;245
13840;285
13841;192
13842;128
13843;133
13844;260
13845;83
13846;220
13847;243
13848;24
13849;260
13850;220
13851;294
13852;112
13853;166
13854;170
13855;112
13856;183
13857;38
13858;112
13859;245
13860;156
13861;58
13862;260
13863;248
13864;48
13865;170
13866;235
13867;260
13868;234
13869;210
13870;149
13871;189
13872;228
13873;156
13874;170
13875;60
13876;282
13877;149
13878;248
13879;236
13880;166
13881;134
13882;166
13883;294
13884;166
13885;235
13886;120
13887;210
13888;40
13889;280
13890;189
13891;176
13892;235
13893;170
13894;34
13895;112
13896;245
13897;34
13898;260
13899;250
13900;260
13901;149
13902;228
13903;60
13904;260
13905;260
13906;256
13907;189
13908;200
13909;235
13910;200
13911;260
13912;235
13913;284
13914;228
13915;294
13916;288
13917;146
13918;46
13919;115
13920;145
13921;189
13922;170
13923;24
13924;231
13925;210
13926;103
13927;83
13928;189
13929;166
13930;221
13931;146
13932;83
13933;134
13934;228
13935;280
13936;134
13937;44
13938;145
13939;60
13940;237
13941;71
13942;166
13943;245
13944;245
13945;228
13946;189
13947;228
13948;294
13949;170
13950;83
13951;284
13952;83
13953;126
13954;231
13955;170
13956;170
13957;260
13958;137
13959;266
13960;20
13961;120
13962;221
13963;97
13964;120
13965;160
13966;243
13967;170
13968;149
13969;228
13970;278
13971;83
13972;81
13973;170
13974;192
13975;286
13976;38
13977;280
13978;66
13979;260
13980;189
13981;192
13982;177
13983;177
13984;228
13985;149
13986;48
13987;260
13988;11
13989;114
13990;288
13991;245
13992;71
13993;208
13994;146
13995;235
13996;71
13997;83
13998;105
13999;209
14000;55
14001;170
14002;166
14003;245
14004;20
14005;280
14006;166
14007;189
14008;200
14009;156
14010;228
14011;231
14012;137
14013;260
14014;170
14015;189
14016;170
14017;210
14018;58
14019;242
14020;228
14021;189
14022;210
14023;112
14024;134
14025;166
14026;202
14027;243
14028;245
14029;160
14030;210
14031;260
14032;285
14033;60
14034;237
14035;280
14036;210
14037;128
14038;126
14039;149
14040;166
14041;189
14042;137
14043;228
14044;8
14045;48
14046;234
14047;245
14048;149
14049;71
14050;189
14051;277
14052;260
14053;277
14054;170
14055;83
14056;252
14057;24
14058;83
14059;149
14060;134
14061;284
14062;210
14063;166
14064;91
14065;37
14066;14
14067;284
14068;18
14069;76
14070;149
14071;149
14072;149
14073;228
14074;134
14075;156
14076;243
14077;182
14078;166
14079;266
14080;71
14081;149
14082;177
14083;243
14084;156
14085;146
14086;170
14087;133
14088;261
14089;66
14090;149
14091;248
14092;166
14093;38
14094;53
14095;192
14096;166
14097;294
14098;20
14099;286
14100;212
14101;198
14102;114
14103;265
14104;149
14105;210
14106;226
14107;108
14108;221
14109;260
14110;280
14111;228
14112;235
14113;228
14114;235
14115;166
14116;137
14117;71
14118;166
14119;91
14120;242
14121;277
14122;228
14123;71
14124;134
14125;83
14126;213
14127;285
14128;260
14129;48
14130;48
14131;200
14132;231
14133;242
14134;183
14135;157
14136;228
14137;280
14138;128
14139;166
14140;79
14141;176
14142;285
14143;83
14144;235
14145;156
14146;20
14147;145
14148;137
14149;210
14150;156
14151;294
14152;166
14153;34
14154;189
14155;170
14156;128
14157;256
14158;202
14159;189
14160;256
14161;280
14162;31
14163;170
14164;170
14165;210
14166;20
14167;133
14168;134
14169;228
14170;166
14171;134
14172;22
14173;83
14174;198
14175;245
14176;55
14177;40
14178;245
14179;226
14180;112
14181;176
14182;189
14183;40
14184;105
14185;228
14186;86
14187;83
14188;245
14189;133
14190;260
14191;71
14192;7
14193;166
14194;137
14195;170
14196;149
14197;48
14198;170
14199;149
14200;102
14201;198
14202;189
14203;137
14204;294
14205;71
14206;166
14207;252
14208;210
14209;228
14210;156
14211;102
14212;66
14213;228
14214;212
14215;128
14216;189
14217;280
14218;83
14219;294
14220;183
14221;149
14222;149
14223;189
14224;202
14225;170
14226;294
14227;177
14228;182
14229;102
14230;71
14231;231
14232;166
14233;170
14234;260
14235;189
14236;20
14237;220
14238;34
14239;166
14240;20
14241;226
14242;156
14243;202
14244;248
14245;294
14246;83
14247;166
14248;128
14249;260
14250;157
14251;133
14252;189
14253;128
14254;294
14255;192
14256;1
14257;235
14258;86
14259;83
14260;278
14261;235
14262;248
14263;134
14264;91
14265;235
14266;202
14267;166
14268;235
14269;170
14270;170
14271;105
14272;212
14273;48
14274;114
14275;71
14276;228
14277;115
14278;18
14279;37
14280;112
14281;166
14282;252
14283;189
14284;60
14285;202
14286;192
14287;284
14288;245
14289;83
14290;18
14291;170
14292;248
14293;83
14294;280
14295;160
14296;228
14297;228
14298;166
14299;34
14300;170
14301;137
14302;134
14303;71
14304;189
14305;260
14306;166
14307;260
14308;16
14309;245
14310;157
14311;228
14312;166
14313;166
14314;133
14315;210
14316;137
14317;245
14318;228
14319;166
14320;156
14321;213
14322;149
14323;221
14324;133
14325;156
14326;145
14327;146
14328;260
14329;114
14330;285
14331;252
14332;157
14333;148
14334;38
14335;166
14336;62
14337;235
14338;260
14339;189
14340;228
14341;260
14342;160
14343;166
14344;112
14345;260
14346;245
14347;183
14348;166
14349;228
14350;210
14351;170
14352;83
14353;228
14354;201
14355;294
14356;76
14357;238
14358;189
14359;156
14360;189
14361;235
14362;60
14363;59
14364;11
14365;294
14366;149
14367;145
14368;248
14369;189
14370;210
14371;192
14372;156
14373;261
14374;112
14375;166
14376;237
14377;280
14378;183
14379;208
14380;170
14381;24
14382;245
14383;166
14384;44
14385;261
14386;102
14387;285
14388;108
14389;183
14390;294
14391;126
14392;218
14393;170
14394;277
14395;189
14396;189
14397;235
14398;235
14399;280
14400;137
14401;156
14402;228
14403;14
14404;189
14405;112
14406;103
14407;293
14408;48
14409;189
14410;114
14411;115
14412;134
14413;224
14414;170
14415;294
14416;145
14417;189
14418;228
14419;235
14420;228
14421;60
14422;224
14423;189
14424;83
14425;91
14426;134
14427;71
14428;210
14429;149
14430;170
14431;112
14432;116
14433;170
14434;14
14435;44
14436;156
14437;87
14438;156
14439;234
14440;145
14441;243
14442;48
14443;156
14444;76
14445;145
14446;243
14447;192
14448;128
14449;294
14450;166
14451;248
14452;235
14453;218
14454;200
14455;261
14456;210
14457;201
14458;140
14459;137
14460;166
14461;284
14462;140
14463;133
14464;189
14465;128
14466;245
14467;166
14468;210
14469;235
14470;170
14471;40
14472;228
14473;71
14474;242
14475;237
14476;170
14477;149
14478;58
14479;166
14480;254
14481;91
14482;134
14483;139
14484;48
14485;134
14486;145
14487;260
14488;280
14489;146
14490;83
14491;140
14492;120
14493;260
14494;228
14495;81
14496;235
14497;189
14498;189
14499;133
14500;189
14501;60
14502;221
14503;1
14504;20
14505;294
14506;134
14507;156
14508;60
14509;87
14510;189
14511;166
14512;170
14513;11
14514;83
14515;145
14516;120
14517;91
14518;210
14519;245
14520;159
14521;170
14522;201
14523;294
14524;170
14525;166
14526;134
14527;20
14528;284
14529;40
14530;183
14531;128
14532;14
14533;44
14534;260
14535;228
14536;288
14537;202
14538;112
14539;208
14540;277
14541;278
14542;228
14543;103
14544;198
14545;189
14546;133
14547;156
14548;294
14549;252
14550;192
14551;243
14552;48
14553;166
14554;226
14555;177
14556;242
14557;1
14558;103
14559;235
14560;129
14561;278
14562;238
14563;40
14564;79
14565;8
14566;285
14567;140
14568;59
14569;192
14570;294
14571;137
14572;149
14573;83
14574;245
14575;235
14576;210
14577;114
14578;245
14579;202
14580;238
14581;189
14582;226
14583;202
14584;66
14585;214
14586;252
14587;112
14588;217
14589;198
14590;137
14591;18
14592;243
14593;146
14594;210
14595;192
14596;183
14597;134
14598;189
14599;40
14600;156
14601;254
14602;294
14603;170
14604;170
14605;278
14606;189
14607;210
14608;105
14609;71
14610;202
14611;71
14612;189
14613;242
14614;228
14615;66
14616;235
14617;83
14618;170
14619;228
14620;285
14621;208
14622;261
14623;235
14624;245
14625;149
14626;280
14627;236
14628;228
14629;252
14630;210
14631;228
14632;189
14633;14
14634;202
14635;242
14636;170
14637;83
14638;189
14639;256
14640;76
14641;182
14642;157
14643;260
14644;-1
14645;34
14646;-1
14647;294
14648;260
14649;260
14650;170
14651;243
14652;59
14653;146
14654;149
14655;235
14656;149
14657;235
14658;213
14659;294
14660;170
14661;149
14662;208
14663;284
14664;166
14665;166
14666;221
14667;58
14668;83
14669;166
14670;266
14671;208
14672;252
14673;83
14674;108
14675;189
14676;170
14677;294
14678;189
14679;149
14680;44
14681;228
14682;83
14683;208
14684;134
14685;66
14686;243
14687;278
14688;183
14689;145
14690;208
14691;20
14692;140
14693;137
14694;210
14695;213
14696;183
14697;146
14698;213
14699;166
14700;71
14701;221
14702;243
14703;114
14704;189
14705;83
14706;248
14707;149
14708;285
14709;146
14710;294
14711;287
14712;228
14713;20
14714;20
14715;260
14716;217
14717;280
14718;86
14719;217
14720;277
14721;243
14722;91
14723;260
14724;221
14725;202
14726;156
14727;210
14728;137
14729;-1
14730;189
14731;1
14732;280
14733;48
14734;228
14735;83
14736;235
14737;1
14738;210
14739;236
14740;103
14741;170
14742;228
14743;124
14744;83
14745;235
14746;214
14747;24
14748;166
14749;243
14750;189
14751;44
14752;189
14753;170
14754;226
14755;192
14756;149
14757;149
14758;272
14759;170
14760;252
14761;177
14762;245
14763;189
14764;260
14765;189
14766;248
14767;71
14768;146
14769;7
14770;189
14771;145
14772;294
14773;252
14774;278
14775;48
14776;166
14777;189
14778;81
14779;285
14780;156
14781;48
14782;34
14783;210
14784;146
14785;189
14786;192
14787;86
14788;48
14789;115
14790;294
14791;46
14792;79
14793;60
14794;134
14795;24
14796;71
14797;286
14798;96
14799;261
14800;260
14801;252
14802;285
14803;146
14804;189
14805;234
14806;134
14807;192
14808;166
14809;228
14810;242
14811;256
14812;189
14813;170
14814;234
14815;149
14816;133
14817;217
14818;166
14819;96
14820;221
14821;102
14822;149
14823;148
14824;182
14825;208
14826;40
14827;294
14828;189
14829;24
14830;189
14831;252
14832;189
14833;189
14834;60
14835;34
14836;250
14837;256
14838;260
14839;103
14840;260
14841;86
14842;53
14843;170
14844;86
14845;189
14846;137
14847;235
14848;44
14849;170
14850;86
14851;260
14852;71
14853;102
14854;189
14855;170
14856;284
14857;71
14858;24
14859;189
14860;254
14861;189
14862;83
14863;166
14864;146
14865;242
14866;83
14867;183
14868;235
14869;60
14870;146
14871;237
14872;91
14873;71
14874;48
14875;294
14876;243
14877;243
14878;235
14879;24
14880;294
14881;71
14882;170
14883;228
14884;170
14885;134
14886;83
14887;59
14888;242
14889;210
14890;18
14891;83
14892;102
14893;59
14894;170
14895;242
14896;166
14897;71
14898;228
14899;209
14900;261
14901;120
14902;245
14903;243
14904;86
14905;157
14906;183
14907;108
14908;228
14909;170
14910;166
14911;202
14912;280
14913;149
14914;177
14915;108
14916;261
14917;24
14918;87
14919;237
14920;213
14921;243
14922;249
14923;170
14924;228
14925;256
14926;38
14927;231
14928;189
14929;149
14930;228
14931;189
14932;166
14933;170
14934;277
14935;166
14936;210
14937;166
14938;140
14939;20
14940;294
14941;11
14942;170
14943;66
14944;189
14945;83
14946;170
14947;1
14948;71
14949;228
14950;210
14951;228
14952;170
14953;149
14954;235
14955;137
14956;183
14957;48
14958;189
14959;287
14960;248
14961;245
14962;105
14963;108
14964;208
14965;170
14966;149
14967;260
14968;112
14969;243
14970;145
14971;112
14972;66
14973;170
14974;272
14975;228
14976;235
14977;256
14978;245
14979;157
14980;137
14981;133
14982;267
14983;102
14984;44
14985;105
14986;83
14987;166
14988;260
14989;44
14990;261
14991;166
14992;260
14993;170
14994;235
14995;87
14996;221
14997;170
14998;59
14999;83
15000;156
15001;189
15002;58
15003;272
15004;228
15005;166
15006;137
15007;87
15008;1
15009;91
15010;137
15011;20
15012;71
15013;126
15014;71
15015;145
15016;156
15017;228
15018;134
15019;112
15020;103
15021;228
15022;228
15023;235
15024;189
15025;133
15026;166
15027;189
15028;83
15029;137
15030;166
15031;149
15032;166
15033;210
15034;1
15035;245
15036;87
15037;260
15038;242
15039;277
15040;166
15041;11
15042;83
15043;103
15044;71
15045;183
15046;166
15047;148
15048;116
15049;228
15050;245
15051;83
15052;234
15053;115
15054;170
15055;134
15056;245
15057;20
15058;228
15059;260
15060;170
15061;157
15062;38
15063;243
15064;71
15065;261
15066;280
15067;48
15068;191
15069;83
15070;260
15071;87
15072;146
15073;200
15074;134
15075;231
15076;228
15077;245
15078;245
15079;210
15080;189
15081;149
15082;79
15083;176
15084;221
15085;83
15086;20
15087;170
15088;83
15089;294
15090;83
15091;166
15092;149
15093;170
15094;200
15095;14
15096;189
15097;256
15098;83
15099;91
15100;235
15101;170
15102;287
15103;170
15104;242
15105;160
15106;156
15107;228
15108;192
15109;40
15110;102
15111;20
15112;228
15113;149
15114;156
15115;58
15116;71
15117;22
15118;134
15119;134
15120;189
15121;200
15122;91
15123;228
15124;228
15125;260
15126;83
15127;228
15128;189
15129;71
15130;221
15131;228
15132;166
15133;40
15134;133
15135;112
15136;235
15137;103
15138;284
15139;40
15140;221
15141;128
15142;272
15143;170
15144;280
15145;170
15146;149
15147;102
15148;24
15149;59
15150;1
15151;176
15152;83
15153;243
15154;44
15155;83
15156;226
15157;149
15158;248
15159;238
15160;221
15161;137
15162;156
15163;22
15164;189
15165;228
15166;40
15167;260
15168;149
15169;149
15170;170
15171;16
15172;200
15173;189
15174;198
15175;235
15176;183
15177;20
15178;284
15179;202
15180;-1
15181;189
15182;170
15183;166
15184;266
15185;189
15186;228
15187;170
15188;60
15189;254
15190;126
15191;192
15192;34
15193;170
15194;66
15195;46
15196;235
15197;-1
15198;91
15199;228
15200;48
15201;105
15202;157
15203;86
15204;34
15205;228
15206;220
15207;242
15208;228
15209;189
15210;248
15211;166
15212;235
15213;260
15214;166
15215;166
15216;21
15217;280
15218;83
15219;160
15220;213
15221;102
15222;149
15223;156
15224;156
15225;280
15226;14
15227;245
15228;156
15229;170
15230;213
15231;44
15232;71
15233;170
15234;166
15235;166
15236;156
15237;220
15238;66
15239;34
15240;228
15241;221
15242;71
15243;71
15244;235
15245;146
15246;235
15247;166
15248;210
15249;208
15250;114
15251;294
15252;24
15253;126
15254;234
15255;166
15256;166
15257;192
15258;104
15259;114
15260;108
15261;220
15262;20
15263;242
15264;235
15265;115
15266;8
15267;228
15268;160
15269;260
15270;160
15271;245
15272;166
15273;166
15274;284
15275;157
15276;280
15277;210
15278;166
15279;170
15280;177
15281;159
15282;71
15283;189
15284;248
15285;76
15286;156
15287;220
15288;139
15289;166
15290;86
15291;166
15292;294
15293;48
15294;156
15295;189
15296;208
15297;48
15298;221
15299;228
15300;248
15301;140
15302;210
15303;192
15304;156
15305;1
15306;170
15307;201
15308;83
15309;170
15310;83
15311;261
15312;235
15313;156
15314;260
15315;294
15316;287
15317;112
15318;213
15319;149
15320;221
15321;228
15322;242
15323;189
15324;20
15325;242
15326;189
15327;248
15328;83
15329;71
15330;166
15331;137
15332;71
15333;217
15334;189
15335;272
15336;284
15337;71
15338;38
15339;261
15340;66
15341;58
15342;245
15343;87
15344;20
15345;149
15346;87
15347;189
15348;202
15349;8
15350;252
15351;30
15352;83
15353;44
15354;149
15355;208
15356;170
15357;208
15358;170
15359;245
15360;116
15361;83
15362;103
15363;221
15364;71
15365;192
15366;280
15367;34
15368;76
15369;166
15370;81
15371;20
15372;189
15373;146
15374;166
15375;177
15376;201
15377;200
15378;7
15379;87
15380;189
15381;66
15382;260
15383;156
15384;235
15385;189
15386;115
15387;189
15388;237
15389;62
15390;189
15391;108
15392;140
15393;170
15394;189
15395;133
15396;237
15397;245
15398;294
15399;221
15400;210
15401;40
15402;71
15403;18
15404;228
15405;149
15406;189
15407;237
15408;48
15409;87
15410;217
15411;166
15412;139
15413;44
15414;140
15415;48
15416;149
15417;212
15418;149
15419;146
15420;189
15421;170
15422;228
15423;166
15424;189
15425;189
15426;210
15427;156
15428;166
15429;80
15430;260
15431;288
15432;24
15433;237
15434;235
15435;252
15436;71
15437;20
15438;1
15439;134
15440;166
15441;166
15442;156
15443;176
15444;76
15445;248
15446;20
15447;112
15448;282
15449;126
15450;202
15451;102
15452;20
15453;183
15454;228
15455;156
15456;243
15457;228
15458;202
15459;134
15460;228
15461;189
15462;245
15463;221
15464;156
15465;87
15466;228
15467;120
15468;183
15469;164
15470;156
15471;149
15472;40
15473;235
15474;226
15475;226
15476;18
15477;166
15478;266
15479;285
15480;137
15481;149
15482;237
15483;156
15484;134
15485;44
15486;242
15487;243
15488;149
15489;192
15490;87
15491;11
15492;245
15493;228
15494;66
15495;210
15496;217
15497;260
15498;228
15499;242
15500;126
15501;166
15502;129
15503;238
15504;102
15505;83
15506;83
15507;189
15508;14
15509;210
15510;260
15511;133
15512;112
15513;221
15514;60
15515;140
15516;38
15517;189
15518;71
15519;228
15520;294
15521;189
15522;71
15523;170
15524;228
15525;243
15526;210
15527;112
15528;245
15529;71
15530;149
15531;156
15532;166
15533;208
15534;242
15535;189
15536;242
15537;235
15538;20
15539;284
15540;102
15541;218
15542;228
15543;140
15544;128
15545;228
15546;261
15547;212
15548;44
15549;44
15550;14
15551;71
15552;228
15553;201
15554;210
15555;280
15556;210
15557;55
15558;182
15559;96
15560;248
15561;149
15562;260
15563;208
15564;156
15565;200
15566;260
15567;134
15568;58
15569;189
15570;252
15571;189
15572;134
15573;20
15574;189
15575;66
15576;166
15577;71
15578;-1
15579;137
15580;228
15581;198
15582;149
15583;213
15584;260
15585;120
15586;87
15587;87
15588;166
15589;83
15590;146
15591;170
15592;235
15593;112
15594;108
15595;86
15596;294
15597;170
15598;210
15599;83
15600;260
15601;260
15602;210
15603;228
15604;83
15605;83
15606;245
15607;170
15608;34
15609;149
15610;83
15611;146
15612;149
15613;149
15614;73
15615;156
15616;228
15617;260
15618;102
15619;148
15620;261
15621;285
15622;157
15623;166
15624;278
15625;134
15626;280
15627;228
15628;120
15629;145
15630;243
15631;14
15632;189
15633;20
15634;272
15635;252
15636;243
15637;285
15638;189
15639;170
15640;252
15641;217
15642;189
15643;248
15644;149
15645;115
15646;58
15647;156
15648;189
15649;76
15650;260
15651;83
15652;228
15653;170
15654;252
15655;235
15656;238
15657;112
15658;235
15659;44
15660;71
15661;170
15662;126
15663;243
15664;210
15665;294
15666;260
15667;148
15668;235
15669;71
15670;221
15671;235
15672;208
15673;137
15674;105
15675;284
15676;20
15677;235
15678;160
15679;108
15680;248
15681;228
15682;221
15683;210
15684;235
15685;235
15686;59
15687;183
15688;48
15689;202
15690;189
15691;280
15692;20
15693;20
15694;44
15695;16
15696;294
15697;140
15698;83
15699;278
15700;242
15701;24
15702;83
15703;208
15704;221
15705;189
15706;170
15707;133
15708;48
15709;228
15710;189
15711;60
15712;134
15713;189
15714;210
15715;221
15716;272
15717;228
15718;149
15719;166
15720;137
15721;156
15722;294
15723;189
15724;212
15725;102
15726;189
15727;228
15728;60
15729;189
15730;260
15731;149
15732;140
15733;48
15734;148
15735;71
15736;228
15737;252
15738;228
15739;221
15740;242
15741;294
15742;166
15743;48
15744;79
15745;261
15746;208
15747;280
15748;156
15749;149
15750;242
15751;192
15752;189
15753;91
15754;146
15755;170
15756;221
15757;60
15758;83
15759;112
15760;137
15761;96
15762;166
15763;210
15764;71
15765;91
15766;228
15767;221
15768;213
15769;137
15770;202
15771;166
15772;231
15773;34
15774;116
15775;71
15776;189
15777;114
15778;202
15779;146
15780;44
15781;243
15782;214
15783;235
15784;115
15785;224
15786;189
15787;235
15788;261
15789;60
15790;112
15791;140
15792;14
15793;189
15794;166
15795;284
15796;260
15797;235
15798;235
15799;214
15800;260
15801;260
15802;228
15803;235
15804;242
15805;280
15806;71
15807;202
15808;202
15809;189
15810;234
15811;189
15812;189
15813;228
15814;48
15815;210
15816;235
15817;83
15818;146
15819;1
15820;170
15821;189
15822;20
15823;199
15824;189
15825;166
15826;189
15827;260
15828;159
15829;160
15830;129
15831;166
15832;166
15833;166
15834;220
15835;103
15836;202
15837;71
15838;280
15839;51
15840;156
15841;189
15842;228
15843;170
15844;134
15845;166
15846;156
15847;126
15848;60
15849;228
15850;38
15851;166
15852;166
15853;114
15854;87
15855;44
15856;237
15857;44
15858;200
15859;261
15860;146
15861;260
15862;189
15863;105
15864;189
15865;228
15866;189
15867;102
15868;83
15869;166
15870;202
15871;228
15872;38
15873;245
15874;170
15875;133
15876;192
15877;170
15878;170
15879;112
15880;245
15881;235
15882;166
15883;14
15884;248
15885;202
15886;228
15887;294
15888;170
15889;137
15890;149
15891;7
15892;103
15893;189
15894;97
15895;221
15896;112
15897;114
15898;103
15899;189
15900;192
15901;20
15902;156
15903;48
15904;58
15905;189
15906;66
15907;166
15908;248
15909;170
15910;189
15911;87
15912;189
15913;256
15914;228
15915;157
15916;102
15917;272
15918;284
15919;60
15920;83
15921;112
15922;21
15923;149
15924;189
15925;105
15926;260
15927;91
15928;170
15929;214
15930;202
15931;137
15932;252
15933;160
15934;189
15935;83
15936;189
15937;58
15938;149
15939;71
15940;280
15941;20
15942;66
15943;284
15944;116
15945;51
15946;285
15947;260
15948;16
15949;166
15950;210
15951;105
15952;294
15953;103
15954;235
15955;166
15956;228
15957;149
15958;212
15959;189
15960;248
15961;133
15962;83
15963;192
15964;166
15965;210
15966;156
15967;44
15968;10
15969;87
15970;280
15971;145
15972;189
15973;189
15974;60
15975;252
15976;252
15977;221
15978;192
15979;170
15980;71
15981;248
15982;189
15983;235
15984;189
15985;7
15986;217
15987;166
15988;243
15989;166
15990;177
15991;235
15992;217
15993;210
15994;245
15995;170
15996;146
15997;59
15998;192
15999;278
16000;156
16001;157
16002;71
16003;156
16004;20
16005;189
16006;48
16007;170
16008;71
16009;87
16010;149
16011;149
16012;149
16013;166
16014;243
16015;182
16016;252
16017;192
16018;245
16019;44
16020;170
16021;134
16022;170
16023;189
16024;260
16025;149
16026;243
16027;46
16028;248
16029;201
16030;228
16031;237
16032;245
16033;8
16034;83
16035;294
16036;272
16037;22
16038;279
16039;189
16040;21
16041;126
16042;248
16043;160
16044;294
16045;228
16046;133
16047;248
16048;103
16049;210
16050;260
16051;87
16052;235
16053;228
16054;-1
16055;285
16056;71
16057;44
16058;108
16059;200
16060;213
16061;235
16062;260
16063;166
16064;114
16065;166
16066;59
16067;237
16068;103
16069;189
16070;83
16071;235
16072;133
16073;71
16074;156
16075;134
16076;44
16077;228
16078;210
16079;279
16080;71
16081;294
16082;261
16083;243
16084;44
16085;160
16086;235
16087;103
16088;243
16089;260
16090;210
16091;14
16092;242
16093;208
16094;133
16095;189
16096;140
16097;137
16098;228
16099;272
16100;66
16101;48
16102;260
16103;189
16104;76
16105;112
16106;266
16107;235
16108;245
16109;177
16110;134
16111;235
16112;126
16113;261
16114;83
16115;166
16116;245
16117;128
16118;-1
16119;202
16120;166
16121;128
16122;189
16123;1
16124;170
16125;260
16126;189
16127;210
16128;254
16129;248
16130;71
16131;202
16132;235
16133;252
16134;149
16135;213
16136;228
16137;46
16138;282
16139;83
16140;112
16141;44
16142;260
16143;228
16144;149
16145;198
16146;217
16147;213
16148;166
16149;170
16150;86
16151;189
16152;140
16153;108
16154;91
16155;192
16156;260
16157;284
16158;209
16159;202
16160;87
16161;166
16162;145
16163;112
16164;210
16165;202
16166;21
16167;221
16168;242
16169;170
16170;156
16171;237
16172;8
16173;170
16174;278
16175;192
16176;137
16177;260
16178;83
16179;213
16180;243
16181;260
16182;189
16183;149
16184;170
16185;198
16186;266
16187;91
16188;252
16189;248
16190;166
16191;252
16192;189
16193;46
16194;242
16195;-1
16196;284
16197;192
16198;189
16199;166
16200;210
16201;73
16202;145
16203;10
16204;170
16205;234
16206;104
16207;83
16208;108
16209;189
16210;189
16211;20
16212;53
16213;20
16214;189
16215;189
16216;91
16217;261
16218;8
16219;200
16220;46
16221;231
16222;103
16223;189
16224;18
16225;189
16226;228
16227;124
16228;210
16229;170
16230;71
16231;210
16232;83
16233;71
16234;248
16235;189
16236;40
16237;294
16238;20
16239;210
16240;126
16241;202
16242;277
16243;166
16244;210
16245;71
16246;37
16247;20
16248;44
16249;226
16250;245
16251;46
16252;48
16253;228
16254;44
16255;228
16256;62
16257;134
16258;189
16259;76
16260;285
16261;294
16262;192
16263;166
16264;228
16265;235
16266;83
16267;284
16268;256
16269;235
16270;134
16271;242
16272;166
16273;189
16274;294
16275;86
16276;189
16277;20
16278;189
16279;44
16280;242
16281;120
16282;212
16283;248
16284;242
16285;133
16286;149
16287;170
16288;156
16289;137
16290;156
16291;10
16292;245
16293;228
16294;170
16295;284
16296;48
16297;200
16298;224
16299;166
16300;114
16301;208
16302;170
16303;245
16304;149
16305;189
16306;37
16307;134
16308;189
16309;134
16310;1
16311;261
16312;120
16313;126
16314;58
16315;34
16316;228
16317;252
16318;91
16319;115
16320;256
16321;234
16322;252
16323;170
16324;236
16325;166
16326;294
16327;221
16328;238
16329;156
16330;200
16331;217
16332;18
16333;170
16334;170
16335;248
16336;235
16337;115
16338;235
16339;170
16340;192
16341;44
16342;149
16343;126
16344;235
16345;214
16346;71
16347;66
16348;170
16349;224
16350;242
16351;243
16352;148
16353;294
16354;112
16355;235
16356;156
16357;231
16358;83
16359;200
16360;96
16361;261
16362;71
16363;170
16364;71
16365;84
16366;48
16367;83
16368;210
16369;235
16370;140
16371;116
16372;140
16373;48
16374;137
16375;189
16376;285
16377;202
16378;83
16379;166
16380;254
16381;149
16382;149
16383;192
16384;134
16385;189
16386;284
16387;248
16388;202
16389;248
16390;20
16391;134
16392;114
16393;210
16394;112
16395;34
16396;288
16397;260
16398;221
16399;228
16400;170
16401;71
16402;189
16403;83
16404;236
16405;134
16406;87
16407;137
16408;48
16409;120
16410;62
16411;260
16412;83
16413;134
16414;260
16415;221
16416;260
16417;228
16418;252
16419;217
16420;293
16421;83
16422;160
16423;192
16424;217
16425;260
16426;200
16427;44
16428;10
16429;83
16430;202
16431;285
16432;115
16433;272
16434;169
16435;189
16436;265
16437;145
16438;16
16439;260
16440;252
16441;103
16442;228
16443;169
16444;177
16445;1
16446;260
16447;120
16448;189
16449;87
16450;166
16451;245
16452;236
16453;210
16454;228
16455;260
16456;265
16457;114
16458;71
16459;112
16460;242
16461;189
16462;228
16463;235
16464;60
16465;189
16466;294
16467;247
16468;83
16469;14
16470;285
16471;71
16472;71
16473;198
16474;189
16475;149
16476;228
16477;192
16478;7
16479;71
16480;160
16481;228
16482;170
16483;235
16484;80
16485;83
16486;252
16487;170
16488;46
16489;183
16490;16
16491;83
16492;266
16493;60
16494;133
16495;189
16496;166
16497;260
16498;14
16499;189
16500;55
16501;44
16502;103
16503;60
16504;260
16505;60
16506;260
16507;243
16508;20
16509;210
16510;91
16511;228
16512;14
16513;71
16514;212
16515;103
16516;170
16517;248
16518;218
16519;134
16520;137
16521;260
16522;208
16523;277
16524;189
16525;235
16526;71
16527;235
16528;73
16529;170
16530;156
16531;189
16532;166
16533;228
16534;242
16535;1
16536;170
16537;1
16538;248
16539;128
16540;129
16541;166
16542;170
16543;156
16544;210
16545;189
16546;189
16547;166
16548;44
16549;76
16550;228
16551;149
16552;294
16553;60
16554;277
16555;24
16556;166
16557;149
16558;120
16559;192
16560;44
16561;254
16562;-1
16563;252
16564;245
16565;71
16566;210
16567;20
16568;235
16569;228
16570;116
16571;260
16572;285
16573;235
16574;285
16575;40
16576;76
16577;228
16578;202
16579;86
16580;202
16581;137
16582;128
16583;44
16584;248
16585;189
16586;280
16587;243
16588;166
16589;189
16590;170
16591;294
16592;221
16593;226
16594;235
16595;242
16596;145
16597;149
16598;160
16599;254
16600;248
16601;14
16602;166
16603;285
16604;40
16605;83
16606;260
16607;182
16608;210
16609;280
16610;189
16611;243
16612;245
16613;7
16614;166
16615;189
16616;126
16617;252
16618;48
16619;189
16620;202
16621;149
16622;189
16623;170
16624;265
16625;170
16626;83
16627;221
16628;170
16629;1
16630;18
16631;149
16632;182
16633;213
16634;166
16635;242
16636;189
16637;261
16638;228
16639;34
16640;294
16641;166
16642;14
16643;228
16644;44
16645;260
16646;166
16647;87
16648;210
16649;128
16650;83
16651;149
16652;149
16653;83
16654;102
16655;210
16656;102
16657;235
16658;280
16659;20
16660;112
16661;208
16662;134
16663;294
16664;103
16665;145
16666;226
16667;149
16668;248
16669;71
16670;20
16671;156
16672;210
16673;202
16674;202
16675;228
16676;134
16677;198
16678;86
16679;134
16680;202
16681;166
16682;48
16683;266
16684;189
16685;235
16686;79
16687;208
16688;156
16689;170
16690;44
16691;228
16692;34
16693;294
16694;189
16695;228
16696;83
16697;210
16698;102
16699;208
16700;166
16701;149
16702;189
16703;71
16704;170
16705;14
16706;260
16707;7
16708;192
16709;228
16710;159
16711;60
16712;198
16713;225
16714;115
16715;228
16716;1
16717;210
16718;260
16719;149
16720;231
16721;156
16722;202
16723;134
16724;170
16725;71
16726;53
16727;170
16728;213
16729;115
16730;189
16731;156
16732;126
16733;260
16734;146
16735;278
16736;242
16737;120
16738;201
16739;235
16740;71
16741;149
16742;242
16743;134
16744;166
16745;202
16746;248
16747;156
16748;248
16749;83
16750;235
16751;189
16752;242
16753;133
16754;71
16755;245
16756;166
16757;235
16758;60
16759;71
16760;202
16761;134
16762;157
16763;235
16764;169
16765;189
16766;294
16767;210
16768;170
16769;210
16770;112
16771;260
16772;261
16773;20
16774;48
16775;16
16776;20
16777;245
16778;294
16779;248
16780;40
16781;149
16782;112
16783;170
16784;260
16785;166
16786;189
16787;170
16788;159
16789;166
16790;242
16791;202
16792;170
16793;220
16794;102
16795;228
16796;260
16797;166
16798;189
16799;245
16800;103
16801;60
16802;228
16803;160
16804;189
16805;254
16806;189
16807;137
16808;228
16809;166
16810;71
16811;260
16812;237
16813;235
16814;170
16815;137
16816;166
16817;189
16818;189
16819;71
16820;245
16821;149
16822;137
16823;189
16824;71
16825;126
16826;170
16827;18
16828;83
16829;38
16830;170
16831;149
16832;235
16833;76
16834;170
16835;210
16836;170
16837;189
16838;248
16839;248
16840;226
16841;218
16842;86
16843;189
16844;228
16845;134
16846;133
16847;202
16848;87
16849;133
16850;243
16851;112
16852;201
16853;235
16854;189
16855;126
16856;146
16857;166
16858;91
16859;48
16860;166
16861;159
16862;20
16863;284
16864;11
16865;34
16866;170
16867;149
16868;228
16869;149
16870;228
16871;170
16872;189
16873;249
16874;133
16875;157
16876;166
16877;159
16878;134
16879;189
16880;228
16881;170
16882;214
16883;183
16884;18
16885;228
16886;192
16887;166
16888;252
16889;200
16890;260
16891;176
16892;87
16893;202
16894;20
16895;102
16896;284
16897;166
16898;134
16899;260
16900;260
16901;16
16902;14
16903;170
16904;261
16905;245
16906;105
16907;149
16908;83
16909;149
16910;166
16911;280
16912;248
16913;48
16914;218
16915;86
16916;278
16917;112
16918;260
16919;189
16920;170
16921;189
16922;48
16923;245
16924;145
16925;242
16926;285
16927;252
16928;20
16929;261
16930;166
16931;189
16932;59
16933;272
16934;261
16935;137
16936;202
16937;137
16938;20
16939;228
16940;36
16941;183
16942;245
16943;128
16944;105
16945;278
16946;189
16947;202
16948;91
16949;156
16950;137
16951;164
16952;170
16953;228
16954;149
16955;14
16956;120
16957;294
16958;86
16959;254
16960;261
16961;280
16962;16
16963;189
16964;71
16965;294
16966;235
16967;48
16968;231
16969;103
16970;166
16971;242
16972;245
16973;245
16974;156
16975;120
16976;189
16977;34
16978;170
16979;235
16980;260
16981;183
16982;217
16983;226
16984;112
16985;87
16986;18
16987;48
16988;60
16989;126
16990;166
16991;170
16992;277
16993;248
16994;252
16995;210
16996;248
16997;254
16998;1
16999;189
17000;189
17001;71
17002;87
17003;210
17004;170
17005;134
17006;237
17007;83
17008;114
17009;228
17010;189
17011;166
17012;59
17013;198
17014;24
17015;238
17016;252
17017;1
17018;83
17019;294
17020;242
17021;228
17022;217
17023;134
17024;146
17025;120
17026;192
17027;71
17028;149
17029;198
17030;265
17031;103
17032;245
17033;189
17034;128
17035;189
17036;294
17037;38
17038;189
17039;242
17040;189
17041;267
17042;284
17043;202
17044;76
17045;228
17046;277
17047;71
17048;170
17049;146
17050;145
17051;157
17052;260
17053;48
17054;91
17055;51
17056;210
17057;235
17058;134
17059;260
17060;177
17061;252
17062;228
17063;156
17064;224
17065;20
17066;261
17067;140
17068;170
17069;166
17070;40
17071;166
17072;58
17073;221
17074;272
17075;129
17076;277
17077;137
17078;66
17079;133
17080;280
17081;189
17082;128
17083;170
17084;134
17085;170
17086;189
17087;236
17088;294
17089;83
17090;133
17091;34
17092;224
17093;226
17094;285
17095;76
17096;166
17097;252
17098;10
17099;91
17100;20
17101;170
17102;235
17103;189
17104;192
17105;210
17106;202
17107;183
17108;60
17109;137
17110;37
17111;60
17112;166
17113;87
17114;83
17115;73
17116;102
17117;235
17118;108
17119;226
17120;228
17121;228
17122;114
17123;294
17124;170
17125;128
17126;146
17127;48
17128;260
17129;235
17130;243
17131;149
17132;278
17133;243
17134;149
17135;294
17136;48
17137;278
17138;228
17139;294
17140;58
17141;30
17142;202
17143;202
17144;252
17145;149
17146;248
17147;189
17148;189
17149;218
17150;91
17151;242
17152;226
17153;235
17154;44
17155;285
17156;44
17157;217
17158;277
17159;248
17160;128
17161;20
17162;189
17163;199
17164;18
17165;200
17166;14
17167;10
17168;210
17169;20
17170;46
17171;266
17172;81
17173;286
17174;210
17175;242
17176;76
17177;245
17178;243
17179;243
17180;166
17181;280
17182;280
17183;189
17184;40
17185;294
17186;126
17187;170
17188;189
17189;277
17190;221
17191;145
17192;20
17193;210
17194;60
17195;226
17196;166
17197;72
17198;83
17199;71
17200;149
17201;280
17202;189
17203;166
17204;166
17205;243
17206;76
17207;285
17208;243
17209;156
17210;192
17211;287
17212;235
17213;284
17214;228
17215;210
17216;294
17217;146
17218;20
17219;200
17220;20
17221;210
17222;242
17223;245
17224;231
17225;170
17226;86
17227;213
17228;228
17229;191
17230;128
17231;48
17232;166
17233;189
17234;149
17235;86
17236;157
17237;18
17238;24
17239;102
17240;212
17241;249
17242;242
17243;210
17244;260
17245;134
17246;1
17247;277
17248;260
17249;126
17250;272
17251;116
17252;170
17253;228
17254;20
17255;286
17256;102
17257;202
17258;280
17259;166
17260;128
17261;71
17262;86
17263;166
17264;189
17265;114
17266;-1
17267;218
17268;235
17269;149
17270;221
17271;234
17272;189
17273;149
17274;170
17275;228
17276;83
17277;238
17278;134
17279;243
17280;112
17281;96
17282;103
17283;59
17284;137
17285;137
17286;114
17287;34
17288;210
17289;146
17290;148
17291;252
17292;83
17293;40
17294;115
17295;250
17296;234
17297;189
17298;252
17299;221
17300;149
17301;248
17302;83
17303;166
17304;200
17305;60
17306;115
17307;248
17308;260
17309;133
17310;177
17311;260
17312;87
17313;260
17314;112
17315;71
17316;166
17317;284
17318;166
17319;284
17320;46
17321;278
17322;126
17323;170
17324;126
17325;170
17326;218
17327;243
17328;228
17329;48
17330;170
17331;294
17332;24
17333;235
17334;156
17335;139
17336;48
17337;166
17338;83
17339;200
17340;83
17341;243
17342;51
17343;170
17344;134
17345;79
17346;234
17347;235
17348;60
17349;183
17350;71
17351;170
17352;217
17353;201
17354;280
17355;126
17356;48
17357;145
17358;249
17359;149
17360;124
17361;278
17362;76
17363;254
17364;149
17365;146
17366;79
17367;1
17368;156
17369;166
17370;170
17371;189
17372;46
17373;18
17374;170
17375;235
17376;115
17377;245
17378;166
17379;126
17380;221
17381;59
17382;96
17383;66
17384;265
17385;228
17386;38
17387;294
17388;20
17389;236
17390;294
17391;87
17392;228
17393;134
17394;176
17395;189
17396;245
17397;220
17398;48
17399;20
17400;248
17401;266
17402;280
17403;83
17404;177
17405;145
17406;170
17407;149
17408;170
17409;235
17410;245
17411;10
17412;260
17413;235
17414;71
17415;140
17416;71
17417;260
17418;252
17419;189
17420;189
17421;48
17422;192
17423;226
17424;133
17425;228
17426;201
17427;145
17428;226
17429;139
17430;146
17431;209
17432;256
17433;189
17434;102
17435;166
17436;294
17437;166
17438;247
17439;176
17440;189
17441;134
17442;242
17443;243
17444;91
17445;80
17446;145
17447;235
17448;83
17449;245
17450;16
17451;221
17452;221
17453;134
17454;277
17455;266
17456;166
17457;149
17458;210
17459;272
17460;260
17461;91
17462;112
17463;60
17464;267
17465;224
17466;146
17467;285
17468;228
17469;71
17470;228
17471;189
17472;201
17473;112
17474;48
17475;202
17476;189
17477;294
17478;10
17479;183
17480;183
17481;228
17482;166
17483;248
17484;146
17485;260
17486;140
17487;73
17488;235
17489;243
17490;170
17491;166
17492;221
17493;280
17494;170
17495;210
17496;170
17497;1
17498;83
17499;166
17500;284
17501;156
17502;243
17503;228
17504;96
17505;149
17506;252
17507;44
17508;285
17509;228
17510;294
17511;272
17512;108
17513;242
17514;217
17515;44
17516;83
17517;62
17518;284
17519;170
17520;108
17521;177
17522;170
17523;254
17524;237
17525;-1
17526;137
17527;83
17528;170
17529;245
17530;149
17531;266
17532;51
17533;200
17534;71
17535;189
17536;228
17537;166
17538;228
17539;260
17540;285
17541;48
17542;260
17543;105
17544;40
17545;228
17546;86
17547;120
17548;183
17549;87
17550;242
17551;71
17552;149
17553;202
17554;44
17555;182
17556;221
17557;149
17558;126
17559;149
17560;228
17561;189
17562;86
17563;170
17564;189
17565;38
17566;260
17567;243
17568;213
17569;189
17570;58
17571;22
17572;202
17573;228
17574;243
17575;260
17576;189
17577;149
17578;156
17579;170
17580;228
17581;235
17582;103
17583;170
17584;254
17585;228
17586;170
17587;170
17588;149
17589;166
17590;71
17591;208
17592;192
17593;170
17594;59
17595;260
17596;166
17597;105
17598;260
17599;44
17600;11
17601;149
17602;137
17603;83
17604;170
17605;83
17606;20
17607;83
17608;284
17609;44
17610;202
17611;157
17612;260
17613;228
17614;160
17615;235
17616;245
17617;200
17618;149
17619;189
17620;71
17621;160
17622;210
17623;37
17624;60
17625;149
17626;102
17627;277
17628;60
17629;210
17630;134
17631;91
17632;254
17633;284
17634;129
17635;266
17636;129
17637;145
17638;189
17639;235
17640;145
17641;166
17642;170
17643;260
17644;228
17645;294
17646;189
17647;192
17648;228
17649;71
17650;235
17651;108
17652;261
17653;71
17654;48
17655;260
17656;38
17657;170
17658;128
17659;11
17660;126
17661;260
17662;83
17663;242
17664;242
17665;228
17666;245
17667;71
17668;170
17669;288
17670;228
17671;284
17672;71
17673;149
17674;189
17675;228
17676;248
17677;71
17678;226
17679;86
17680;272
17681;149
17682;46
17683;228
17684;134
17685;272
17686;170
17687;55
17688;260
17689;183
17690;202
17691;166
17692;208
17693;60
17694;166
17695;160
17696;20
17697;228
17698;20
17699;245
17700;11
17701;166
17702;86
17703;248
17704;-1
17705;102
17706;133
17707;189
17708;170
17709;166
17710;170
17711;189
17712;287
17713;266
17714;129
17715;134
17716;250
17717;235
17718;189
17719;166
17720;284
17721;200
17722;66
17723;83
17724;44
17725;189
17726;76
17727;170
17728;228
17729;177
17730;189
17731;149
17732;260
17733;149
17734;189
17735;166
17736;145
17737;210
17738;250
17739;231
17740;242
17741;115
17742;200
17743;20
17744;108
17745;20
17746;228
17747;-1
17748;228
17749;218
17750;200
17751;210
17752;83
17753;86
17754;134
17755;248
17756;208
17757;86
17758;189
17759;112
17760;166
17761;133
17762;254
17763;272
17764;170
17765;149
17766;252
17767;66
17768;237
17769;108
17770;71
17771;210
17772;126
17773;91
17774;48
17775;202
17776;260
17777;189
17778;126
17779;189
17780;83
17781;202
17782;228
17783;166
17784;97
17785;284
17786;149
17787;248
17788;38
17789;166
17790;156
17791;260
17792;14
17793;247
17794;166
17795;71
17796;213
17797;134
17798;202
17799;133
17800;202
17801;213
17802;102
17803;200
17804;34
17805;86
17806;149
17807;98
17808;156
17809;210
17810;48
17811;217
17812;166
17813;156
17814;261
17815;245
17816;294
17817;134
17818;149
17819;156
17820;24
17821;228
17822;235
17823;294
17824;160
17825;202
17826;25
17827;218
17828;112
17829;166
17830;189
17831;145
17832;24
17833;183
17834;228
17835;245
17836;228
17837;102
17838;137
17839;294
17840;170
17841;210
17842;83
17843;224
17844;149
17845;128
17846;83
17847;189
17848;166
17849;272
17850;242
17851;248
17852;71
17853;285
17854;48
17855;160
17856;139
17857;260
17858;108
17859;79
17860;71
17861;166
17862;156
17863;133
17864;157
17865;108
17866;189
17867;71
17868;228
17869;280
17870;71
17871;284
17872;137
17873;34
17874;164
17875;228
17876;166
17877;60
17878;86
17879;87
17880;245
17881;134
17882;8
17883;145
17884;160
17885;280
17886;166
17887;245
17888;20
17889;170
17890;83
17891;210
17892;156
17893;260
17894;183
17895;71
17896;235
17897;248
17898;189
17899;260
17900;166
17901;76
17902;79
17903;102
17904;260
17905;83
17906;81
17907;201
17908;156
17909;149
17910;260
17911;156
17912;189
17913;210
17914;189
17915;248
17916;221
17917;133
17918;71
17919;149
17920;149
17921;112
17922;71
17923;189
17924;108
17925;156
17926;189
17927;114
17928;189
17929;220
17930;238
17931;284
17932;83
17933;38
17934;80
17935;145
17936;235
17937;156
17938;160
17939;235
17940;285
17941;149
17942;44
17943;280
17944;248
17945;189
17946;294
17947;134
17948;134
17949;294
17950;189
17951;189
17952;265
17953;235
17954;248
17955;217
17956;166
17957;48
17958;260
17959;170
17960;248
17961;156
17962;66
17963;83
17964;183
17965;83
17966;191
17967;235
17968;221
17969;243
17970;170
17971;104
17972;66
17973;170
17974;20
17975;133
17976;294
17977;-1
17978;189
17979;221
17980;170
17981;48
17982;182
17983;228
17984;242
17985;157
17986;248
17987;235
17988;235
17989;248
17990;235
17991;156
17992;170
17993;202
17994;252
17995;146
17996;76
17997;201
17998;228
17999;176
18000;157
18001;149
18002;261
18003;166
18004;248
18005;189
18006;202
18007;51
18008;1
18009;260
18010;248
18011;83
18012;44
18013;260
18014;14
18015;176
18016;79
18017;228
18018;140
18019;128
18020;48
18021;272
18022;166
18023;245
18024;66
18025;294
18026;166
18027;1
18028;145
18029;202
18030;248
18031;212
18032;166
18033;105
18034;237
18035;202
18036;140
18037;243
18038;44
18039;285
18040;250
18041;277
18042;228
18043;210
18044;245
18045;149
18046;231
18047;149
18048;235
18049;170
18050;224
18051;260
18052;120
18053;209
18054;112
18055;260
18056;202
18057;189
18058;189
18059;242
18060;166
18061;58
18062;189
18063;285
18064;112
18065;210
18066;278
18067;235
18068;277
18069;166
18070;235
18071;146
18072;245
18073;55
18074;182
18075;170
18076;170
18077;112
18078;60
18079;248
18080;71
18081;176
18082;183
18083;192
18084;210
18085;86
18086;66
18087;228
18088;228
18089;76
18090;228
18091;286
18092;170
18093;217
18094;245
18095;183
18096;221
18097;149
18098;166
18099;166
18100;252
18101;192
18102;189
18103;245
18104;217
18105;260
18106;59
18107;71
18108;71
18109;278
18110;210
18111;228
18112;76
18113;189
18114;189
18115;189
18116;199
18117;228
18118;149
18119;245
18120;242
18121;149
18122;20
18123;60
18124;221
18125;189
18126;228
18127;260
18128;260
18129;261
18130;137
18131;202
18132;48
18133;189
18134;228
18135;83
18136;189
18137;284
18138;280
18139;55
18140;242
18141;128
18142;20
18143;156
18144;46
18145;108
18146;170
18147;284
18148;280
18149;166
18150;272
18151;134
18152;210
18153;189
18154;226
18155;7
18156;134
18157;48
18158;166
18159;133
18160;217
18161;235
18162;243
18163;133
18164;248
18165;170
18166;149
18167;210
18168;235
18169;266
18170;170
18171;260
18172;156
18173;189
18174;228
18175;76
18176;145
18177;183
18178;294
18179;280
18180;189
18181;134
18182;192
18183;209
18184;221
18185;76
18186;189
18187;166
18188;245
18189;83
18190;202
18191;44
18192;170
18193;114
18194;156
18195;166
18196;156
18197;40
18198;256
18199;250
18200;210
18201;189
18202;157
18203;170
18204;134
18205;60
18206;189
18207;145
18208;48
18209;252
18210;294
18211;221
18212;228
18213;149
18214;134
18215;280
18216;218
18217;192
18218;83
18219;228
18220;210
18221;252
18222;156
18223;166
18224;48
18225;134
18226;189
18227;149
18228;220
18229;191
18230;170
18231;79
18232;260
18233;260
18234;126
18235;170
18236;139
18237;148
18238;71
18239;266
18240;228
18241;261
18242;284
18243;83
18244;243
18245;51
18246;170
18247;235
18248;221
18249;189
18250;166
18251;212
18252;189
18253;235
18254;248
18255;126
18256;252
18257;250
18258;156
18259;40
18260;149
18261;208
18262;149
18263;149
18264;252
18265;124
18266;189
18267;267
18268;156
18269;137
18270;126
18271;265
18272;146
18273;221
18274;221
18275;160
18276;214
18277;114
18278;189
18279;285
18280;133
18281;60
18282;210
18283;201
18284;59
18285;114
18286;149
18287;248
18288;71
18289;294
18290;285
18291;134
18292;256
18293;170
18294;76
18295;37
18296;83
18297;83
18298;220
18299;156
18300;248
18301;156
18302;235
18303;201
18304;189
18305;166
18306;177
18307;228
18308;157
18309;108
18310;170
18311;149
18312;189
18313;237
18314;166
18315;156
18316;191
18317;228
18318;112
18319;156
18320;170
18321;83
18322;170
18323;71
18324;24
18325;210
18326;149
18327;189
18328;8
18329;242
18330;192
18331;226
18332;201
18333;228
18334;160
18335;156
18336;245
18337;228
18338;58
18339;189
18340;252
18341;83
18342;202
18343;235
18344;134
18345;166
18346;208
18347;102
18348;112
18349;294
18350;156
18351;248
18352;20
18353;108
18354;48
18355;166
18356;156
18357;116
18358;166
18359;166
18360;170
18361;189
18362;237
18363;156
18364;112
18365;202
18366;189
18367;146
18368;145
18369;228
18370;134
18371;170
18372;245
18373;201
18374;210
18375;221
18376;235
18377;183
18378;280
18379;62
18380;166
18381;228
18382;210
18383;11
18384;38
18385;166
18386;66
18387;137
18388;248
18389;149
18390;58
18391;189
18392;166
18393;243
18394;66
18395;252
18396;164
18397;105
18398;228
18399;189
18400;48
18401;226
18402;228
18403;226
18404;228
18405;228
18406;189
18407;189
18408;166
18409;284
18410;192
18411;10
18412;137
18413;126
18414;83
18415;183
18416;146
18417;260
18418;235
18419;192
18420;213
18421;280
18422;235
18423;245
18424;66
18425;260
18426;242
18427;189
18428;235
18429;280
18430;254
18431;159
18432;133
18433;260
18434;44
18435;137
18436;102
18437;221
18438;226
18439;58
18440;166
18441;260
18442;76
18443;11
18444;149
18445;217
18446;189
18447;166
18448;108
18449;294
18450;157
18451;228
18452;208
18453;252
18454;237
18455;112
18456;11
18457;278
18458;237
18459;260
18460;221
18461;71
18462;278
18463;71
18464;71
18465;87
18466;102
18467;170
18468;242
18469;10
18470;200
18471;228
18472;248
18473;134
18474;189
18475;228
18476;210
18477;177
18478;48
18479;189
18480;170
18481;217
18482;133
18483;261
18484;170
18485;243
18486;284
18487;20
18488;145
18489;252
18490;189
18491;166
18492;245
18493;248
18494;294
18495;210
18496;288
18497;149
18498;170
18499;285
18500;38
18501;235
18502;221
18503;192
18504;189
18505;48
18506;21
18507;58
18508;66
18509;146
18510;170
18511;128
18512;261
18513;224
18514;160
18515;156
18516;189
18517;237
18518;71
18519;166
18520;243
18521;248
18522;59
18523;157
18524;105
18525;60
18526;235
18527;134
18528;156
18529;210
18530;137
18531;71
18532;248
18533;228
18534;46
18535;243
18536;44
18537;243
18538;166
18539;226
18540;202
18541;260
18542;129
18543;128
18544;170
18545;235
18546;44
18547;228
18548;166
18549;166
18550;115
18551;228
18552;87
18553;37
18554;228
18555;228
18556;278
18557;102
18558;294
18559;156
18560;60
18561;177
18562;228
18563;166
18564;170
18565;149
18566;260
18567;228
18568;235
18569;129
18570;266
18571;129
18572;18
18573;248
18574;228
18575;237
18576;235
18577;260
18578;224
18579;-1
18580;166
18581;170
18582;286
18583;265
18584;248
18585;34
18586;208
18587;235
18588;278
18589;149
18590;182
18591;260
18592;245
18593;210
18594;254
18595;260
18596;294
18597;242
18598;156
18599;254
18600;60
18601;149
18602;189
18603;40
18604;44
18605;60
18606;149
18607;284
18608;60
18609;134
18610;44
18611;245
18612;280
18613;148
18614;170
18615;44
18616;166
18617;252
18618;242
18619;71
18620;83
18621;156
18622;191
18623;189
18624;252
18625;260
18626;103
18627;20
18628;44
18629;272
18630;96
18631;46
18632;166
18633;34
18634;20
18635;260
18636;210
18637;1
18638;149
18639;285
18640;202
18641;134
18642;235
18643;213
18644;280
18645;228
18646;245
18647;294
18648;221
18649;260
18650;260
18651;235
18652;231
18653;210
18654;199
18655;170
18656;228
18657;189
18658;243
18659;234
18660;210
18661;38
18662;284
18663;189
18664;166
18665;221
18666;83
18667;115
18668;71
18669;149
18670;166
18671;129
18672;210
18673;149
18674;166
18675;237
18676;209
18677;59
18678;261
18679;20
18680;112
18681;96
18682;44
18683;237
18684;103
18685;83
18686;115
18687;228
18688;170
18689;189
18690;140
18691;137
18692;245
18693;228
18694;245
18695;260
18696;133
18697;149
18698;210
18699;166
18700;231
18701;278
18702;228
18703;249
18704;189
18705;20
18706;189
18707;71
18708;-1
18709;38
18710;210
18711;36
18712;277
18713;248
18714;242
18715;71
18716;149
18717;224
18718;235
18719;189
18720;83
18721;189
18722;254
18723;238
18724;71
18725;116
18726;189
18727;97
18728;20
18729;145
18730;235
18731;210
18732;210
18733;112
18734;189
18735;242
18736;140
18737;166
18738;166
18739;210
18740;192
18741;278
18742;260
18743;285
18744;83
18745;199
18746;228
18747;156
18748;48
18749;60
18750;221
18751;166
18752;248
18753;91
18754;166
18755;224
18756;284
18757;14
18758;114
18759;37
18760;192
18761;176
18762;189
18763;252
18764;170
18765;102
18766;133
18767;235
18768;191
18769;260
18770;149
18771;149
18772;208
18773;291
18774;-1
18775;134
18776;97
18777;202
18778;140
18779;1
18780;212
18781;212
18782;248
18783;170
18784;250
18785;166
18786;145
18787;24
18788;189
18789;44
18790;228
18791;166
18792;189
18793;115
18794;83
18795;210
18796;202
18797;260
18798;149
18799;137
18800;166
18801;170
18802;71
18803;226
18804;236
18805;105
18806;272
18807;146
18808;71
18809;160
18810;48
18811;108
18812;286
18813;18
18814;170
18815;134
18816;149
18817;256
18818;208
18819;134
18820;137
18821;112
18822;189
18823;149
18824;112
18825;200
18826;134
18827;83
18828;285
18829;294
18830;112
18831;267
18832;248
18833;228
18834;166
18835;280
18836;228
18837;1
18838;40
18839;40
18840;134
18841;235
18842;261
18843;189
18844;66
18845;83
18846;235
18847;98
18848;71
18849;278
18850;20
18851;242
18852;228
18853;146
18854;116
18855;112
18856;170
18857;86
18858;202
18859;40
18860;114
18861;102
18862;189
18863;260
18864;133
18865;46
18866;294
18867;201
18868;278
18869;202
18870;252
18871;145
18872;189
18873;83
18874;87
18875;235
18876;44
18877;192
18878;149
18879;145
18880;79
18881;18
18882;192
18883;83
18884;245
18885;71
18886;170
18887;156
18888;87
18889;137
18890;120
18891;83
18892;260
18893;146
18894;189
18895;48
18896;8
18897;265
18898;149
18899;235
18900;260
18901;248
18902;114
18903;267
18904;183
18905;108
18906;228
18907;137
18908;71
18909;252
18910;128
18911;235
18912;228
18913;170
18914;267
18915;44
18916;87
18917;189
18918;294
18919;260
18920;210
18921;66
18922;245
18923;198
18924;235
18925;177
18926;189
18927;235
18928;261
18929;272
18930;260
18931;71
18932;96
18933;83
18934;133
18935;166
18936;108
18937;260
18938;71
18939;71
18940;145
18941;288
18942;260
18943;235
18944;40
18945;14
18946;228
18947;189
18948;133
18949;16
18950;170
18951;83
18952;59
18953;261
18954;1
18955;133
18956;83
18957;149
18958;140
18959;284
18960;228
18961;254
18962;112
18963;248
18964;210
18965;228
18966;265
18967;137
18968;192
18969;156
18970;79
18971;243
18972;157
18973;149
18974;177
18975;44
18976;235
18977;248
18978;114
18979;228
18980;83
18981;198
18982;183
18983;248
18984;20
18985;235
18986;71
18987;87
18988;294
18989;192
18990;189
18991;60
18992;62
18993;156
18994;166
18995;245
18996;14
18997;189
18998;213
18999;235
19000;170
19001;170
19002;115
19003;149
19004;228
19005;252
19006;137
19007;8
19008;134
19009;137
19010;237
19011;228
19012;228
19013;170
19014;228
19015;1
19016;149
19017;228
19018;213
19019;235
19020;146
19021;103
19022;228
19023;7
19024;156
19025;236
19026;140
19027;260
19028;285
19029;183
19030;183
19031;53
19032;265
19033;160
19034;278
19035;260
19036;76
19037;228
19038;145
19039;148
19040;58
19041;189
19042;86
19043;105
19044;189
19045;170
19046;189
19047;114
19048;71
19049;217
19050;198
19051;189
19052;149
19053;189
19054;149
19055;115
19056;189
19057;60
19058;294
19059;228
19060;18
19061;189
19062;83
19063;170
19064;48
19065;217
19066;149
19067;145
19068;189
19069;266
19070;210
19071;166
19072;1
19073;189
19074;235
19075;83
19076;288
19077;224
19078;146
19079;71
19080;189
19081;210
19082;213
19083;248
19084;103
19085;280
19086;236
19087;103
19088;202
19089;189
19090;221
19091;260
19092;235
19093;250
19094;156
19095;189
19096;210
19097;260
19098;260
19099;66
19100;242
19101;133
19102;248
19103;149
19104;236
19105;189
19106;248
19107;156
19108;189
19109;189
19110;83
19111;228
19112;1
19113;242
19114;294
19115;280
19116;48
19117;228
19118;156
19119;71
19120;170
19121;71
19122;166
19123;245
19124;76
19125;83
19126;137
19127;156
19128;189
19129;71
19130;252
19131;254
19132;248
19133;60
19134;166
19135;156
19136;278
19137;248
19138;294
19139;102
19140;280
19141;145
19142;170
19143;278
19144;294
19145;48
19146;228
19147;149
19148;156
19149;134
19150;40
19151;260
19152;149
19153;218
19154;1
19155;294
19156;278
19157;280
19158;170
19159;149
19160;170
19161;20
19162;210
19163;149
19164;156
19165;260
19166;137
19167;149
19168;252
19169;51
19170;260
19171;189
19172;221
19173;266
19174;189
19175;266
19176;265
19177;228
19178;44
19179;183
19180;170
19181;137
19182;260
19183;234
19184;86
19185;156
19186;285
19187;208
19188;248
19189;66
19190;170
19191;221
19192;66
19193;62
19194;66
19195;252
19196;159
19197;76
19198;170
19199;238
19200;108
19201;170
19202;83
19203;18
19204;248
19205;231
19206;37
19207;189
19208;189
19209;277
19210;156
19211;210
19212;210
19213;176
19214;20
19215;245
19216;260
19217;60
19218;87
19219;189
19220;202
19221;170
19222;20
19223;260
19224;252
19225;166
19226;221
19227;159
19228;134
19229;225
19230;282
19231;243
19232;248
19233;149
19234;237
19235;170
19236;149
19237;149
19238;213
19239;166
19240;149
19241;228
19242;260
19243;126
19244;189
19245;200
19246;166
19247;280
19248;10
19249;128
19250;97
19251;235
19252;14
19253;166
19254;20
19255;245
19256;202
19257;166
19258;48
19259;267
19260;83
19261;156
19262;189
19263;212
19264;133
19265;192
19266;170
19267;24
19268;166
19269;8
19270;189
19271;252
19272;156
19273;38
19274;245
19275;228
19276;58
19277;170
19278;133
19279;83
19280;71
19281;140
19282;189
19283;260
19284;83
19285;235
19286;189
19287;278
19288;260
19289;112
19290;294
19291;170
19292;149
19293;1
19294;208
19295;218
19296;124
19297;260
19298;170
19299;156
19300;146
19301;201
19302;149
19303;189
19304;134
19305;71
19306;71
19307;254
19308;210
19309;160
19310;278
19311;71
19312;137
19313;170
19314;228
19315;286
19316;166
19317;166
19318;20
19319;170
19320;243
19321;170
19322;189
19323;83
19324;149
19325;166
19326;91
19327;115
19328;134
19329;189
19330;60
19331;228
19332;183
19333;189
19334;202
19335;294
19336;210
19337;192
19338;245
19339;44
19340;83
19341;149
19342;96
19343;66
19344;280
19345;71
19346;189
19347;189
19348;248
19349;266
19350;105
19351;44
19352;71
19353;235
19354;210
19355;260
19356;189
19357;256
19358;166
19359;254
19360;159
19361;133
19362;294
19363;156
19364;18
19365;76
19366;71
19367;294
19368;145
19369;114
19370;149
19371;146
19372;18
19373;254
19374;260
19375;183
19376;189
19377;176
19378;137
19379;189
19380;137
19381;44
19382;248
19383;116
19384;137
19385;248
19386;170
19387;294
19388;228
19389;189
19390;149
19391;160
19392;83
19393;170
19394;134
19395;248
19396;115
19397;149
19398;156
19399;134
19400;177
19401;228
19402;245
19403;48
19404;183
19405;170
19406;156
19407;170
19408;189
19409;166
19410;59
19411;108
19412;20
19413;166
19414;86
19415;228
19416;260
19417;38
19418;166
19419;87
19420;189
19421;60
19422;200
19423;183
19424;166
19425;86
19426;71
19427;243
19428;224
19429;189
19430;66
19431;112
19432;252
19433;86
19434;166
19435;71
19436;285
19437;102
19438;170
19439;228
19440;284
19441;254
19442;112
19443;210
19444;166
19445;156
19446;248
19447;34
19448;157
19449;228
19450;134
19451;183
19452;105
19453;114
19454;149
19455;114
19456;134
19457;210
19458;183
19459;120
19460;44
19461;156
19462;235
19463;166
19464;83
19465;14
19466;44
19467;18
19468;128
19469;102
19470;226
19471;261
19472;260
19473;134
19474;260
19475;102
19476;235
19477;86
19478;210
19479;103
19480;60
19481;242
19482;166
19483;86
19484;226
19485;134
19486;284
19487;137
19488;238
19489;22
19490;189
19491;128
19492;252
19493;20
19494;149
19495;87
19496;166
19497;46
19498;280
19499;189
19500;134
19501;129
19502;137
19503;245
19504;189
19505;166
19506;169
19507;34
19508;149
19509;71
19510;208
19511;228
19512;279
19513;105
19514;34
19515;157
19516;134
19517;245
19518;112
19519;228
19520;235
19521;198
19522;189
19523;189
19524;1
19525;102
19526;210
19527;294
19528;260
19529;182
19530;170
19531;44
19532;146
19533;177
19534;86
19535;72
19536;16
19537;87
19538;156
19539;60
19540;149
19541;260
19542;228
19543;44
19544;252
19545;252
19546;242
19547;166
19548;1
19549;114
19550;71
19551;228
19552;235
19553;156
19554;40
19555;242
19556;83
19557;183
19558;102
19559;260
19560;134
19561;156
19562;20
19563;96
19564;145
19565;18
19566;294
19567;260
19568;280
19569;149
19570;79
19571;235
19572;189
19573;218
19574;235
19575;280
19576;156
19577;237
19578;146
19579;228
19580;242
19581;242
19582;235
19583;228
19584;189
19585;170
19586;260
19587;228
19588;228
19589;166
19590;228
19591;199
19592;18
19593;210
19594;96
19595;243
19596;235
19597;210
19598;294
19599;221
19600;202
19601;1
19602;189
19603;210
19604;59
19605;192
19606;228
19607;149
19608;210
19609;189
19610;103
19611;102
19612;14
19613;133
19614;189
19615;112
19616;20
19617;189
19618;260
19619;285
19620;40
19621;137
19622;46
19623;278
19624;183
19625;252
19626;108
19627;140
19628;228
19629;249
19630;116
19631;228
19632;156
19633;182
19634;58
19635;221
19636;1
19637;260
19638;235
19639;149
19640;294
19641;265
19642;189
19643;-1
19644;133
19645;170
19646;156
19647;166
19648;191
19649;20
19650;58
19651;137
19652;177
19653;208
19654;213
19655;112
19656;260
19657;218
19658;245
19659;156
19660;170
19661;146
19662;252
19663;192
19664;245
19665;217
19666;285
19667;103
19668;260
19669;156
19670;48
19671;46
19672;189
19673;277
19674;46
19675;235
19676;114
19677;192
19678;66
19679;62
19680;71
19681;235
19682;156
19683;102
19684;1
19685;83
19686;20
19687;86
19688;112
19689;243
19690;48
19691;48
19692;221
19693;294
19694;100
19695;256
19696;166
19697;228
19698;202
19699;248
19700;156
19701;189
19702;71
19703;218
19704;71
19705;226
19706;91
19707;260
19708;235
19709;71
19710;280
19711;252
19712;189
19713;280
19714;140
19715;252
19716;189
19717;245
19718;237
19719;200
19720;228
19721;209
19722;242
19723;214
19724;149
19725;243
19726;14
19727;286
19728;221
19729;156
19730;284
19731;242
19732;81
19733;103
19734;18
19735;170
19736;238
19737;134
19738;149
19739;134
19740;86
19741;277
19742;235
19743;220
19744;170
19745;285
19746;235
19747;20
19748;137
19749;114
19750;83
19751;235
19752;214
19753;83
19754;83
19755;156
19756;71
19757;145
19758;285
19759;170
19760;71
19761;83
19762;189
19763;60
19764;112
19765;242
19766;114
19767;112
19768;228
19769;228
19770;242
19771;238
19772;166
19773;266
19774;87
19775;260
19776;252
19777;243
19778;285
19779;40
19780;254
19781;18
19782;137
19783;280
19784;202
19785;48
19786;284
19787;210
19788;260
19789;66
19790;189
19791;217
19792;221
19793;235
19794;245
19795;170
19796;217
19797;189
19798;76
19799;228
19800;221
19801;134
19802;71
19803;277
19804;20
19805;166
19806;228
19807;242
19808;115
19809;83
19810;16
19811;66
19812;24
19813;87
19814;260
19815;170
19816;112
19817;202
19818;177
19819;210
19820;228
19821;133
19822;189
19823;14
19824;189
19825;260
19826;218
19827;24
19828;129
19829;252
19830;249
19831;20
19832;102
19833;228
19834;192
19835;137
19836;235
19837;254
19838;1
19839;156
19840;189
19841;149
19842;115
19843;189
19844;71
19845;116
19846;170
19847;228
19848;202
19849;149
19850;87
19851;294
19852;260
19853;114
19854;214
19855;83
19856;140
19857;14
19858;156
19859;265
19860;260
19861;189
19862;235
19863;189
19864;265
19865;134
19866;208
19867;149
19868;120
19869;248
19870;243
19871;48
19872;87
19873;166
19874;200
19875;20
19876;166
19877;86
19878;252
19879;228
19880;83
19881;149
19882;228
19883;235
19884;260
19885;115
19886;245
19887;91
19888;261
19889;245
19890;189
19891;102
19892;218
19893;248
19894;48
19895;170
19896;210
19897;266
19898;235
19899;159
19900;260
19901;170
19902;166
19903;126
19904;235
19905;166
19906;170
19907;71
19908;260
19909;91
19910;170
19911;14
19912;252
19913;238
19914;228
19915;71
19916;149
19917;149
19918;242
19919;83
19920;208
19921;260
19922;265
19923;254
19924;139
19925;20
19926;252
19927;245
19928;221
19929;250
19930;148
19931;73
19932;102
19933;245
19934;149
19935;166
19936;228
19937;248
19938;189
19939;149
19940;261
19941;149
19942;87
19943;86
19944;192
19945;60
19946;170
19947;210
19948;260
19949;170
19950;189
19951;176
19952;213
19953;256
19954;156
19955;235
19956;83
19957;228
19958;261
19959;254
19960;66
19961;277
19962;228
19963;91
19964;126
19965;170
19966;58
19967;189
19968;134
19969;237
19970;228
19971;83
19972;149
19973;284
19974;221
19975;245
19976;83
19977;126
19978;210
19979;260
19980;252
19981;149
19982;228
19983;189
19984;202
19985;170
19986;201
19987;189
19988;260
19989;228
19990;112
19991;183
19992;189
19993;44
19994;156
19995;208
19996;148
19997;166
19998;235
19999;83
20000;238
20001;189
20002;112
20003;192
20004;149
20005;243
20006;44
20007;60
20008;189
20009;102
20010;134
20011;294
20012;34
20013;44
20014;208
20015;266
20016;83
20017;200
20018;1
20019;210
20020;149
20021;84
20022;170
20023;254
20024;192
20025;245
20026;91
20027;20
20028;189
20029;166
20030;83
20031;148
20032;228
20033;60
20034;108
20035;237
20036;71
20037;166
20038;51
20039;146
20040;71
20041;149
20042;83
20043;182
20044;228
20045;228
20046;14
20047;58
20048;287
20049;149
20050;71
20051;260
20052;294
20053;108
20054;210
20055;221
20056;210
20057;228
20058;149
20059;66
20060;134
20061;260
20062;189
20063;102
20064;149
20065;51
20066;261
20067;250
20068;235
20069;243
20070;260
20071;66
20072;134
20073;91
20074;284
20075;189
20076;242
20077;228
20078;170
20079;86
20080;238
20081;266
20082;48
20083;48
20084;129
20085;115
20086;260
20087;260
20088;228
20089;189
20090;159
20091;149
20092;37
20093;76
20094;189
20095;160
20096;284
20097;235
20098;83
20099;177
20100;277
20101;159
20102;260
20103;137
20104;48
20105;210
20106;71
20107;166
20108;44
20109;59
20110;252
20111;242
20112;213
20113;248
20114;210
20115;149
20116;60
20117;166
20118;170
20119;260
20120;156
20121;170
20122;260
20123;260
20124;40
20125;156
20126;170
20127;231
20128;20
20129;22
20130;170
20131;210
20132;277
20133;228
20134;242
20135;149
20136;149
20137;228
20138;160
20139;228
20140;86
20141;249
20142;202
20143;200
20144;189
20145;137
20146;228
20147;183
20148;202
20149;212
20150;112
20151;235
20152;260
20153;260
20154;260
20155;252
20156;248
20157;134
20158;235
20159;228
20160;159
20161;10
20162;166
20163;170
20164;149
20165;83
20166;260
20167;189
20168;59
20169;294
20170;210
20171;20
20172;115
20173;228
20174;166
20175;210
20176;157
20177;221
20178;7
20179;189
20180;280
20181;294
20182;148
20183;282
20184;228
20185;133
20186;245
20187;115
20188;149
20189;149
20190;228
20191;157
20192;242
20193;170
20194;280
20195;263
20196;166
20197;160
20198;73
20199;170
20200;245
20201;189
20202;166
20203;44
20204;228
20205;156
20206;254
20207;235
20208;226
20209;260
20210;112
20211;235
20212;112
20213;83
20214;202
20215;71
20216;149
20217;137
20218;166
20219;114
20220;252
20221;166
20222;86
20223;176
20224;128
20225;44
20226;189
20227;160
20228;192
20229;71
20230;202
20231;170
20232;129
20233;103
20234;248
20235;260
20236;170
20237;128
20238;182
20239;242
20240;189
20241;245
20242;189
20243;189
20244;176
20245;183
20246;242
20247;20
20248;235
20249;112
20250;60
20251;243
20252;210
20253;71
20254;189
20255;248
20256;252
20257;200
20258;14
20259;235
20260;294
20261;7
20262;83
20263;83
20264;189
20265;170
20266;272
20267;170
20268;149
20269;202
20270;221
20271;134
20272;245
20273;115
20274;137
20275;245
20276;189
20277;266
20278;189
20279;140
20280;134
20281;62
20282;260
20283;189
20284;86
20285;20
20286;200
20287;20
20288;170
20289;166
20290;96
20291;170
20292;228
20293;71
20294;220
20295;60
20296;202
20297;228
20298;87
20299;217
20300;48
20301;191
20302;156
20303;235
20304;112
20305;242
20306;280
20307;235
20308;170
20309;159
20310;166
20311;120
20312;18
20313;166
20314;235
20315;71
20316;189
20317;36
20318;200
20319;189
20320;14
20321;48
20322;260
20323;235
20324;183
20325;44
20326;182
20327;166
20328;189
20329;183
20330;189
20331;166
20332;202
20333;288
20334;166
20335;166
20336;11
20337;189
20338;248
20339;80
20340;294
20341;164
20342;294
20343;16
20344;210
20345;280
20346;148
20347;243
20348;44
20349;48
20350;200
20351;170
20352;217
20353;235
20354;228
20355;66
20356;112
20357;14
20358;286
20359;156
20360;86
20361;235
20362;208
20363;166
20364;208
20365;228
20366;73
20367;224
20368;134
20369;189
20370;20
20371;140
20372;18
20373;44
20374;228
20375;177
20376;183
20377;53
20378;166
20379;243
20380;243
20381;48
20382;87
20383;202
20384;170
20385;166
20386;228
20387;112
20388;189
20389;102
20390;228
20391;170
20392;38
20393;86
20394;160
20395;221
20396;245
20397;20
20398;189
20399;105
20400;83
20401;245
20402;235
20403;79
20404;71
20405;228
20406;294
20407;114
20408;166
20409;214
20410;97
20411;235
20412;210
20413;170
20414;170
20415;228
20416;34
20417;285
20418;210
20419;183
20420;228
20421;166
20422;156
20423;260
20424;166
20425;189
20426;228
20427;16
20428;248
20429;20
20430;221
20431;128
20432;160
20433;166
20434;294
20435;149
20436;228
20437;51
20438;87
20439;220
20440;183
20441;24
20442;189
20443;157
20444;243
20445;137
20446;44
20447;260
20448;189
20449;231
20450;14
20451;36
20452;228
20453;157
20454;108
20455;198
20456;166
20457;189
20458;156
20459;183
20460;248
20461;189
20462;245
20463;189
20464;235
20465;149
20466;280
20467;221
20468;134
20469;248
20470;149
20471;228
20472;71
20473;149
20474;267
20475;242
20476;166
20477;228
20478;280
20479;71
20480;156
20481;265
20482;208
20483;145
20484;217
20485;209
20486;166
20487;189
20488;210
20489;192
20490;294
20491;182
20492;260
20493;91
20494;134
20495;38
20496;198
20497;252
20498;156
20499;105
20500;243
20501;228
20502;157
20503;252
20504;245
20505;235
20506;228
20507;105
20508;112
20509;285
20510;235
20511;87
20512;189
20513;183
20514;228
20515;285
20516;189
20517;252
20518;170
20519;260
20520;60
20521;189
20522;134
20523;217
20524;83
20525;48
20526;128
20527;48
20528;245
20529;210
20530;87
20531;278
20532;228
20533;210
20534;157
20535;170
20536;156
20537;202
20538;71
20539;243
20540;46
20541;166
20542;210
20543;170
20544;208
20545;104
20546;-1
20547;189
20548;228
20549;208
20550;177
20551;231
20552;284
20553;245
20554;166
20555;20
20556;156
20557;37
20558;288
20559;272
20560;228
20561;228
20562;189
20563;134
20564;228
20565;210
20566;202
20567;40
20568;235
20569;83
20570;20
20571;166
20572;83
20573;285
20574;202
20575;285
20576;228
20577;16
20578;228
20579;189
20580;1
20581;189
20582;149
20583;280
20584;235
20585;145
20586;112
20587;235
20588;149
20589;256
20590;44
20591;116
20592;156
20593;91
20594;235
20595;260
20596;189
20597;182
20598;71
20599;189
20600;83
20601;48
20602;105
20603;115
20604;83
20605;189
20606;104
20607;228
20608;156
20609;79
20610;202
20611;133
20612;189
20613;266
20614;170
20615;228
20616;148
20617;260
20618;213
20619;217
20620;83
20621;140
20622;210
20623;20
20624;280
20625;149
20626;71
20627;294
20628;146
20629;213
20630;228
20631;120
20632;260
20633;189
20634;166
20635;112
20636;238
20637;166
20638;160
20639;252
20640;176
20641;202
20642;71
20643;46
20644;202
20645;242
20646;120
20647;183
20648;248
20649;210
20650;224
20651;279
20652;146
20653;160
20654;40
20655;189
20656;66
20657;210
20658;265
20659;71
20660;228
20661;14
20662;83
20663;189
20664;236
20665;189
20666;243
20667;260
20668;228
20669;59
20670;202
20671;166
20672;245
20673;235
20674;212
20675;183
20676;221
20677;210
20678;189
20679;189
20680;260
20681;280
20682;235
20683;166
20684;201
20685;170
20686;208
20687;149
20688;156
20689;38
20690;71
20691;48
20692;44
20693;221
20694;248
20695;91
20696;282
20697;260
20698;242
20699;114
20700;189
20701;237
20702;218
20703;134
20704;48
20705;104
20706;189
20707;48
20708;189
20709;189
20710;166
20711;235
20712;48
20713;220
20714;189
20715;37
20716;238
20717;242
20718;202
20719;60
20720;170
20721;260
20722;243
20723;134
20724;156
20725;157
20726;46
20727;228
20728;189
20729;76
20730;228
20731;34
20732;44
20733;228
20734;112
20735;189
20736;170
20737;38
20738;149
20739;170
20740;220
20741;260
20742;170
20743;71
20744;192
20745;228
20746;235
20747;166
20748;242
20749;66
20750;263
20751;183
20752;189
20753;260
20754;83
20755;242
20756;217
20757;217
20758;279
20759;156
20760;245
20761;76
20762;252
20763;59
20764;34
20765;210
20766;189
20767;157
20768;108
20769;112
20770;146
20771;221
20772;202
20773;116
20774;189
20775;170
20776;248
20777;252
20778;260
20779;189
20780;228
20781;166
20782;170
20783;245
20784;48
20785;103
20786;170
20787;103
20788;166
20789;202
20790;228
20791;156
20792;7
20793;217
20794;220
20795;248
20796;170
20797;105
20798;235
20799;18
20800;83
20801;8
20802;134
20803;226
20804;166
20805;139
20806;280
20807;189
20808;156
20809;189
20810;235
20811;210
20812;208
20813;237
20814;189
20815;166
20816;231
20817;260
20818;133
20819;189
20820;189
20821;120
20822;164
20823;201
20824;228
20825;210
20826;44
20827;260
20828;114
20829;14
20830;265
20831;248
20832;112
20833;294
20834;235
20835;71
20836;214
20837;133
20838;245
20839;260
20840;137
20841;87
20842;128
20843;260
20844;177
20845;137
20846;149
20847;189
20848;248
20849;231
20850;210
20851;62
20852;260
20853;83
20854;170
20855;114
20856;76
20857;260
20858;146
20859;170
20860;228
20861;237
20862;71
20863;149
20864;60
20865;202
20866;146
20867;149
20868;235
20869;252
20870;213
20871;108
20872;170
20873;166
20874;242
20875;214
20876;238
20877;58
20878;71
20879;149
20880;156
20881;192
20882;256
20883;166
20884;134
20885;228
20886;48
20887;214
20888;48
20889;149
20890;235
20891;294
20892;228
20893;115
20894;149
20895;189
20896;166
20897;146
20898;243
20899;228
20900;189
20901;96
20902;149
20903;149
20904;14
20905;91
20906;112
20907;245
20908;166
20909;149
20910;170
20911;10
20912;256
20913;226
20914;149
20915;71
20916;83
20917;20
20918;44
20919;235
20920;294
20921;228
20922;248
20923;189
20924;83
20925;237
20926;149
20927;124
20928;91
20929;128
20930;166
20931;166
20932;160
20933;133
20934;66
20935;166
20936;248
20937;166
20938;46
20939;260
20940;260
20941;164
20942;235
20943;202
20944;284
20945;83
20946;260
20947;189
20948;228
20949;280
20950;170
20951;201
20952;210
20953;243
20954;133
20955;149
20956;248
20957;189
20958;115
20959;40
20960;10
20961;166
20962;105
20963;231
20964;134
20965;108
20966;140
20967;71
20968;20
20969;20
20970;242
20971;170
20972;235
20973;260
20974;189
20975;149
20976;252
20977;243
20978;44
20979;166
20980;59
20981;218
20982;137
20983;148
20984;124
20985;149
20986;243
20987;128
20988;156
20989;149
20990;71
20991;228
20992;189
20993;25
20994;228
20995;105
20996;260
20997;221
20998;48
20999;149
21000;235
21001;103
21002;200
21003;134
21004;266
21005;228
21006;166
21007;170
21008;286
21009;177
21010;279
21011;20
21012;228
21013;245
21014;192
21015;59
21016;237
21017;71
21018;287
21019;248
21020;137
21021;261
21022;166
21023;46
21024;245
21025;210
21026;210
21027;115
21028;66
21029;7
21030;133
21031;183
21032;156
21033;189
21034;156
21035;245
21036;243
21037;20
21038;21
21039;157
21040;189
21041;260
21042;189
21043;170
21044;260
21045;170
21046;134
21047;1
21048;221
21049;71
21050;38
21051;166
21052;189
21053;166
21054;115
21055;228
21056;228
21057;170
21058;146
21059;134
21060;189
21061;235
21062;134
21063;83
21064;44
21065;91
21066;83
21067;58
21068;235
21069;210
21070;166
21071;166
21072;248
21073;210
21074;260
21075;10
21076;228
21077;149
21078;294
21079;228
21080;166
21081;145
21082;22
21083;166
21084;200
21085;237
21086;213
21087;166
21088;237
21089;202
21090;149
21091;189
21092;294
21093;189
21094;285
21095;103
21096;137
21097;120
21098;177
21099;170
21100;112
21101;228
21102;294
21103;202
21104;46
21105;44
21106;278
21107;170
21108;134
21109;226
21110;103
21111;261
21112;260
21113;44
21114;189
21115;217
21116;228
21117;112
21118;228
21119;237
21120;220
21121;228
21122;134
21123;44
21124;228
21125;71
21126;59
21127;221
21128;202
21129;166
21130;134
21131;192
21132;134
21133;189
21134;44
21135;200
21136;294
21137;145
21138;189
21139;11
21140;134
21141;228
21142;245
21143;40
21144;16
21145;192
21146;170
21147;228
21148;133
21149;176
21150;213
21151;189
21152;133
21153;20
21154;166
21155;228
21156;218
21157;260
21158;260
21159;280
21160;-1
21161;71
21162;228
21163;83
21164;260
21165;220
21166;156
21167;260
21168;228
21169;71
21170;202
21171;280
21172;198
21173;115
21174;103
21175;149
21176;149
21177;280
21178;166
21179;170
21180;83
21181;236
21182;34
21183;126
21184;208
21185;149
21186;212
21187;245
21188;71
21189;228
21190;166
21191;202
21192;208
21193;34
21194;260
21195;166
21196;134
21197;202
21198;260
21199;166
21200;137
21201;7
21202;261
21203;182
21204;245
21205;252
21206;133
21207;149
21208;294
21209;252
21210;245
21211;108
21212;245
21213;120
21214;228
21215;210
21216;157
21217;59
21218;14
21219;200
21220;252
21221;212
21222;83
21223;189
21224;189
21225;294
21226;252
21227;103
21228;96
21229;98
21230;294
21231;46
21232;280
21233;189
21234;140
21235;260
21236;224
21237;20
21238;177
21239;260
21240;278
21241;237
21242;189
21243;86
21244;248
21245;170
21246;146
21247;189
21248;170
21249;284
21250;189
21251;71
21252;280
21253;134
21254;83
21255;166
21256;228
21257;87
21258;1
21259;189
21260;279
21261;189
21262;53
21263;237
21264;280
21265;235
21266;260
21267;177
21268;71
21269;235
21270;166
21271;44
21272;170
21273;71
21274;208
21275;103
21276;149
21277;170
21278;156
21279;37
21280;156
21281;248
21282;51
21283;156
21284;285
21285;66
21286;260
21287;149
21288;210
21289;192
21290;278
21291;228
21292;59
21293;260
21294;260
21295;48
21296;103
21297;149
21298;126
21299;166
21300;166
21301;126
21302;200
21303;18
21304;192
21305;14
21306;237
21307;189
21308;170
21309;252
21310;160
21311;242
21312;208
21313;145
21314;160
21315;189
21316;120
21317;20
21318;189
21319;210
21320;189
21321;156
21322;83
21323;18
21324;149
21325;189
21326;248
21327;83
21328;170
21329;59
21330;228
21331;38
21332;156
21333;170
21334;71
21335;248
21336;20
21337;254
21338;189
21339;120
21340;105
21341;157
21342;83
21343;228
21344;217
21345;202
21346;83
21347;134
21348;228
21349;11
21350;108
21351;8
21352;191
21353;20
21354;46
21355;189
21356;76
21357;192
21358;166
21359;149
21360;208
21361;-1
21362;280
21363;210
21364;166
21365;243
21366;256
21367;228
21368;112
21369;87
21370;248
21371;166
21372;48
21373;198
21374;208
21375;24
21376;83
21377;71
21378;115
21379;156
21380;228
21381;183
21382;44
21383;86
21384;231
21385;170
21386;228
21387;260
21388;260
21389;198
21390;166
21391;86
21392;129
21393;288
21394;149
21395;234
21396;245
21397;260
21398;134
21399;236
21400;91
21401;248
21402;14
21403;228
21404;260
21405;250
21406;83
21407;284
21408;129
21409;20
21410;102
21411;245
21412;280
21413;242
21414;192
21415;71
21416;189
21417;189
21418;245
21419;170
21420;140
21421;60
21422;198
21423;267
21424;149
21425;87
21426;267
21427;76
21428;149
21429;20
21430;248
21431;20
21432;166
21433;83
21434;157
21435;20
21436;115
21437;260
21438;18
21439;228
21440;166
21441;166
21442;260
21443;166
21444;285
21445;189
21446;170
21447;202
21448;280
21449;208
21450;260
21451;156
21452;112
21453;83
21454;66
21455;128
21456;149
21457;208
21458;148
21459;210
21460;157
21461;189
21462;242
21463;245
21464;159
21465;71
21466;201
21467;208
21468;48
21469;189
21470;14
21471;166
21472;116
21473;189
21474;149
21475;189
21476;170
21477;166
21478;177
21479;149
21480;235
21481;149
21482;228
21483;40
21484;149
21485;260
21486;134
21487;34
21488;214
21489;20
21490;177
21491;252
21492;114
21493;285
21494;243
21495;170
21496;228
21497;228
21498;83
21499;218
21500;87
21501;261
21502;228
21503;115
21504;189
21505;145
21506;149
21507;228
21508;83
21509;149
21510;149
21511;166
21512;44
21513;267
21514;260
21515;112
21516;277
21517;285
21518;213
21519;105
21520;228
21521;104
21522;146
21523;71
21524;170
21525;87
21526;166
21527;189
21528;189
21529;20
21530;156
21531;235
21532;245
21533;86
21534;189
21535;210
21536;170
21537;235
21538;71
21539;170
21540;137
21541;160
21542;60
21543;228
21544;294
21545;66
21546;228
21547;228
21548;260
21549;228
21550;202
21551;210
21552;71
21553;284
21554;280
21555;261
21556;48
21557;189
21558;294
21559;202
21560;140
21561;120
21562;183
21563;284
21564;114
21565;221
21566;265
21567;170
21568;189
21569;71
21570;294
21571;189
21572;248
21573;189
21574;134
21575;198
21576;287
21577;260
21578;235
21579;260
21580;280
21581;115
21582;210
21583;40
21584;20
21585;166
21586;192
21587;248
21588;235
21589;86
21590;189
21591;170
21592;116
21593;189
21594;170
21595;243
21596;134
21597;285
21598;260
21599;248
21600;146
21601;237
21602;189
21603;60
21604;112
21605;243
21606;202
21607;202
21608;235
21609;236
21610;285
21611;235
21612;183
21613;166
21614;189
21615;134
21616;145
21617;170
21618;189
21619;202
21620;156
21621;148
21622;72
21623;260
21624;112
21625;189
21626;71
21627;228
21628;284
21629;189
21630;114
21631;245
21632;81
21633;213
21634;71
21635;280
21636;166
21637;166
21638;79
21639;120
21640;20
21641;83
21642;189
21643;234
21644;102
21645;245
21646;170
21647;170
21648;201
21649;145
21650;149
21651;252
21652;83
21653;250
21654;166
21655;182
21656;44
21657;189
21658;170
21659;260
21660;59
21661;34
21662;145
21663;235
21664;96
21665;235
21666;133
21667;91
21668;48
21669;79
21670;166
21671;221
21672;146
21673;189
21674;166
21675;261
21676;189
21677;235
21678;260
21679;243
21680;265
21681;1
21682;278
21683;228
21684;145
21685;87
21686;254
21687;166
21688;245
21689;202
21690;182
21691;248
21692;83
21693;189
21694;189
21695;248
21696;7
21697;116
21698;83
21699;149
21700;48
21701;166
21702;48
21703;202
21704;243
21705;166
21706;59
21707;149
21708;261
21709;280
21710;228
21711;293
21712;228
21713;278
21714;210
21715;214
21716;237
21717;231
21718;234
21719;260
21720;280
21721;20
21722;120
21723;66
21724;91
21725;71
21726;134
21727;252
21728;245
21729;200
21730;252
21731;248
21732;248
21733;294
21734;235
21735;149
21736;189
21737;134
21738;208
21739;208
21740;245
21741;149
21742;226
21743;128
21744;192
21745;228
21746;228
21747;116
21748;278
21749;170
21750;170
21751;20
21752;166
21753;149
21754;170
21755;86
21756;183
21757;260
21758;189
21759;189
21760;189
21761;189
21762;208
21763;166
21764;170
21765;170
21766;200
21767;83
21768;228
21769;228
21770;252
21771;112
21772;102
21773;134
21774;212
21775;149
21776;137
21777;108
21778;156
21779;87
21780;285
21781;192
21782;166
21783;170
21784;189
21785;20
21786;156
21787;159
21788;189
21789;159
21790;288
21791;256
21792;170
21793;288
21794;149
21795;260
21796;221
21797;248
21798;20
21799;18
21800;44
21801;48
21802;149
21803;71
21804;176
21805;102
21806;202
21807;170
21808;210
21809;83
21810;38
21811;202
21812;48
21813;149
21814;170
21815;120
21816;252
21817;166
21818;272
21819;149
21820;220
21821;235
21822;228
21823;20
21824;189
21825;149
21826;170
21827;176
21828;71
21829;149
21830;76
21831;120
21832;228
21833;226
21834;10
21835;189
21836;210
21837;134
21838;83
21839;245
21840;183
21841;189
21842;1
21843;96
21844;97
21845;137
21846;170
21847;36
21848;34
21849;48
21850;166
21851;189
21852;189
21853;202
21854;166
21855;166
21856;157
21857;83
21858;235
21859;212
21860;235
21861;189
21862;140
21863;252
21864;182
21865;245
21866;248
21867;115
21868;156
21869;280
21870;189
21871;105
21872;294
21873;170
21874;71
21875;166
21876;235
21877;20
21878;242
21879;1
21880;189
21881;189
21882;198
21883;134
21884;170
21885;48
21886;280
21887;217
21888;287
21889;148
21890;170
21891;288
21892;213
21893;212
21894;243
21895;48
21896;149
21897;71
21898;18
21899;243
21900;53
21901;156
21902;254
21903;83
21904;243
21905;20
21906;149
21907;286
21908;1
21909;7
21910;183
21911;34
21912;198
21913;189
21914;235
21915;189
21916;71
21917;287
21918;71
21919;14
21920;83
21921;170
21922;83
21923;256
21924;120
21925;156
21926;128
21927;176
21928;102
21929;87
21930;102
21931;38
21932;284
21933;245
21934;245
21935;20
21936;277
21937;156
21938;220
21939;134
21940;221
21941;189
21942;189
21943;189
21944;134
21945;189
21946;189
21947;157
21948;11
21949;157
21950;231
21951;166
21952;108
21953;170
21954;134
21955;189
21956;1
21957;170
21958;208
21959;272
21960;235
21961;260
21962;221
21963;218
21964;235
21965;157
21966;71
21967;266
21968;71
21969;166
21970;235
21971;62
21972;231
21973;260
21974;213
21975;166
21976;156
21977;66
21978;189
21979;260
21980;14
21981;71
21982;134
21983;137
21984;112
21985;76
21986;192
21987;217
21988;248
21989;267
21990;228
21991;166
21992;149
21993;248
21994;149
21995;71
21996;294
21997;159
21998;71
21999;212
22000;71
22001;44
22002;102
22003;22
22004;137
22005;34
22006;149
22007;102
22008;91
22009;166
22010;71
22011;102
22012;44
22013;245
22014;210
22015;116
22016;183
22017;140
22018;226
22019;284
22020;189
22021;108
22022;137
22023;189
22024;166
22025;156
22026;83
22027;237
22028;280
22029;102
22030;60
22031;71
22032;166
22033;156
22034;202
22035;128
22036;242
22037;166
22038;288
22039;20
22040;146
22041;166
22042;218
22043;102
22044;224
22045;177
22046;280
22047;170
22048;248
22049;149
22050;128
22051;22
22052;252
22053;260
22054;189
22055;226
22056;260
22057;256
22058;160
22059;71
22060;192
22061;170
22062;217
22063;189
22064;91
22065;235
22066;228
22067;170
22068;112
22069;86
22070;126
22071;228
22072;228
22073;242
22074;286
22075;71
22076;192
22077;156
22078;156
22079;105
22080;134
22081;235
22082;105
22083;245
22084;235
22085;83
22086;170
22087;103
22088;189
22089;1
22090;14
22091;137
22092;228
22093;133
22094;160
22095;16
22096;18
22097;18
22098;71
22099;261
22100;189
22101;133
22102;149
22103;248
22104;166
22105;114
22106;71
22107;235
22108;189
22109;102
22110;228
22111;86
22112;237
22113;156
22114;192
22115;86
22116;238
22117;242
22118;252
22119;156
22120;183
22121;260
22122;71
22123;156
22124;83
22125;220
22126;14
22127;145
22128;284
22129;265
22130;157
22131;228
22132;266
22133;189
22134;189
22135;189
22136;160
22137;231
22138;245
22139;156
22140;170
22141;128
22142;66
22143;66
22144;34
22145;166
22146;166
22147;170
22148;228
22149;208
22150;228
22151;210
22152;245
22153;228
22154;1
22155;166
22156;170
22157;60
22158;156
22159;170
22160;40
22161;242
22162;228
22163;156
22164;252
22165;149
22166;245
22167;228
22168;149
22169;248
22170;252
22171;157
22172;189
22173;285
22174;156
22175;260
22176;58
22177;208
22178;166
22179;1
22180;96
22181;170
22182;44
22183;284
22184;261
22185;71
22186;277
22187;166
22188;20
22189;133
22190;156
22191;252
22192;137
22193;71
22194;128
22195;237
22196;217
22197;189
22198;114
22199;156
22200;48
22201;242
22202;210
22203;235
22204;137
22205;192
22206;71
22207;112
22208;145
22209;260
22210;189
22211;280
22212;252
22213;37
22214;177
22215;245
22216;149
22217;170
22218;79
22219;83
22220;235
22221;192
22222;260
22223;285
22224;217
22225;189
22226;83
22227;71
22228;284
22229;210
22230;235
22231;183
22232;279
22233;48
22234;48
22235;20
22236;134
22237;252
22238;166
22239;59
22240;134
22241;189
22242;248
22243;260
22244;105
22245;210
22246;112
22247;145
22248;202
22249;252
22250;166
22251;177
22252;59
22253;-1
22254;220
22255;245
22256;261
22257;285
22258;166
22259;210
22260;66
22261;242
22262;40
22263;228
22264;252
22265;245
22266;83
22267;221
22268;260
22269;284
22270;58
22271;149
22272;76
22273;218
22274;182
22275;200
22276;235
22277;81
22278;189
22279;235
22280;71
22281;133
22282;59
22283;189
22284;228
22285;242
22286;245
22287;189
22288;189
22289;96
22290;71
22291;87
22292;46
22293;242
22294;60
22295;44
22296;210
22297;235
22298;83
22299;16
22300;80
22301;234
22302;294
22303;160
22304;243
22305;238
22306;133
22307;149
22308;20
22309;86
22310;115
22311;189
22312;284
22313;245
22314;248
22315;208
22316;245
22317;114
22318;294
22319;189
22320;214
22321;242
22322;277
22323;20
22324;166
22325;248
22326;20
22327;235
22328;226
22329;156
22330;166
22331;48
22332;112
22333;231
22334;83
22335;87
22336;170
22337;53
22338;24
22339;235
22340;228
22341;87
22342;156
22343;134
22344;102
22345;34
22346;220
22347;71
22348;170
22349;126
22350;210
22351;213
22352;149
22353;245
22354;248
22355;126
22356;83
22357;210
22358;277
22359;285
22360;254
22361;149
22362;252
22363;166
22364;280
22365;66
22366;86
22367;156
22368;71
22369;261
22370;235
22371;210
22372;160
22373;60
22374;280
22375;183
22376;210
22377;149
22378;189
22379;134
22380;228
22381;189
22382;166
22383;86
22384;96
22385;210
22386;108
22387;288
22388;248
22389;83
22390;114
22391;214
22392;137
22393;20
22394;166
22395;83
22396;189
22397;189
22398;166
22399;280
22400;260
22401;166
22402;140
22403;149
22404;189
22405;170
22406;260
22407;149
22408;87
22409;86
22410;83
22411;149
22412;280
22413;192
22414;170
22415;115
22416;191
22417;189
22418;14
22419;170
22420;60
22421;221
22422;146
22423;284
22424;228
22425;189
22426;177
22427;108
22428;277
22429;294
22430;245
22431;210
22432;159
22433;210
22434;280
22435;245
22436;51
22437;126
22438;260
22439;254
22440;280
22441;294
22442;235
22443;218
22444;146
22445;242
22446;189
22447;248
22448;1
22449;149
22450;208
22451;83
22452;224
22453;189
22454;157
22455;201
22456;228
22457;214
22458;170
22459;209
22460;235
22461;170
22462;58
22463;278
22464;278
22465;189
22466;208
22467;237
22468;83
22469;156
22470;202
22471;87
22472;218
22473;115
22474;252
22475;140
22476;66
22477;148
22478;285
22479;149
22480;189
22481;38
22482;14
22483;189
22484;145
22485;243
22486;10
22487;266
22488;294
22489;102
22490;145
22491;166
22492;200
22493;103
22494;228
22495;210
22496;146
22497;228
22498;166
22499;149
22500;189
22501;86
22502;189
22503;189
22504;189
22505;260
22506;86
22507;97
22508;245
22509;71
22510;285
22511;129
22512;280
22513;210
22514;237
22515;149
22516;87
22517;210
22518;235
22519;189
22520;102
22521;83
22522;166
22523;189
22524;209
22525;189
22526;159
22527;209
22528;170
22529;228
22530;228
22531;210
22532;92
22533;34
22534;210
22535;156
22536;208
22537;210
22538;213
22539;192
22540;235
22541;285
22542;192
22543;245
22544;72
22545;1
22546;170
22547;189
22548;98
22549;115
22550;71
22551;176
22552;86
22553;79
22554;115
22555;156
22556;200
22557;31
22558;58
22559;128
22560;210
22561;114
22562;235
22563;128
22564;189
22565;260
22566;83
22567;224
22568;189
22569;149
22570;166
22571;86
22572;51
22573;189
22574;287
22575;133
22576;166
22577;38
22578;66
22579;221
22580;189
22581;243
22582;102
22583;189
22584;200
22585;170
22586;60
22587;235
22588;149
22589;265
22590;235
22591;60
22592;166
22593;40
22594;235
22595;16
22596;228
22597;228
22598;260
22599;189
22600;235
22601;210
22602;245
22603;202
22604;228
22605;60
22606;166
22607;149
22608;87
22609;189
22610;44
22611;183
22612;189
22613;170
22614;228
22615;115
22616;285
22617;20
22618;87
22619;58
22620;83
22621;156
22622;278
22623;148
22624;115
22625;87
22626;149
22627;66
22628;126
22629;48
22630;40
22631;149
22632;243
22633;170
22634;189
22635;235
22636;170
22637;48
22638;166
22639;260
22640;189
22641;145
22642;166
22643;170
22644;128
22645;202
22646;55
22647;145
22648;86
22649;20
22650;250
22651;159
22652;243
22653;288
22654;40
22655;166
22656;145
22657;170
22658;189
22659;260
22660;210
22661;71
22662;218
22663;116
22664;235
22665;59
22666;189
22667;237
22668;210
22669;189
22670;156
22671;79
22672;189
22673;149
22674;133
22675;149
22676;149
22677;189
22678;166
22679;71
22680;210
22681;189
22682;71
22683;260
22684;189
22685;189
22686;228
22687;71
22688;87
22689;137
22690;189
22691;73
22692;189
22693;228
22694;210
22695;228
22696;83
22697;83
22698;235
22699;217
22700;210
22701;228
22702;189
22703;156
22704;249
22705;213
22706;166
22707;245
22708;266
22709;260
22710;293
22711;286
22712;34
22713;18
22714;189
22715;59
22716;134
22717;48
22718;280
22719;134
22720;234
22721;166
22722;252
22723;83
22724;294
22725;48
22726;149
22727;134
22728;145
22729;40
22730;157
22731;235
22732;189
22733;149
22734;112
22735;160
22736;170
22737;243
22738;228
22739;16
22740;260
22741;245
22742;20
22743;170
22744;20
22745;166
22746;245
22747;192
22748;260
22749;228
22750;48
22751;176
22752;210
22753;189
22754;189
22755;134
22756;-1
22757;134
22758;228
22759;208
22760;24
22761;228
22762;189
22763;166
22764;294
22765;170
22766;254
22767;256
22768;134
22769;149
22770;170
22771;71
22772;228
22773;86
22774;159
22775;156
22776;87
22777;288
22778;160
22779;20
22780;170
22781;248
22782;146
22783;166
22784;71
22785;189
22786;166
22787;170
22788;248
22789;210
22790;145
22791;38
22792;149
22793;71
22794;134
22795;248
22796;228
22797;228
22798;213
22799;20
22800;260
22801;280
22802;214
22803;228
22804;83
22805;202
22806;149
22807;145
22808;108
22809;86
22810;202
22811;228
22812;260
22813;235
22814;183
22815;242
22816;242
22817;189
22818;202
22819;248
22820;248
22821;166
22822;183
22823;60
22824;294
22825;260
22826;228
22827;60
22828;189
22829;235
22830;166
22831;157
22832;245
22833;245
22834;86
22835;108
22836;238
22837;189
22838;217
22839;156
22840;228
22841;245
22842;156
22843;189
22844;96
22845;234
22846;248
22847;228
22848;114
22849;189
22850;38
22851;83
22852;48
22853;160
22854;166
22855;87
22856;170
22857;1
22858;192
22859;245
22860;149
22861;260
22862;166
22863;243
22864;189
22865;156
22866;146
22867;260
22868;261
22869;134
22870;189
22871;210
22872;156
22873;189
22874;40
22875;137
22876;245
22877;170
22878;87
22879;192
22880;66
22881;149
22882;263
22883;245
22884;166
22885;210
22886;80
22887;16
22888;102
22889;284
22890;157
22891;228
22892;189
22893;20
22894;228
22895;200
22896;31
22897;220
22898;202
22899;221
22900;182
22901;189
22902;96
22903;235
22904;280
22905;231
22906;71
22907;228
22908;202
22909;208
22910;46
22911;91
22912;20
22913;189
22914;189
22915;202
22916;10
22917;288
22918;228
22919;170
22920;228
22921;140
22922;159
22923;170
22924;235
22925;245
22926;104
22927;266
22928;166
22929;96
22930;201
22931;189
22932;235
22933;231
22934;245
22935;260
22936;210
22937;166
22938;156
22939;20
22940;137
22941;87
22942;66
22943;55
22944;10
22945;166
22946;34
22947;166
22948;156
22949;247
22950;112
22951;156
22952;228
22953;149
22954;24
22955;60
22956;116
22957;102
22958;235
22959;254
22960;213
22961;294
22962;140
22963;176
22964;183
22965;221
22966;137
22967;237
22968;-1
22969;284
22970;156
22971;71
22972;102
22973;137
22974;242
22975;248
22976;252
22977;210
22978;213
22979;261
22980;170
22981;134
22982;170
22983;228
22984;277
22985;104
22986;128
22987;79
22988;260
22989;189
22990;149
22991;112
22992;189
22993;170
22994;242
22995;189
22996;14
22997;228
22998;124
22999;248
23000;242
23001;228
23002;170
23003;198
23004;210
23005;235
23006;192
23007;156
23008;166
23009;228
23010;261
23011;242
23012;228
23013;237
23014;55
23015;221
23016;228
23017;160
23018;38
23019;248
23020;284
23021;166
23022;170
23023;71
23024;189
23025;189
23026;105
23027;105
23028;11
23029;11
23030;20
23031;261
23032;71
23033;156
23034;189
23035;220
23036;189
23037;243
23038;55
23039;156
23040;285
23041;156
23042;248
23043;149
23044;221
23045;71
23046;83
23047;189
23048;46
23049;272
23050;71
23051;202
23052;146
23053;60
23054;20
23055;112
23056;189
23057;14
23058;87
23059;149
23060;280
23061;210
23062;160
23063;245
23064;245
23065;189
23066;71
23067;235
23068;235
23069;53
23070;228
23071;280
23072;166
23073;256
23074;48
23075;102
23076;177
23077;48
23078;252
23079;189
23080;228
23081;156
23082;202
23083;170
23084;252
23085;83
23086;156
23087;128
23088;245
23089;245
23090;103
23091;243
23092;156
23093;112
23094;40
23095;189
23096;192
23097;248
23098;252
23099;235
23100;228
23101;284
23102;137
23103;210
23104;134
23105;245
23106;20
23107;176
23108;294
23109;157
23110;149
23111;46
23112;243
23113;245
23114;237
23115;86
23116;44
23117;14
23118;278
23119;20
23120;44
23121;189
23122;228
23123;79
23124;199
23125;137
23126;235
23127;55
23128;137
23129;210
23130;81
23131;156
23132;260
23133;228
23134;18
23135;189
23136;213
23137;260
23138;213
23139;38
23140;252
23141;71
23142;260
23143;66
23144;58
23145;202
23146;189
23147;210
23148;60
23149;260
23150;228
23151;202
23152;228
23153;149
23154;287
23155;189
23156;235
23157;59
23158;166
23159;200
23160;102
23161;210
23162;20
23163;160
23164;105
23165;220
23166;237
23167;226
23168;192
23169;170
23170;97
23171;260
23172;210
23173;189
23174;189
23175;201
23176;166
23177;177
23178;133
23179;284
23180;177
23181;294
23182;252
23183;189
23184;200
23185;202
23186;248
23187;242
23188;18
23189;248
23190;248
23191;235
23192;170
23193;115
23194;189
23195;228
23196;156
23197;228
23198;62
23199;228
23200;86
23201;213
23202;86
23203;228
23204;134
23205;170
23206;245
23207;166
23208;235
23209;210
23210;166
23211;40
23212;248
23213;149
23214;83
23215;293
23216;252
23217;285
23218;217
23219;217
23220;149
23221;128
23222;282
23223;189
23224;218
23225;104
23226;221
23227;189
23228;234
23229;189
23230;166
23231;170
23232;149
23233;221
23234;210
23235;242
23236;160
23237;189
23238;189
23239;210
23240;96
23241;267
23242;18
23243;252
23244;272
23245;285
23246;20
23247;156
23248;170
23249;44
23250;210
23251;256
23252;189
23253;189
23254;228
23255;243
23256;149
23257;272
23258;235
23259;60
23260;218
23261;182
23262;189
23263;170
23264;34
23265;248
23266;166
23267;137
23268;245
23269;76
23270;242
23271;189
23272;114
23273;294
23274;189
23275;120
23276;20
23277;170
23278;254
23279;149
23280;235
23281;46
23282;20
23283;108
23284;20
23285;156
23286;40
23287;284
23288;277
23289;199
23290;170
23291;243
23292;228
23293;87
23294;213
23295;294
23296;212
23297;133
23298;166
23299;145
23300;170
23301;202
23302;112
23303;221
23304;176
23305;224
23306;189
23307;254
23308;260
23309;228
23310;149
23311;245
23312;66
23313;272
23314;48
23315;66
23316;228
23317;166
23318;235
23319;189
23320;166
23321;169
23322;126
23323;79
23324;166
23325;208
23326;112
23327;149
23328;149
23329;134
23330;189
23331;62
23332;210
23333;228
23334;134
23335;20
23336;170
23337;210
23338;228
23339;139
23340;189
23341;102
23342;235
23343;170
23344;83
23345;189
23346;166
23347;40
23348;48
23349;201
23350;87
23351;260
23352;170
23353;280
23354;34
23355;146
23356;83
23357;149
23358;140
23359;10
23360;83
23361;220
23362;55
23363;48
23364;189
23365;156
23366;60
23367;189
23368;202
23369;129
23370;260
23371;59
23372;228
23373;210
23374;66
23375;71
23376;86
23377;228
23378;294
23379;149
23380;146
23381;134
23382;228
23383;166
23384;294
23385;260
23386;210
23387;62
23388;189
23389;254
23390;156
23391;96
23392;245
23393;170
23394;267
23395;166
23396;128
23397;1
23398;166
23399;120
23400;201
23401;210
23402;160
23403;170
23404;217
23405;149
23406;189
23407;272
23408;209
23409;201
23410;260
23411;20
23412;245
23413;137
23414;238
23415;189
23416;133
23417;112
23418;210
23419;140
23420;115
23421;189
23422;14
23423;108
23424;243
23425;48
23426;228
23427;245
23428;146
23429;38
23430;214
23431;44
23432;112
23433;202
23434;60
23435;166
23436;200
23437;245
23438;189
23439;21
23440;237
23441;87
23442;71
23443;48
23444;59
23445;210
23446;48
23447;112
23448;228
23449;83
23450;210
23451;235
23452;149
23453;149
23454;228
23455;48
23456;248
23457;166
23458;83
23459;157
23460;149
23461;189
23462;129
23463;128
23464;71
23465;79
23466;44
23467;294
23468;149
23469;66
23470;213
23471;209
23472;189
23473;237
23474;226
23475;58
23476;134
23477;231
23478;92
23479;170
23480;217
23481;210
23482;189
23483;210
23484;256
23485;208
23486;210
23487;140
23488;235
23489;228
23490;83
23491;156
23492;60
23493;228
23494;166
23495;284
23496;134
23497;87
23498;156
23499;20
23500;128
23501;189
23502;224
23503;235
23504;260
23505;157
23506;166
23507;278
23508;189
23509;149
23510;288
23511;228
23512;208
23513;260
23514;7
23515;228
23516;116
23517;83
23518;202
23519;149
23520;285
23521;294
23522;140
23523;46
23524;189
23525;248
23526;166
23527;140
23528;149
23529;1
23530;170
23531;228
23532;260
23533;114
23534;265
23535;128
23536;260
23537;235
23538;260
23539;133
23540;166
23541;20
23542;235
23543;245
23544;189
23545;137
23546;235
23547;210
23548;166
23549;156
23550;189
23551;198
23552;112
23553;149
23554;18
23555;126
23556;129
23557;83
23558;202
23559;220
23560;105
23561;112
23562;31
23563;71
23564;245
23565;189
23566;284
23567;71
23568;243
23569;44
23570;170
23571;48
23572;249
23573;260
23574;278
23575;146
23576;44
23577;228
23578;128
23579;10
23580;170
23581;210
23582;170
23583;218
23584;266
23585;284
23586;228
23587;192
23588;166
23589;191
23590;237
23591;189
23592;156
23593;137
23594;166
23595;248
23596;217
23597;189
23598;210
23599;210
23600;212
23601;71
23602;189
23603;189
23604;145
23605;149
23606;189
23607;245
23608;103
23609;71
23610;189
23611;83
23612;20
23613;228
23614;294
23615;280
23616;11
23617;189
23618;260
23619;48
23620;34
23621;166
23622;189
23623;170
23624;237
23625;192
23626;128
23627;192
23628;217
23629;166
23630;66
23631;134
23632;210
23633;149
23634;48
23635;242
23636;134
23637;44
23638;146
23639;228
23640;44
23641;189
23642;199
23643;44
23644;200
23645;44
23646;71
23647;20
23648;214
23649;83
23650;159
23651;260
23652;66
23653;242
23654;71
23655;48
23656;46
23657;166
23658;137
23659;18
23660;149
23661;213
23662;166
23663;102
23664;243
23665;156
23666;260
23667;60
23668;235
23669;20
23670;245
23671;83
23672;156
23673;8
23674;48
23675;40
23676;-1
23677;278
23678;234
23679;192
23680;237
23681;-1
23682;210
23683;134
23684;10
23685;208
23686;260
23687;166
23688;166
23689;103
23690;128
23691;228
23692;189
23693;192
23694;134
23695;228
23696;170
23697;18
23698;294
23699;235
23700;58
23701;170
23702;34
23703;134
23704;149
23705;261
23706;87
23707;170
23708;235
23709;166
23710;202
23711;278
23712;235
23713;260
23714;170
23715;149
23716;146
23717;192
23718;60
23719;170
23720;284
23721;192
23722;214
23723;98
23724;14
23725;217
23726;228
23727;189
23728;83
23729;199
23730;228
23731;280
23732;66
23733;103
23734;166
23735;210
23736;16
23737;134
23738;202
23739;86
23740;140
23741;235
23742;112
23743;166
23744;133
23745;48
23746;157
23747;272
23748;59
23749;18
23750;248
23751;192
23752;213
23753;237
23754;166
23755;254
23756;59
23757;44
23758;252
23759;176
23760;210
23761;60
23762;156
23763;260
23764;156
23765;235
23766;228
23767;198
23768;149
23769;44
23770;177
23771;83
23772;96
23773;170
23774;228
23775;87
23776;44
23777;208
23778;102
23779;103
23780;202
23781;114
23782;228
23783;156
23784;170
23785;160
23786;284
23787;170
23788;108
23789;87
23790;235
23791;149
23792;228
23793;189
23794;177
23795;149
23796;260
23797;228
23798;202
23799;137
23800;261
23801;98
23802;157
23803;60
23804;288
23805;156
23806;183
23807;288
23808;242
23809;137
23810;86
23811;38
23812;294
23813;210
23814;294
23815;260
23816;252
23817;66
23818;260
23819;235
23820;278
23821;294
23822;164
23823;228
23824;24
23825;166
23826;286
23827;-1
23828;96
23829;210
23830;208
23831;166
23832;83
23833;115
23834;248
23835;166
23836;235
23837;91
23838;254
23839;18
23840;278
23841;242
23842;231
23843;189
23844;149
23845;210
23846;20
23847;248
23848;245
23849;280
23850;83
23851;134
23852;149
23853;235
23854;272
23855;217
23856;59
23857;192
23858;148
23859;189
23860;189
23861;210
23862;66
23863;55
23864;124
23865;260
23866;191
23867;48
23868;260
23869;71
23870;170
23871;189
23872;156
23873;149
23874;242
23875;157
23876;128
23877;169
23878;140
23879;198
23880;145
23881;228
23882;260
23883;108
23884;208
23885;44
23886;260
23887;254
23888;166
23889;228
23890;288
23891;-1
23892;166
23893;210
23894;146
23895;235
23896;170
23897;83
23898;220
23899;160
23900;252
23901;145
23902;66
23903;177
23904;31
23905;145
23906;236
23907;149
23908;228
23909;189
23910;66
23911;248
23912;285
23913;265
23914;156
23915;149
23916;108
23917;134
23918;115
23919;134
23920;217
23921;76
23922;149
23923;170
23924;134
23925;208
23926;87
23927;248
23928;170
23929;114
23930;124
23931;245
23932;217
23933;71
23934;183
23935;129
23936;129
23937;228
23938;166
23939;91
23940;189
23941;235
23942;20
23943;120
23944;156
23945;235
23946;134
23947;137
23948;202
23949;285
23950;242
23951;189
23952;189
23953;83
23954;60
23955;214
23956;245
23957;46
23958;210
23959;86
23960;228
23961;228
23962;170
23963;134
23964;192
23965;248
23966;189
23967;166
23968;149
23969;242
23970;228
23971;294
23972;260
23973;228
23974;60
23975;189
23976;231
23977;235
23978;266
23979;285
23980;248
23981;170
23982;55
23983;128
23984;235
23985;83
23986;228
23987;170
23988;170
23989;83
23990;66
23991;189
23992;166
23993;294
23994;105
23995;71
23996;145
23997;217
23998;260
23999;202
24000;102
24001;202
24002;242
24003;234
24004;280
24005;235
24006;260
24007;248
24008;83
24009;34
24010;260
24011;149
24012;18
24013;228
24014;34
24015;235
24016;71
24017;228
24018;228
24019;66
24020;256
24021;210
24022;134
24023;242
24024;189
24025;83
24026;208
24027;208
24028;166
24029;149
24030;176
24031;213
24032;192
24033;128
24034;71
24035;20
24036;245
24037;235
24038;166
24039;189
24040;202
24041;210
24042;149
24043;149
24044;149
24045;146
24046;202
24047;217
24048;284
24049;137
24050;209
24051;146
24052;294
24053;254
24054;166
24055;189
24056;76
24057;237
24058;189
24059;166
24060;235
24061;156
24062;237
24063;189
24064;210
24065;86
24066;235
24067;183
24068;76
24069;48
24070;235
24071;256
24072;278
24073;228
24074;108
24075;170
24076;170
24077;280
24078;166
24079;231
24080;1
24081;266
24082;286
24083;266
24084;189
24085;280
24086;86
24087;294
24088;76
24089;260
24090;288
24091;189
24092;149
24093;48
24094;48
24095;210
24096;248
24097;116
24098;235
24099;189
24100;48
24101;83
24102;202
24103;189
24104;170
24105;149
24106;166
24107;228
24108;34
24109;260
24110;252
24111;149
24112;115
24113;202
24114;18
24115;285
24116;134
24117;182
24118;1
24119;261
24120;228
24121;170
24122;115
24123;20
24124;146
24125;166
24126;91
24127;260
24128;189
24129;260
24130;22
24131;208
24132;245
24133;83
24134;294
24135;200
24136;285
24137;11
24138;170
24139;134
24140;91
24141;235
24142;170
24143;115
24144;189
24145;105
24146;134
24147;160
24148;280
24149;103
24150;112
24151;228
24152;20
24153;285
24154;149
24155;66
24156;86
24157;20
24158;280
24159;189
24160;34
24161;170
24162;170
24163;260
24164;7
24165;245
24166;280
24167;116
24168;189
24169;145
24170;76
24171;166
24172;149
24173;48
24174;210
24175;228
24176;112
24177;48
24178;1
24179;248
24180;91
24181;48
24182;156
24183;243
24184;243
24185;44
24186;102
24187;200
24188;285
24189;247
24190;200
24191;235
24192;115
24193;166
24194;86
24195;260
24196;235
24197;192
24198;18
24199;202
24200;288
24201;189
24202;133
24203;1
24204;235
24205;14
24206;128
24207;266
24208;166
24209;170
24210;170
24211;189
24212;40
24213;146
24214;51
24215;260
24216;86
24217;254
24218;248
24219;260
24220;228
24221;248
24222;242
24223;183
24224;170
24225;48
24226;71
24227;245
24228;149
24229;133
24230;277
24231;217
24232;149
24233;116
24234;189
24235;48
24236;46
24237;235
24238;83
24239;208
24240;293
24241;260
24242;146
24243;288
24244;294
24245;20
24246;285
24247;48
24248;202
24249;156
24250;228
24251;248
24252;243
24253;48
24254;76
24255;166
24256;201
24257;243
24258;166
24259;48
24260;71
24261;228
24262;48
24263;182
24264;166
24265;228
24266;134
24267;112
24268;189
24269;48
24270;189
24271;294
24272;228
24273;134
24274;62
24275;20
24276;79
24277;189
24278;252
24279;248
24280;149
24281;83
24282;170
24283;294
24284;102
24285;235
24286;102
24287;245
24288;-1
24289;189
24290;252
24291;102
24292;192
24293;137
24294;170
24295;166
24296;245
24297;73
24298;34
24299;256
24300;189
24301;280
24302;189
24303;83
24304;87
24305;149
24306;210
24307;96
24308;228
24309;235
24310;48
24311;228
24312;248
24313;166
24314;134
24315;102
24316;129
24317;59
24318;228
24319;217
24320;71
24321;86
24322;170
24323;149
24324;137
24325;235
24326;71
24327;134
24328;170
24329;234
24330;260
24331;170
24332;189
24333;248
24334;202
24335;149
24336;86
24337;189
24338;189
24339;170
24340;254
24341;159
24342;217
24343;83
24344;248
24345;170
24346;166
24347;248
24348;228
24349;166
24350;156
24351;1
24352;166
24353;120
24354;248
24355;235
24356;183
24357;260
24358;201
24359;189
24360;108
24361;112
24362;242
24363;120
24364;1
24365;228
24366;60
24367;87
24368;149
24369;46
24370;243
24371;71
24372;87
24373;21
24374;114
24375;170
24376;105
24377;217
24378;71
24379;218
24380;189
24381;59
24382;134
24383;260
24384;149
24385;96
24386;183
24387;170
24388;20
24389;260
24390;59
24391;170
24392;235
24393;166
24394;149
24395;128
24396;228
24397;189
24398;1
24399;189
24400;280
24401;260
24402;183
24403;170
24404;242
24405;59
24406;235
24407;231
24408;149
24409;137
24410;208
24411;192
24412;157
24413;14
24414;58
24415;166
24416;189
24417;182
24418;166
24419;166
24420;243
24421;14
24422;87
24423;228
24424;126
24425;146
24426;156
24427;48
24428;208
24429;202
24430;44
24431;44
24432;98
24433;221
24434;200
24435;228
24436;192
24437;156
24438;220
24439;156
24440;245
24441;189
24442;189
24443;189
24444;156
24445;71
24446;20
24447;248
24448;44
24449;170
24450;189
24451;38
24452;220
24453;294
24454;189
24455;285
24456;198
24457;134
24458;170
24459;242
24460;261
24461;189
24462;87
24463;228
24464;149
24465;228
24466;7
24467;267
24468;73
24469;260
24470;76
24471;91
24472;235
24473;149
24474;83
24475;280
24476;235
24477;285
24478;140
24479;105
24480;149
24481;272
24482;189
24483;58
24484;198
24485;235
24486;166
24487;210
24488;266
24489;137
24490;20
24491;166
24492;170
24493;280
24494;108
24495;128
24496;83
24497;156
24498;156
24499;8
24500;170
24501;189
24502;148
24503;18
24504;105
24505;145
24506;76
24507;189
24508;192
24509;183
24510;71
24511;14
24512;192
24513;248
24514;159
24515;248
24516;60
24517;260
24518;183
24519;189
24520;200
24521;192
24522;228
24523;102
24524;235
24525;44
24526;112
24527;146
24528;157
24529;189
24530;126
24531;146
24532;126
24533;189
24534;60
24535;134
24536;228
24537;20
24538;189
24539;189
24540;220
24541;217
24542;228
24543;245
24544;83
24545;87
24546;210
24547;228
24548;265
24549;235
24550;83
24551;252
24552;170
24553;22
24554;252
24555;260
24556;166
24557;217
24558;189
24559;189
24560;166
24561;228
24562;210
24563;245
24564;103
24565;277
24566;189
24567;16
24568;160
24569;149
24570;116
24571;280
24572;149
24573;112
24574;156
24575;220
24576;156
24577;210
24578;189
24579;170
24580;260
24581;166
24582;170
24583;-1
24584;218
24585;198
24586;189
24587;235
24588;48
24589;218
24590;192
24591;189
24592;280
24593;156
24594;145
24595;149
24596;71
24597;149
24598;20
24599;148
24600;34
24601;149
24602;189
24603;149
24604;235
24605;228
24606;166
24607;192
24608;83
24609;194
24610;284
24611;71
24612;137
24613;166
24614;83
24615;134
24616;235
24617;133
24618;156
24619;294
24620;149
24621;189
24622;22
24623;237
24624;20
24625;126
24626;86
24627;235
24628;210
24629;20
24630;228
24631;214
24632;280
24633;213
24634;83
24635;149
24636;210
24637;14
24638;97
24639;200
24640;137
24641;76
24642;71
24643;59
24644;189
24645;22
24646;226
24647;156
24648;83
24649;252
24650;242
24651;228
24652;260
24653;189
24654;170
24655;166
24656;213
24657;166
24658;170
24659;48
24660;235
24661;137
24662;156
24663;20
24664;183
24665;265
24666;261
24667;237
24668;265
24669;248
24670;44
24671;228
24672;224
24673;228
24674;254
24675;266
24676;149
24677;217
24678;237
24679;166
24680;170
24681;235
24682;214
24683;98
24684;76
24685;128
24686;235
24687;44
24688;170
24689;48
24690;228
24691;285
24692;133
24693;14
24694;284
24695;60
24696;126
24697;170
24698;166
24699;16
24700;183
24701;140
24702;149
24703;76
24704;156
24705;189
24706;220
24707;48
24708;189
24709;237
24710;189
24711;254
24712;59
24713;149
24714;146
24715;228
24716;210
24717;137
24718;8
24719;71
24720;242
24721;71
24722;202
24723;210
24724;260
24725;192
24726;48
24727;149
24728;83
24729;260
24730;200
24731;83
24732;166
24733;86
24734;71
24735;189
24736;231
24737;37
24738;189
24739;166
24740;238
24741;242
24742;116
24743;242
24744;156
24745;44
24746;191
24747;189
24748;71
24749;133
24750;83
24751;102
24752;134
24753;170
24754;120
24755;228
24756;134
24757;245
24758;79
24759;243
24760;133
24761;248
24762;285
24763;59
24764;189
24765;210
24766;20
24767;242
24768;83
24769;71
24770;170
24771;260
24772;149
24773;170
24774;-1
24775;260
24776;252
24777;103
24778;48
24779;260
24780;83
24781;245
24782;191
24783;245
24784;277
24785;260
24786;137
24787;189
24788;248
24789;166
24790;120
24791;252
24792;83
24793;250
24794;210
24795;189
24796;115
24797;59
24798;170
24799;208
24800;166
24801;220
24802;149
24803;83
24804;134
24805;210
24806;192
24807;115
24808;83
24809;157
24810;83
24811;242
24812;170
24813;260
24814;34
24815;280
24816;20
24817;235
24818;217
24819;10
24820;201
24821;277
24822;189
24823;18
24824;202
24825;71
24826;285
24827;86
24828;116
24829;14
24830;192
24831;34
24832;260
24833;294
24834;217
24835;200
24836;189
24837;176
24838;71
24839;243
24840;235
24841;166
24842;134
24843;71
24844;149
24845;252
24846;245
24847;294
24848;156
24849;252
24850;248
24851;133
24852;20
24853;235
24854;87
24855;228
24856;260
24857;228
24858;228
24859;156
24860;146
24861;116
24862;166
24863;48
24864;166
24865;228
24866;48
24867;177
24868;280
24869;285
24870;228
24871;200
24872;170
24873;166
24874;83
24875;245
24876;245
24877;277
24878;83
24879;34
24880;44
24881;83
24882;228
24883;248
24884;210
24885;71
24886;288
24887;71
24888;235
24889;79
24890;83
24891;102
24892;87
24893;86
24894;221
24895;260
24896;149
24897;114
24898;260
24899;149
24900;60
24901;128
24902;260
24903;183
24904;137
24905;208
24906;228
24907;37
24908;294
24909;228
24910;245
24911;103
24912;60
24913;66
24914;76
24915;189
24916;134
24917;189
24918;71
24919;214
24920;243
24921;248
24922;71
24923;60
24924;237
24925;87
24926;149
24927;86
24928;170
24929;267
24930;248
24931;87
24932;112
24933;166
24934;278
24935;114
24936;189
24937;189
24938;214
24939;137
24940;235
24941;248
24942;213
24943;83
24944;170
24945;285
24946;149
24947;170
24948;53
24949;71
24950;20
24951;166
24952;285
24953;34
24954;260
24955;177
24956;126
24957;228
24958;189
24959;221
24960;217
24961;1
24962;278
24963;160
24964;248
24965;210
24966;261
24967;277
24968;254
24969;83
24970;14
24971;34
24972;34
24973;48
24974;248
24975;226
24976;156
24977;170
24978;254
24979;243
24980;149
24981;102
24982;280
24983;149
24984;176
24985;146
24986;20
24987;166
24988;83
24989;140
24990;231
24991;166
24992;294
24993;248
24994;170
24995;137
24996;157
24997;228
24998;278
24999;40
25000;149
25001;140
25002;243
25003;170
25004;149
25005;266
25006;7
25007;48
25008;156
25009;202
25010;210
25011;71
25012;189
25013;20
25014;285
25015;183
25016;200
25017;242
25018;170
25019;280
25020;133
25021;128
25022;71
25023;86
25024;146
25025;166
25026;228
25027;14
25028;189
25029;266
25030;22
25031;294
25032;202
25033;287
25034;228
25035;176
25036;83
25037;242
25038;149
25039;260
25040;284
25041;210
25042;86
25043;209
25044;51
25045;189
25046;235
25047;242
25048;280
25049;245
25050;146
25051;210
25052;48
25053;79
25054;96
25055;189
25056;166
25057;226
25058;166
25059;286
25060;242
25061;87
25062;34
25063;59
25064;112
25065;149
25066;166
25067;235
25068;220
25069;252
25070;208
25071;170
25072;294
25073;278
25074;46
25075;102
25076;176
25077;112
25078;189
25079;228
25080;228
25081;235
25082;261
25083;209
25084;245
25085;170
25086;252
25087;245
25088;14
25089;60
25090;202
25091;202
25092;102
25093;60
25094;114
25095;170
25096;134
25097;83
25098;166
25099;189
25100;38
25101;260
25102;71
25103;189
25104;294
25105;112
25106;285
25107;235
25108;245
25109;210
25110;166
25111;210
25112;71
25113;91
25114;210
25115;166
25116;280
25117;192
25118;221
25119;134
25120;265
25121;228
25122;228
25123;252
25124;280
25125;133
25126;157
25127;202
25128;83
25129;116
25130;160
25131;71
25132;53
25133;145
25134;166
25135;200
25136;198
25137;170
25138;166
25139;198
25140;192
25141;170
25142;202
25143;86
25144;235
25145;278
25146;189
25147;210
25148;192
25149;91
25150;170
25151;177
25152;156
25153;83
25154;200
25155;145
25156;62
25157;18
25158;128
25159;189
25160;266
25161;245
25162;170
25163;189
25164;83
25165;71
25166;20
25167;191
25168;260
25169;8
25170;183
25171;166
25172;228
25173;248
25174;112
25175;166
25176;137
25177;71
25178;252
25179;170
25180;149
25181;243
25182;235
25183;166
25184;236
25185;201
25186;189
25187;189
25188;245
25189;189
25190;156
25191;235
25192;260
25193;228
25194;210
25195;189
25196;108
25197;87
25198;280
25199;189
25200;260
25201;280
25202;18
25203;120
25204;226
25205;83
25206;7
25207;48
25208;189
25209;183
25210;156
25211;87
25212;228
25213;14
25214;189
25215;83
25216;159
25217;166
25218;112
25219;71
25220;228
25221;170
25222;250
25223;170
25224;53
25225;145
25226;166
25227;166
25228;234
25229;245
25230;166
25231;192
25232;183
25233;71
25234;60
25235;235
25236;189
25237;145
25238;137
25239;59
25240;128
25241;260
25242;160
25243;83
25244;156
25245;214
25246;189
25247;156
25248;224
25249;260
25250;149
25251;87
25252;210
25253;170
25254;134
25255;285
25256;228
25257;156
25258;38
25259;146
25260;134
25261;260
25262;66
25263;177
25264;189
25265;177
25266;189
25267;189
25268;71
25269;235
25270;156
25271;245
25272;166
25273;83
25274;71
25275;46
25276;260
25277;112
25278;210
25279;129
25280;228
25281;96
25282;189
25283;60
25284;210
25285;170
25286;16
25287;149
25288;228
25289;166
25290;166
25291;189
25292;71
25293;34
25294;217
25295;254
25296;71
25297;260
25298;228
25299;1
25300;48
25301;286
25302;87
25303;166
25304;25
25305;252
25306;252
25307;228
25308;34
25309;217
25310;58
25311;62
25312;260
25313;71
25314;200
25315;160
25316;170
25317;140
25318;260
25319;149
25320;48
25321;48
25322;189
25323;228
25324;156
25325;120
25326;214
25327;228
25328;224
25329;235
25330;202
25331;228
25332;37
25333;242
25334;86
25335;189
25336;76
25337;260
25338;248
25339;112
25340;260
25341;149
25342;183
25343;285
25344;71
25345;137
25346;237
25347;254
25348;189
25349;58
25350;189
25351;214
25352;245
25353;60
25354;170
25355;228
25356;247
25357;170
25358;284
25359;238
25360;71
25361;146
25362;234
25363;228
25364;248
25365;71
25366;189
25367;202
25368;248
25369;166
25370;44
25371;228
25372;260
25373;189
25374;60
25375;183
25376;38
25377;44
25378;97
25379;260
25380;245
25381;134
25382;202
25383;200
25384;245
25385;48
25386;48
25387;166
25388;157
25389;248
25390;242
25391;228
25392;248
25393;170
25394;44
25395;149
25396;238
25397;192
25398;86
25399;260
25400;235
25401;228
25402;166
25403;157
25404;277
25405;280
25406;200
25407;166
25408;202
25409;248
25410;20
25411;280
25412;220
25413;201
25414;235
25415;252
25416;71
25417;79
25418;24
25419;20
25420;210
25421;86
25422;137
25423;166
25424;71
25425;102
25426;20
25427;83
25428;157
25429;189
25430;228
25431;284
25432;159
25433;126
25434;189
25435;170
25436;126
25437;248
25438;245
25439;189
25440;149
25441;148
25442;260
25443;166
25444;134
25445;105
25446;183
25447;71
25448;189
25449;242
25450;34
25451;235
25452;245
25453;120
25454;200
25455;120
25456;102
25457;160
25458;228
25459;59
25460;1
25461;189
25462;189
25463;263
25464;126
25465;260
25466;242
25467;134
25468;177
25469;221
25470;156
25471;228
25472;272
25473;44
25474;87
25475;18
25476;243
25477;183
25478;160
25479;202
25480;40
25481;243
25482;243
25483;252
25484;102
25485;66
25486;235
25487;234
25488;55
25489;157
25490;98
25491;83
25492;137
25493;149
25494;189
25495;157
25496;242
25497;189
25498;189
25499;102
25500;182
25501;235
25502;166
25503;156
25504;170
25505;102
25506;248
25507;83
25508;156
25509;84
25510;128
25511;134
25512;245
25513;149
25514;166
25515;66
25516;242
25517;189
25518;208
25519;170
25520;266
25521;247
25522;198
25523;102
25524;134
25525;277
25526;260
25527;129
25528;228
25529;149
25530;260
25531;294
25532;166
25533;79
25534;235
25535;149
25536;250
25537;235
25538;237
25539;235
25540;220
25541;254
25542;55
25543;228
25544;170
25545;226
25546;221
25547;210
25548;-1
25549;248
25550;20
25551;83
25552;237
25553;66
25554;228
25555;286
25556;170
25557;60
25558;44
25559;166
25560;170
25561;170
25562;235
25563;1
25564;140
25565;149
25566;228
25567;235
25568;46
25569;248
25570;156
25571;60
25572;116
25573;189
25574;248
25575;40
25576;212
25577;242
25578;112
25579;226
25580;11
25581;108
25582;124
25583;192
25584;248
25585;156
25586;7
25587;228
25588;198
25589;280
25590;166
25591;228
25592;293
25593;137
25594;166
25595;189
25596;202
25597;242
25598;213
25599;284
25600;221
25601;37
25602;34
25603;115
25604;115
25605;285
25606;228
25607;166
25608;243
25609;177
25610;148
25611;202
25612;235
25613;128
25614;242
25615;248
25616;91
25617;105
25618;280
25619;149
25620;189
25621;243
25622;170
25623;24
25624;228
25625;128
25626;226
25627;170
25628;8
25629;272
25630;261
25631;224
25632;210
25633;156
25634;208
25635;235
25636;156
25637;48
25638;134
25639;46
25640;22
25641;285
25642;149
25643;59
25644;55
25645;189
25646;228
25647;79
25648;71
25649;170
25650;189
25651;66
25652;208
25653;157
25654;235
25655;83
25656;126
25657;66
25658;146
25659;189
25660;7
25661;149
25662;235
25663;221
25664;248
25665;166
25666;235
25667;260
25668;83
25669;243
25670;145
25671;166
25672;166
25673;228
25674;248
25675;156
25676;280
25677;210
25678;210
25679;235
25680;245
25681;20
25682;294
25683;254
25684;170
25685;58
25686;83
25687;228
25688;189
25689;170
25690;76
25691;79
25692;260
25693;170
25694;245
25695;189
25696;20
25697;166
25698;156
25699;20
25700;87
25701;71
25702;189
25703;210
25704;166
25705;81
25706;156
25707;198
25708;189
25709;170
25710;7
25711;228
25712;102
25713;294
25714;228
25715;48
25716;38
25717;44
25718;157
25719;213
25720;149
25721;294
25722;202
25723;248
25724;71
25725;189
25726;10
25727;149
25728;287
25729;278
25730;221
25731;183
25732;79
25733;160
25734;166
25735;189
25736;254
25737;18
25738;189
25739;166
25740;134
25741;38
25742;137
25743;210
25744;248
25745;83
25746;228
25747;60
25748;156
25749;248
25750;166
25751;166
25752;137
25753;149
25754;202
25755;252
25756;280
25757;228
25758;34
25759;166
25760;221
25761;140
25762;228
25763;177
25764;156
25765;228
25766;20
25767;114
25768;210
25769;189
25770;245
25771;248
25772;149
25773;20
25774;285
25775;170
25776;102
25777;250
25778;149
25779;166
25780;220
25781;134
25782;210
25783;46
25784;134
25785;201
25786;38
25787;160
25788;62
25789;189
25790;149
25791;243
25792;166
25793;170
25794;202
25795;260
25796;1
25797;189
25798;166
25799;44
25800;192
25801;134
25802;83
25803;177
25804;294
25805;285
25806;228
25807;245
25808;284
25809;280
25810;208
25811;210
25812;79
25813;189
25814;166
25815;267
25816;272
25817;201
25818;166
25819;149
25820;189
25821;149
25822;221
25823;7
25824;166
25825;1
25826;228
25827;108
25828;164
25829;116
25830;157
25831;170
25832;140
25833;170
25834;189
25835;189
25836;261
25837;228
25838;217
25839;254
25840;102
25841;228
25842;248
25843;149
25844;235
25845;235
25846;20
25847;220
25848;18
25849;40
25850;116
25851;260
25852;24
25853;252
25854;260
25855;170
25856;202
25857;228
25858;133
25859;260
25860;266
25861;235
25862;58
25863;20
25864;252
25865;294
25866;55
25867;71
25868;166
25869;242
25870;189
25871;170
25872;288
25873;294
25874;221
25875;108
25876;189
25877;189
25878;263
25879;183
25880;254
25881;60
25882;81
25883;149
25884;284
25885;284
25886;7
25887;48
25888;166
25889;189
25890;201
25891;20
25892;170
25893;199
25894;149
25895;294
25896;294
25897;149
25898;102
25899;166
25900;199
25901;228
25902;166
25903;20
25904;170
25905;112
25906;189
25907;128
25908;192
25909;170
25910;137
25911;235
25912;199
25913;170
25914;221
25915;261
25916;243
25917;260
25918;208
25919;137
25920;156
25921;221
25922;260
25923;156
25924;260
25925;112
25926;114
25927;280
25928;235
25929;280
25930;71
25931;177
25932;192
25933;177
25934;59
25935;58
25936;284
25937;16
25938;189
25939;245
25940;149
25941;166
25942;55
25943;115
25944;189
25945;170
25946;156
25947;284
25948;166
25949;59
25950;189
25951;286
25952;71
25953;71
25954;245
25955;228
25956;71
25957;284
25958;133
25959;20
25960;83
25961;170
25962;58
25963;213
25964;210
25965;294
25966;71
25967;210
25968;133
25969;192
25970;134
25971;248
25972;166
25973;156
25974;128
25975;76
25976;81
25977;112
25978;189
25979;48
25980;170
25981;226
25982;134
25983;189
25984;294
25985;114
25986;245
25987;235
25988;71
25989;189
25990;60
25991;237
25992;280
25993;228
25994;20
25995;83
25996;16
25997;226
25998;221
25999;189
26000;166
26001;48
26002;166
26003;102
26004;48
26005;102
26006;133
26007;202
26008;294
26009;202
26010;245
26011;200
26012;210
26013;189
26014;18
26015;166
26016;261
26017;44
26018;170
26019;156
26020;128
26021;235
26022;46
26023;284
26024;228
26025;221
26026;210
26027;44
26028;238
26029;242
26030;210
26031;248
26032;166
26033;149
26034;8
26035;261
26036;266
26037;294
26038;115
26039;245
26040;149
26041;208
26042;228
26043;140
26044;226
26045;212
26046;166
26047;20
26048;221
26049;133
26050;66
26051;202
26052;81
26053;235
26054;71
26055;34
26056;192
26057;48
26058;112
26059;279
26060;235
26061;198
26062;149
26063;86
26064;189
26065;166
26066;285
26067;192
26068;228
26069;210
26070;248
26071;189
26072;189
26073;60
26074;213
26075;59
26076;51
26077;156
26078;83
26079;20
26080;260
26081;170
26082;266
26083;238
26084;189
26085;149
26086;237
26087;208
26088;189
26089;128
26090;83
26091;37
26092;166
26093;66
26094;166
26095;235
26096;156
26097;294
26098;166
26099;102
26100;86
26101;202
26102;170
26103;231
26104;108
26105;237
26106;236
26107;228
26108;145
26109;189
26110;170
26111;83
26112;24
26113;145
26114;91
26115;202
26116;137
26117;231
26118;66
26119;18
26120;235
26121;156
26122;202
26123;189
26124;156
26125;280
26126;228
26127;166
26128;149
26129;189
26130;166
26131;83
26132;20
26133;18
26134;183
26135;115
26136;166
26137;20
26138;242
26139;208
26140;192
26141;235
26142;86
26143;192
26144;228
26145;166
26146;278
26147;235
26148;108
26149;256
26150;200
26151;149
26152;266
26153;116
26154;83
26155;145
26156;192
26157;156
26158;149
26159;189
26160;256
26161;112
26162;192
26163;146
26164;235
26165;112
26166;134
26167;210
26168;210
26169;218
26170;217
26171;166
26172;208
26173;208
26174;278
26175;214
26176;248
26177;166
26178;137
26179;224
26180;252
26181;149
26182;260
26183;285
26184;278
26185;237
26186;235
26187;134
26188;145
26189;226
26190;156
26191;166
26192;294
26193;189
26194;79
26195;189
26196;170
26197;210
26198;48
26199;260
26200;66
26201;170
26202;202
26203;149
26204;192
26205;66
26206;189
26207;20
26208;148
26209;170
26210;228
26211;86
26212;170
26213;228
26214;86
26215;126
26216;46
26217;71
26218;83
26219;279
26220;48
26221;202
26222;166
26223;189
26224;210
26225;210
26226;166
26227;128
26228;189
26229;235
26230;221
26231;156
26232;83
26233;83
26234;235
26235;210
26236;192
26237;134
26238;228
26239;156
26240;114
26241;176
26242;189
26243;166
26244;235
26245;245
26246;71
26247;60
26248;278
26249;284
26250;87
26251;170
26252;115
26253;192
26254;149
26255;202
26256;166
26257;248
26258;189
26259;200
26260;44
26261;228
26262;112
26263;202
26264;228
26265;166
26266;66
26267;210
26268;145
26269;189
26270;235
26271;170
26272;66
26273;160
26274;156
26275;242
26276;278
26277;48
26278;235
26279;260
26280;145
26281;156
26282;157
26283;102
26284;260
26285;245
26286;252
26287;235
26288;213
26289;189
26290;221
26291;120
26292;248
26293;192
26294;189
26295;134
26296;66
26297;170
26298;261
26299;261
26300;212
26301;170
26302;260
26303;18
26304;166
26305;189
26306;170
26307;114
26308;234
26309;189
26310;148
26311;189
26312;112
26313;71
26314;260
26315;146
26316;234
26317;201
26318;149
26319;166
26320;83
26321;71
26322;228
26323;87
26324;40
26325;260
26326;210
26327;245
26328;261
26329;189
26330;60
26331;228
26332;44
26333;228
26334;159
26335;170
26336;166
26337;201
26338;210
26339;238
26340;156
26341;86
26342;140
26343;166
26344;14
26345;157
26346;134
26347;66
26348;260
26349;248
26350;182
26351;170
26352;134
26353;139
26354;260
26355;189
26356;200
26357;294
26358;24
26359;252
26360;48
26361;170
26362;83
26363;166
26364;202
26365;231
26366;201
26367;284
26368;202
26369;120
26370;250
26371;210
26372;126
26373;157
26374;192
26375;140
26376;235
26377;235
26378;-1
26379;166
26380;248
26381;210
26382;102
26383;59
26384;112
26385;149
26386;137
26387;231
26388;137
26389;245
26390;120
26391;102
26392;210
26393;149
26394;210
26395;114
26396;156
26397;157
26398;149
26399;40
26400;228
26401;210
26402;156
26403;260
26404;40
26405;114
26406;71
26407;177
26408;272
26409;260
26410;166
26411;156
26412;124
26413;71
26414;242
26415;105
26416;243
26417;249
26418;44
26419;248
26420;51
26421;228
26422;237
26423;228
26424;124
26425;40
26426;280
26427;137
26428;243
26429;160
26430;242
26431;83
26432;66
26433;189
26434;198
26435;260
26436;235
26437;260
26438;71
26439;235
26440;145
26441;34
26442;170
26443;149
26444;83
26445;228
26446;128
26447;252
26448;189
26449;156
26450;235
26451;210
26452;228
26453;20
26454;248
26455;133
26456;170
26457;11
26458;242
26459;189
26460;284
26461;242
26462;231
26463;189
26464;202
26465;170
26466;208
26467;114
26468;182
26469;189
26470;166
26471;7
26472;60
26473;235
26474;170
26475;149
26476;245
26477;286
26478;189
26479;235
26480;120
26481;149
26482;134
26483;134
26484;235
26485;189
26486;192
26487;228
26488;228
26489;134
26490;137
26491;166
26492;260
26493;170
26494;245
26495;137
26496;285
26497;120
26498;7
26499;149
26500;102
26501;189
26502;192
26503;245
26504;170
26505;260
26506;228
26507;224
26508;210
26509;189
26510;280
26511;128
26512;149
26513;294
26514;134
26515;170
26516;48
26517;278
26518;189
26519;58
26520;272
26521;228
26522;278
26523;145
26524;254
26525;157
26526;71
26527;210
26528;170
26529;91
26530;226
26531;-1
26532;46
26533;245
26534;156
26535;170
26536;40
26537;260
26538;210
26539;237
26540;228
26541;86
26542;44
26543;224
26544;189
26545;112
26546;245
26547;260
26548;134
26549;145
26550;177
26551;200
26552;137
26553;228
26554;252
26555;102
26556;278
26557;1
26558;294
26559;83
26560;245
26561;157
26562;91
26563;189
26564;189
26565;228
26566;112
26567;140
26568;37
26569;235
26570;189
26571;83
26572;149
26573;189
26574;44
26575;260
26576;157
26577;7
26578;260
26579;221
26580;170
26581;71
26582;60
26583;59
26584;71
26585;166
26586;245
26587;20
26588;280
26589;202
26590;228
26591;146
26592;76
26593;202
26594;242
26595;71
26596;228
26597;252
26598;284
26599;260
26600;145
26601;87
26602;46
26603;149
26604;228
26605;149
26606;137
26607;266
26608;242
26609;105
26610;170
26611;202
26612;148
26613;83
26614;166
26615;105
26616;252
26617;149
26618;285
26619;202
26620;83
26621;208
26622;20
26623;83
26624;24
26625;149
26626;48
26627;235
26628;128
26629;235
26630;91
26631;115
26632;166
26633;189
26634;-1
26635;248
26636;245
26637;228
26638;228
26639;46
26640;22
26641;134
26642;59
26643;235
26644;14
26645;91
26646;224
26647;71
26648;243
26649;260
26650;66
26651;189
26652;294
26653;170
26654;189
26655;265
26656;149
26657;149
26658;189
26659;280
26660;112
26661;71
26662;149
26663;137
26664;235
26665;83
26666;248
26667;145
26668;210
26669;166
26670;83
26671;284
26672;166
26673;149
26674;34
26675;156
26676;44
26677;260
26678;294
26679;252
26680;294
26681;254
26682;58
26683;228
26684;285
26685;189
26686;200
26687;256
26688;170
26689;20
26690;260
26691;189
26692;86
26693;170
26694;115
26695;134
26696;91
26697;137
26698;286
26699;20
26700;260
26701;87
26702;146
26703;277
26704;189
26705;242
26706;210
26707;189
26708;189
26709;228
26710;170
26711;254
26712;202
26713;83
26714;260
26715;14
26716;103
26717;176
26718;44
26719;48
26720;11
26721;217
26722;280
26723;280
26724;66
26725;-1
26726;91
26727;245
26728;202
26729;115
26730;170
26731;202
26732;189
26733;149
26734;133
26735;189
26736;71
26737;51
26738;261
26739;183
26740;156
26741;1
26742;170
26743;34
26744;38
26745;20
26746;156
26747;34
26748;86
26749;210
26750;265
26751;228
26752;166
26753;170
26754;60
26755;189
26756;83
26757;228
26758;235
26759;149
26760;24
26761;24
26762;112
26763;108
26764;260
26765;228
26766;170
26767;242
26768;228
26769;228
26770;183
26771;183
26772;112
26773;189
26774;60
26775;149
26776;66
26777;156
26778;228
26779;166
26780;245
26781;145
26782;245
26783;245
26784;115
26785;166
26786;170
26787;245
26788;96
26789;280
26790;280
26791;166
26792;234
26793;83
26794;284
26795;192
26796;120
26797;149
26798;145
26799;261
26800;288
26801;79
26802;285
26803;44
26804;20
26805;137
26806;166
26807;248
26808;285
26809;243
26810;120
26811;166
26812;243
26813;24
26814;83
26815;285
26816;148
26817;286
26818;234
26819;149
26820;260
26821;102
26822;156
26823;228
26824;102
26825;189
26826;112
26827;170
26828;170
26829;71
26830;235
26831;189
26832;228
26833;60
26834;83
26835;217
26836;260
26837;254
26838;235
26839;140
26840;83
26841;18
26842;260
26843;91
26844;189
26845;235
26846;170
26847;156
26848;170
26849;210
26850;228
26851;189
26852;202
26853;183
26854;103
26855;228
26856;1
26857;237
26858;71
26859;83
26860;46
26861;228
26862;199
26863;58
26864;149
26865;234
26866;294
26867;149
26868;228
26869;235
26870;48
26871;189
26872;248
26873;228
26874;112
26875;166
26876;83
26877;189
26878;245
26879;71
26880;137
26881;81
26882;59
26883;254
26884;228
26885;149
26886;133
26887;140
26888;114
26889;260
26890;166
26891;156
26892;280
26893;134
26894;59
26895;166
26896;208
26897;149
26898;71
26899;91
26900;170
26901;22
26902;248
26903;114
26904;243
26905;137
26906;87
26907;261
26908;238
26909;261
26910;129
26911;108
26912;66
26913;149
26914;170
26915;266
26916;189
26917;115
26918;277
26919;166
26920;20
26921;280
26922;58
26923;288
26924;83
26925;177
26926;58
26927;284
26928;149
26929;170
26930;81
26931;170
26932;166
26933;170
26934;242
26935;228
26936;115
26937;189
26938;59
26939;83
26940;156
26941;189
26942;231
26943;221
26944;235
26945;91
26946;166
26947;210
26948;226
26949;260
26950;199
26951;236
26952;59
26953;1
26954;170
26955;38
26956;59
26957;285
26958;170
26959;245
26960;260
26961;140
26962;105
26963;44
26964;260
26965;48
26966;80
26967;71
26968;114
26969;83
26970;245
26971;235
26972;189
26973;108
26974;189
26975;156
26976;286
26977;48
26978;134
26979;279
26980;280
26981;189
26982;46
26983;176
26984;248
26985;221
26986;170
26987;220
26988;105
26989;282
26990;137
26991;137
26992;133
26993;48
26994;202
26995;71
26996;59
26997;228
26998;202
26999;134
27000;1
27001;260
27002;201
27003;260
27004;247
27005;189
27006;245
27007;18
27008;183
27009;170
27010;149
27011;166
27012;156
27013;83
27014;34
27015;160
27016;242
27017;189
27018;146
27019;58
27020;231
27021;266
27022;1
27023;166
27024;83
27025;170
27026;134
27027;105
27028;235
27029;228
27030;235
27031;260
27032;133
27033;133
27034;14
27035;103
27036;208
27037;140
27038;242
27039;76
27040;189
27041;146
27042;66
27043;157
27044;189
27045;81
27046;146
27047;60
27048;137
27049;60
27050;170
27051;87
27052;210
27053;149
27054;277
27055;189
27056;83
27057;208
27058;189
27059;189
27060;134
27061;189
27062;60
27063;235
27064;189
27065;134
27066;252
27067;159
27068;238
27069;235
27070;260
27071;243
27072;245
27073;83
27074;221
27075;133
27076;261
27077;48
27078;140
27079;234
27080;51
27081;235
27082;189
27083;83
27084;294
27085;128
27086;166
27087;200
27088;133
27089;277
27090;83
27091;97
27092;170
27093;221
27094;235
27095;170
27096;235
27097;210
27098;84
27099;134
27100;210
27101;1
27102;235
27103;170
27104;157
27105;228
27106;24
27107;166
27108;96
27109;202
27110;170
27111;160
27112;260
27113;156
27114;60
27115;189
27116;156
27117;166
27118;189
27119;166
27120;243
27121;202
27122;183
27123;221
27124;18
27125;10
27126;280
27127;34
27128;86
27129;71
27130;248
27131;210
27132;200
27133;20
27134;116
27135;228
27136;83
27137;-1
27138;192
27139;189
27140;149
27141;156
27142;146
27143;210
27144;48
27145;134
27146;20
27147;148
27148;210
27149;128
27150;210
27151;252
27152;278
27153;245
27154;208
27155;278
27156;71
27157;83
27158;177
27159;189
27160;20
27161;166
27162;166
27163;228
27164;83
27165;148
27166;260
27167;22
27168;189
27169;22
27170;14
27171;60
27172;170
27173;228
27174;218
27175;166
27176;134
27177;235
27178;210
27179;200
27180;280
27181;66
27182;280
27183;166
27184;59
27185;59
27186;134
27187;166
27188;228
27189;4
27190;149
27191;140
27192;149
27193;189
27194;210
27195;189
27196;83
27197;189
27198;202
27199;260
27200;166
27201;166
27202;-1
27203;189
27204;166
27205;48
27206;248
27207;124
27208;48
27209;149
27210;261
27211;66
27212;261
27213;248
27214;280
27215;189
27216;137
27217;189
27218;221
27219;260
27220;170
27221;156
27222;102
27223;260
27224;210
27225;228
27226;218
27227;201
27228;252
27229;176
27230;156
27231;189
27232;228
27233;166
27234;170
27235;146
27236;260
27237;242
27238;20
27239;228
27240;112
27241;156
27242;189
27243;242
27244;252
27245;71
27246;160
27247;189
27248;149
27249;177
27250;166
27251;261
27252;261
27253;170
27254;149
27255;139
27256;210
27257;208
27258;170
27259;208
27260;86
27261;228
27262;254
27263;133
27264;200
27265;83
27266;112
27267;260
27268;217
27269;166
27270;228
27271;166
27272;20
27273;156
27274;170
27275;86
27276;71
27277;115
27278;210
27279;44
27280;71
27281;182
27282;38
27283;182
27284;86
27285;34
27286;242
27287;245
27288;202
27289;71
27290;48
27291;44
27292;228
27293;272
27294;114
27295;166
27296;210
27297;237
27298;242
27299;140
27300;220
27301;14
27302;277
27303;210
27304;260
27305;156
27306;8
27307;191
27308;48
27309;170
27310;137
27311;170
27312;139
27313;260
27314;189
27315;213
27316;242
27317;149
27318;71
27319;128
27320;235
27321;24
27322;272
27323;245
27324;170
27325;284
27326;200
27327;83
27328;166
27329;235
27330;189
27331;120
27332;220
27333;58
27334;210
27335;60
27336;86
27337;277
27338;208
27339;137
27340;235
27341;112
27342;220
27343;217
27344;87
27345;189
27346;192
27347;280
27348;149
27349;260
27350;235
27351;115
27352;40
27353;189
27354;245
27355;108
27356;201
27357;149
27358;243
27359;272
27360;252
27361;182
27362;248
27363;294
27364;166
27365;20
27366;189
27367;208
27368;71
27369;202
27370;228
27371;97
27372;71
27373;145
27374;189
27375;137
27376;170
27377;189
27378;248
27379;260
27380;48
27381;243
27382;40
27383;7
27384;210
27385;280
27386;145
27387;91
27388;260
27389;140
27390;133
27391;87
27392;228
27393;242
27394;149
27395;228
27396;83
27397;250
27398;221
27399;83
27400;210
27401;228
27402;189
27403;166
27404;58
27405;170
27406;260
27407;228
27408;260
27409;83
27410;169
27411;189
27412;170
27413;260
27414;170
27415;157
27416;235
27417;134
27418;228
27419;201
27420;237
27421;146
27422;102
27423;166
27424;208
27425;189
27426;156
27427;210
27428;44
27429;176
27430;34
27431;245
27432;252
27433;83
27434;189
27435;149
27436;252
27437;252
27438;294
27439;102
27440;134
27441;260
27442;58
27443;71
27444;87
27445;228
27446;221
27447;157
27448;189
27449;189
27450;182
27451;139
27452;156
27453;91
27454;166
27455;176
27456;260
27457;252
27458;20
27459;228
27460;228
27461;200
27462;166
27463;170
27464;294
27465;189
27466;256
27467;133
27468;156
27469;137
27470;213
27471;48
27472;245
27473;208
27474;18
27475;91
27476;189
27477;71
27478;245
27479;279
27480;170
27481;226
27482;221
27483;126
27484;243
27485;217
27486;177
27487;137
27488;228
27489;228
27490;149
27491;294
27492;71
27493;134
27494;260
27495;146
27496;166
27497;235
27498;149
27499;226
27500;214
27501;279
27502;272
27503;284
27504;60
27505;213
27506;62
27507;294
27508;145
27509;220
27510;87
27511;157
27512;87
27513;149
27514;248
27515;237
27516;238
27517;266
27518;170
27519;105
27520;217
27521;134
27522;189
27523;166
27524;278
27525;149
27526;189
27527;103
27528;48
27529;202
27530;278
27531;83
27532;192
27533;71
27534;48
27535;280
27536;71
27537;182
27538;280
27539;71
27540;166
27541;146
27542;260
27543;248
27544;280
27545;91
27546;133
27547;284
27548;228
27549;115
27550;71
27551;112
27552;8
27553;228
27554;228
27555;245
27556;228
27557;182
27558;228
27559;14
27560;286
27561;279
27562;120
27563;221
27564;228
27565;170
27566;83
27567;140
27568;260
27569;149
27570;156
27571;24
27572;134
27573;228
27574;40
27575;48
27576;189
27577;285
27578;260
27579;235
27580;146
27581;245
27582;83
27583;18
27584;10
27585;200
27586;280
27587;1
27588;166
27589;189
27590;214
27591;145
27592;189
27593;228
27594;278
27595;14
27596;189
27597;53
27598;242
27599;112
27600;149
27601;137
27602;284
27603;149
27604;170
27605;149
27606;217
27607;128
27608;66
27609;189
27610;170
27611;285
27612;202
27613;53
27614;86
27615;217
27616;183
27617;86
27618;245
27619;14
27620;38
27621;200
27622;170
27623;91
27624;58
27625;76
27626;157
27627;210
27628;252
27629;248
27630;166
27631;189
27632;252
27633;260
27634;66
27635;284
27636;112
27637;91
27638;149
27639;260
27640;294
27641;228
27642;260
27643;76
27644;210
27645;156
27646;44
27647;14
27648;235
27649;245
27650;245
27651;285
27652;105
27653;280
27654;228
27655;112
27656;134
27657;213
27658;248
27659;112
27660;235
27661;248
27662;102
27663;116
27664;170
27665;252
27666;189
27667;83
27668;200
27669;284
27670;20
27671;189
27672;189
27673;51
27674;228
27675;34
27676;156
27677;156
27678;265
27679;83
27680;260
27681;170
27682;189
27683;20
27684;103
27685;134
27686;252
27687;156
27688;24
27689;189
27690;260
27691;170
27692;48
27693;140
27694;252
27695;62
27696;18
27697;235
27698;192
27699;242
27700;189
27701;245
27702;228
27703;38
27704;245
27705;71
27706;91
27707;112
27708;294
27709;228
27710;228
27711;166
27712;210
27713;166
27714;245
27715;66
27716;160
27717;14
27718;260
27719;170
27720;293
27721;146
27722;210
27723;265
27724;234
27725;245
27726;108
27727;48
27728;221
27729;280
27730;79
27731;91
27732;252
27733;159
27734;134
27735;170
27736;87
27737;210
27738;189
27739;238
27740;24
27741;245
27742;288
27743;228
27744;112
27745;134
27746;71
27747;18
27748;278
27749;228
27750;170
27751;189
27752;120
27753;148
27754;60
27755;260
27756;156
27757;210
27758;108
27759;71
27760;228
27761;149
27762;208
27763;243
27764;189
27765;228
27766;286
27767;260
27768;210
27769;83
27770;189
27771;228
27772;284
27773;60
27774;189
27775;146
27776;189
27777;192
27778;1
27779;237
27780;260
27781;83
27782;284
27783;228
27784;166
27785;260
27786;126
27787;149
27788;242
27789;83
27790;112
27791;170
27792;260
27793;237
27794;248
27795;60
27796;228
27797;170
27798;140
27799;156
27800;156
27801;202
27802;114
27803;235
27804;108
27805;145
27806;166
27807;83
27808;40
27809;199
27810;250
27811;170
27812;245
27813;156
27814;280
27815;260
27816;189
27817;108
27818;48
27819;189
27820;245
27821;134
27822;189
27823;71
27824;60
27825;134
27826;134
27827;149
27828;214
27829;280
27830;200
27831;294
27832;126
27833;44
27834;243
27835;266
27836;189
27837;260
27838;128
27839;140
27840;280
27841;91
27842;83
27843;148
27844;189
27845;234
27846;170
27847;183
27848;96
27849;235
27850;11
27851;146
27852;294
27853;87
27854;87
27855;149
27856;242
27857;228
27858;115
27859;134
27860;156
27861;102
27862;260
27863;166
27864;235
27865;38
27866;214
27867;235
27868;38
27869;71
27870;40
27871;224
27872;235
27873;280
27874;112
27875;235
27876;170
27877;235
27878;284
27879;21
27880;248
27881;60
27882;38
27883;235
27884;285
27885;16
27886;149
27887;170
27888;228
27889;221
27890;202
27891;235
27892;149
27893;191
27894;170
27895;260
27896;260
27897;254
27898;189
27899;20
27900;183
27901;183
27902;228
27903;137
27904;128
27905;83
27906;286
27907;284
27908;83
27909;280
27910;37
27911;112
27912;137
27913;189
27914;198
27915;137
27916;284
27917;248
27918;183
27919;245
27920;235
27921;105
27922;228
27923;108
27924;210
27925;235
27926;166
27927;189
27928;200
27929;170
27930;140
27931;189
27932;260
27933;189
27934;243
27935;102
27936;189
27937;228
27938;183
27939;103
27940;210
27941;60
27942;285
27943;160
27944;242
27945;58
27946;149
27947;156
27948;277
27949;228
27950;170
27951;260
27952;260
27953;145
27954;245
27955;245
27956;200
27957;157
27958;248
27959;166
27960;170
27961;235
27962;149
27963;260
27964;133
27965;228
27966;189
27967;228
27968;272
27969;112
27970;252
27971;198
27972;228
27973;102
27974;272
27975;60
27976;166
27977;87
27978;37
27979;287
27980;149
27981;71
27982;170
27983;170
27984;1
27985;192
27986;248
27987;149
27988;156
27989;189
27990;294
27991;248
27992;166
27993;245
27994;260
27995;7
27996;245
27997;252
27998;248
27999;83
28000;149
28001;228
28002;149
28003;21
28004;83
28005;133
28006;202
28007;20
28008;44
28009;133
28010;149
28011;192
28012;235
28013;228
28014;228
28015;243
28016;159
28017;166
28018;288
28019;40
28020;170
28021;46
28022;108
28023;134
28024;243
28025;44
28026;128
28027;210
28028;156
28029;60
28030;228
28031;170
28032;7
28033;170
28034;83
28035;71
28036;83
28037;71
28038;284
28039;137
28040;254
28041;245
28042;280
28043;157
28044;228
28045;228
28046;87
28047;126
28048;166
28049;126
28050;242
28051;248
28052;192
28053;218
28054;1
28055;166
28056;243
28057;166
28058;105
28059;228
28060;210
28061;160
28062;278
28063;170
28064;245
28065;166
28066;200
28067;60
28068;170
28069;200
28070;218
28071;59
28072;83
28073;104
28074;156
28075;260
28076;159
28077;60
28078;170
28079;137
28080;294
28081;149
28082;235
28083;272
28084;266
28085;134
28086;177
28087;20
28088;208
28089;37
28090;148
28091;194
28092;148
28093;210
28094;170
28095;166
28096;66
28097;108
28098;91
28099;97
28100;60
28101;62
28102;166
28103;166
28104;189
28105;86
28106;134
28107;280
28108;128
28109;149
28110;7
28111;237
28112;137
28113;242
28114;228
28115;53
28116;166
28117;242
28118;228
28119;170
28120;228
28121;248
28122;160
28123;242
28124;112
28125;189
28126;294
28127;170
28128;221
28129;71
28130;248
28131;44
28132;260
28133;242
28134;228
28135;243
28136;189
28137;145
28138;198
28139;285
28140;170
28141;200
28142;224
28143;166
28144;44
28145;260
28146;120
28147;166
28148;210
28149;228
28150;285
28151;137
28152;112
28153;280
28154;156
28155;146
28156;48
28157;76
28158;245
28159;166
28160;149
28161;102
28162;221
28163;102
28164;272
28165;128
28166;149
28167;170
28168;86
28169;242
28170;200
28171;71
28172;48
28173;34
28174;48
28175;20
28176;210
28177;248
28178;8
28179;112
28180;149
28181;177
28182;83
28183;260
28184;228
28185;228
28186;243
28187;199
28188;189
28189;170
28190;198
28191;260
28192;83
28193;170
28194;14
28195;129
28196;243
28197;248
28198;177
28199;86
28200;228
28201;44
28202;260
28203;102
28204;76
28205;102
28206;53
28207;34
28208;245
28209;279
28210;228
28211;20
28212;149
28213;221
28214;160
28215;7
28216;189
28217;38
28218;252
28219;170
28220;198
28221;166
28222;170
28223;166
28224;170
28225;231
28226;263
28227;1
28228;146
28229;170
28230;46
28231;200
28232;245
28233;140
28234;156
28235;157
28236;236
28237;48
28238;212
28239;189
28240;228
28241;176
28242;248
28243;177
28244;261
28245;148
28246;62
28247;189
28248;20
28249;189
28250;112
28251;91
28252;24
28253;20
28254;102
28255;166
28256;278
28257;81
28258;166
28259;260
28260;157
28261;44
28262;189
28263;189
28264;192
28265;189
28266;245
28267;1
28268;60
28269;284
28270;166
28271;115
28272;83
28273;278
28274;146
28275;220
28276;284
28277;248
28278;208
28279;245
28280;201
28281;60
28282;228
28283;87
28284;208
28285;102
28286;83
28287;58
28288;71
28289;182
28290;260
28291;44
28292;248
28293;202
28294;126
28295;189
28296;134
28297;102
28298;252
28299;248
28300;102
28301;166
28302;166
28303;210
28304;10
28305;183
28306;170
28307;260
28308;285
28309;189
28310;228
28311;83
28312;260
28313;134
28314;245
28315;210
28316;149
28317;245
28318;202
28319;235
28320;60
28321;221
28322;83
28323;248
28324;228
28325;177
28326;170
28327;48
28328;228
28329;192
28330;60
28331;34
28332;256
28333;285
28334;156
28335;46
28336;157
28337;285
28338;166
28339;210
28340;267
28341;170
28342;149
28343;220
28344;261
28345;228
28346;284
28347;237
28348;202
28349;170
28350;200
28351;44
28352;200
28353;282
28354;235
28355;248
28356;166
28357;149
28358;160
28359;166
28360;134
28361;170
28362;210
28363;71
28364;149
28365;212
28366;183
28367;235
28368;83
28369;114
28370;112
28371;261
28372;294
28373;252
28374;200
28375;260
28376;149
28377;228
28378;149
28379;245
28380;58
28381;108
28382;189
28383;256
28384;102
28385;261
28386;189
28387;182
28388;166
28389;210
28390;156
28391;260
28392;200
28393;189
28394;170
28395;280
28396;228
28397;170
28398;79
28399;210
28400;189
28401;221
28402;20
28403;146
28404;189
28405;97
28406;189
28407;248
28408;166
28409;252
28410;235
28411;140
28412;71
28413;277
28414;198
28415;279
28416;198
28417;213
28418;228
28419;228
28420;58
28421;83
28422;228
28423;137
28424;266
28425;120
28426;209
28427;166
28428;245
28429;160
28430;149
28431;156
28432;202
28433;294
28434;166
28435;192
28436;235
28437;157
28438;134
28439;170
28440;260
28441;286
28442;228
28443;284
28444;149
28445;237
28446;277
28447;189
28448;279
28449;272
28450;60
28451;170
28452;108
28453;284
28454;200
28455;149
28456;228
28457;149
28458;284
28459;261
28460;288
28461;189
28462;149
28463;14
28464;245
28465;157
28466;149
28467;280
28468;157
28469;115
28470;245
28471;134
28472;189
28473;177
28474;20
28475;134
28476;103
28477;208
28478;189
28479;34
28480;235
28481;242
28482;103
28483;20
28484;228
28485;228
28486;260
28487;71
28488;71
28489;166
28490;228
28491;266
28492;235
28493;103
28494;252
28495;55
28496;71
28497;156
28498;170
28499;112
28500;189
28501;245
28502;285
28503;248
28504;235
28505;116
28506;60
28507;189
28508;20
28509;83
28510;189
28511;170
28512;140
28513;198
28514;272
28515;170
28516;156
28517;149
28518;137
28519;170
28520;58
28521;221
28522;237
28523;235
28524;210
28525;83
28526;192
28527;254
28528;189
28529;71
28530;243
28531;156
28532;14
28533;189
28534;243
28535;81
28536;189
28537;133
28538;38
28539;210
28540;284
28541;170
28542;149
28543;170
28544;48
28545;60
28546;76
28547;18
28548;210
28549;213
28550;157
28551;53
28552;76
28553;140
28554;149
28555;228
28556;38
28557;166
28558;134
28559;128
28560;-1
28561;189
28562;-1
28563;146
28564;156
28565;166
28566;66
28567;189
28568;248
28569;286
28570;210
28571;126
28572;170
28573;280
28574;166
28575;210
28576;128
28577;284
28578;91
28579;44
28580;76
28581;149
28582;66
28583;210
28584;265
28585;48
28586;189
28587;83
28588;189
28589;134
28590;235
28591;260
28592;210
28593;166
28594;112
28595;166
28596;189
28597;189
28598;248
28599;202
28600;261
28601;226
28602;260
28603;189
28604;83
28605;166
28606;79
28607;285
28608;114
28609;108
28610;280
28611;66
28612;191
28613;228
28614;231
28615;189
28616;228
28617;221
28618;128
28619;112
28620;166
28621;176
28622;210
28623;189
28624;286
28625;294
28626;133
28627;48
28628;210
28629;278
28630;140
28631;294
28632;210
28633;189
28634;134
28635;157
28636;145
28637;248
28638;177
28639;18
28640;224
28641;228
28642;170
28643;128
28644;166
28645;248
28646;192
28647;149
28648;166
28649;133
28650;285
28651;210
28652;235
28653;44
28654;134
28655;166
28656;126
28657;44
28658;116
28659;149
28660;265
28661;60
28662;170
28663;112
28664;248
28665;71
28666;128
28667;140
28668;170
28669;166
28670;242
28671;166
28672;91
28673;133
28674;235
28675;134
28676;189
28677;48
28678;210
28679;235
28680;145
28681;166
28682;228
28683;200
28684;243
28685;114
28686;228
28687;83
28688;134
28689;34
28690;260
28691;133
28692;145
28693;59
28694;134
28695;170
28696;189
28697;210
28698;134
28699;48
28700;228
28701;156
28702;238
28703;189
28704;221
28705;189
28706;79
28707;149
28708;248
28709;170
28710;189
28711;170
28712;177
28713;248
28714;189
28715;191
28716;260
28717;149
28718;261
28719;166
28720;235
28721;76
28722;220
28723;189
28724;166
28725;286
28726;24
28727;218
28728;133
28729;189
28730;267
28731;202
28732;228
28733;60
28734;149
28735;189
28736;149
28737;60
28738;133
28739;156
28740;18
28741;79
28742;170
28743;189
28744;280
28745;210
28746;20
28747;149
28748;120
28749;134
28750;210
28751;105
28752;182
28753;189
28754;114
28755;294
28756;20
28757;170
28758;48
28759;235
28760;260
28761;83
28762;213
28763;235
28764;245
28765;245
28766;202
28767;200
28768;228
28769;71
28770;218
28771;166
28772;294
28773;286
28774;189
28775;149
28776;156
28777;267
28778;284
28779;83
28780;134
28781;71
28782;71
28783;140
28784;260
28785;200
28786;140
28787;10
28788;294
28789;260
28790;228
28791;189
28792;59
28793;137
28794;48
28795;48
28796;243
28797;234
28798;189
28799;189
28800;189
28801;96
28802;8
28803;189
28804;20
28805;235
28806;149
28807;260
28808;156
28809;166
28810;166
28811;294
28812;87
28813;208
28814;245
28815;156
28816;71
28817;170
28818;108
28819;137
28820;192
28821;102
28822;137
28823;228
28824;242
28825;278
28826;34
28827;177
28828;192
28829;235
28830;228
28831;36
28832;189
28833;83
28834;202
28835;83
28836;157
28837;160
28838;79
28839;189
28840;170
28841;221
28842;114
28843;149
28844;189
28845;285
28846;170
28847;87
28848;261
28849;249
28850;156
28851;83
28852;166
28853;83
28854;71
28855;20
28856;60
28857;11
28858;126
28859;149
28860;245
28861;294
28862;235
28863;201
28864;166
28865;14
28866;278
28867;183
28868;48
28869;166
28870;245
28871;217
28872;189
28873;189
28874;208
28875;189
28876;243
28877;280
28878;156
28879;245
28880;166
28881;149
28882;228
28883;189
28884;103
28885;285
28886;245
28887;200
28888;248
28889;280
28890;170
28891;235
28892;137
28893;243
28894;189
28895;170
28896;14
28897;228
28898;24
28899;245
28900;245
28901;287
28902;248
28903;83
28904;235
28905;226
28906;66
28907;189
28908;145
28909;66
28910;170
28911;83
28912;260
28913;103
28914;237
28915;166
28916;108
28917;254
28918;294
28919;260
28920;248
28921;242
28922;245
28923;137
28924;156
28925;34
28926;87
28927;59
28928;210
28929;91
28930;182
28931;83
28932;10
28933;48
28934;243
28935;102
28936;226
28937;248
28938;242
28939;87
28940;277
28941;14
28942;294
28943;166
28944;202
28945;149
28946;252
28947;213
28948;277
28949;164
28950;260
28951;202
28952;103
28953;128
28954;71
28955;-1
28956;228
28957;20
28958;189
28959;189
28960;112
28961;228
28962;228
28963;71
28964;242
28965;237
28966;137
28967;103
28968;280
28969;242
28970;260
28971;189
28972;156
28973;183
28974;260
28975;210
28976;280
28977;272
28978;242
28979;170
28980;192
28981;149
28982;166
28983;1
28984;189
28985;260
28986;149
28987;235
28988;71
28989;166
28990;134
28991;66
28992;112
28993;124
28994;256
28995;260
28996;221
28997;198
28998;210
28999;133
29000;202
29001;114
29002;245
29003;60
29004;252
29005;40
29006;210
29007;170
29008;294
29009;149
29010;254
29011;166
29012;114
29013;44
29014;189
29015;137
29016;228
29017;20
29018;170
29019;189
29020;194
29021;189
29022;245
29023;228
29024;294
29025;46
29026;134
29027;235
29028;237
29029;166
29030;177
29031;235
29032;212
29033;1
29034;44
29035;66
29036;235
29037;182
29038;20
29039;278
29040;260
29041;149
29042;14
29043;71
29044;280
29045;272
29046;294
29047;236
29048;145
29049;235
29050;71
29051;59
29052;192
29053;202
29054;260
29055;137
29056;149
29057;224
29058;83
29059;46
29060;148
29061;238
29062;1
29063;137
29064;60
29065;91
29066;183
29067;228
29068;242
29069;46
29070;248
29071;38
29072;202
29073;252
29074;170
29075;24
29076;237
29077;260
29078;160
29079;228
29080;221
29081;189
29082;149
29083;294
29084;134
29085;213
29086;170
29087;22
29088;71
29089;71
29090;76
29091;235
29092;44
29093;48
29094;228
29095;166
29096;76
29097;166
29098;83
29099;294
29100;192
29101;66
29102;210
29103;46
29104;170
29105;59
29106;189
29107;1
29108;294
29109;192
29110;44
29111;137
29112;71
29113;146
29114;285
29115;277
29116;228
29117;112
29118;278
29119;137
29120;48
29121;228
29122;76
29123;235
29124;245
29125;170
29126;208
29127;128
29128;170
29129;128
29130;228
29131;149
29132;166
29133;248
29134;91
29135;189
29136;102
29137;245
29138;228
29139;112
29140;210
29141;252
29142;134
29143;66
29144;20
29145;166
29146;159
29147;260
29148;60
29149;260
29150;112
29151;243
29152;48
29153;91
29154;103
29155;-1
29156;220
29157;140
29158;102
29159;7
29160;189
29161;235
29162;228
29163;236
29164;260
29165;202
29166;166
29167;238
29168;228
29169;149
29170;40
29171;254
29172;149
29173;146
29174;294
29175;252
29176;235
29177;20
29178;20
29179;210
29180;112
29181;44
29182;62
29183;176
29184;83
29185;166
29186;149
29187;261
29188;105
29189;189
29190;148
29191;208
29192;149
29193;170
29194;210
29195;48
29196;294
29197;112
29198;294
29199;91
29200;24
29201;149
29202;48
29203;71
29204;212
29205;252
29206;20
29207;170
29208;200
29209;34
29210;20
29211;60
29212;220
29213;189
29214;112
29215;260
29216;166
29217;149
29218;14
29219;294
29220;71
29221;228
29222;160
29223;156
29224;294
29225;114
29226;115
29227;237
29228;278
29229;284
29230;128
29231;166
29232;248
29233;166
29234;51
29235;159
29236;210
29237;261
29238;170
29239;183
29240;83
29241;34
29242;128
29243;71
29244;189
29245;280
29246;24
29247;248
29248;234
29249;71
29250;1
29251;149
29252;285
29253;66
29254;228
29255;224
29256;83
29257;170
29258;189
29259;102
29260;294
29261;189
29262;248
29263;228
29264;71
29265;149
29266;208
29267;189
29268;166
29269;245
29270;48
29271;238
29272;170
29273;189
29274;247
29275;280
29276;260
29277;79
29278;166
29279;20
29280;66
29281;91
29282;149
29283;137
29284;134
29285;115
29286;285
29287;260
29288;201
29289;170
29290;228
29291;189
29292;24
29293;210
29294;170
29295;189
29296;166
29297;58
29298;48
29299;133
29300;146
29301;242
29302;83
29303;285
29304;228
29305;192
29306;112
29307;60
29308;134
29309;48
29310;245
29311;112
29312;213
29313;71
29314;20
29315;170
29316;170
29317;254
29318;166
29319;102
29320;166
29321;170
29322;166
29323;242
29324;86
29325;228
29326;235
29327;261
29328;120
29329;234
29330;149
29331;260
29332;252
29333;260
29334;160
29335;81
29336;213
29337;199
29338;183
29339;126
29340;146
29341;114
29342;34
29343;210
29344;170
29345;177
29346;146
29347;112
29348;200
29349;166
29350;156
29351;261
29352;25
29353;140
29354;201
29355;129
29356;18
29357;221
29358;210
29359;228
29360;116
29361;261
29362;71
29363;166
29364;183
29365;170
29366;166
29367;38
29368;112
29369;146
29370;237
29371;129
29372;134
29373;166
29374;149
29375;164
29376;235
29377;245
29378;91
29379;228
29380;228
29381;170
29382;248
29383;284
29384;1
29385;198
29386;40
29387;228
29388;170
29389;235
29390;149
29391;149
29392;210
29393;224
29394;228
29395;252
29396;149
29397;149
29398;228
29399;272
29400;134
29401;139
29402;20
29403;48
29404;83
29405;189
29406;71
29407;157
29408;183
29409;209
29410;156
29411;71
29412;91
29413;192
29414;228
29415;277
29416;294
29417;149
29418;134
29419;98
29420;200
29421;213
29422;145
29423;157
29424;166
29425;235
29426;170
29427;235
29428;83
29429;83
29430;20
29431;285
29432;166
29433;91
29434;170
29435;145
29436;234
29437;189
29438;134
29439;79
29440;129
29441;228
29442;217
29443;20
29444;149
29445;221
29446;260
29447;228
29448;149
29449;252
29450;170
29451;243
29452;202
29453;44
29454;235
29455;166
29456;292
29457;189
29458;149
29459;294
29460;156
29461;254
29462;228
29463;189
29464;256
29465;226
29466;44
29467;105
29468;228
29469;71
29470;20
29471;48
29472;105
29473;11
29474;59
29475;157
29476;212
29477;149
29478;277
29479;134
29480;170
29481;189
29482;189
29483;166
29484;140
29485;20
29486;134
29487;83
29488;108
29489;156
29490;217
29491;145
29492;189
29493;294
29494;83
29495;59
29496;201
29497;200
29498;182
29499;66
29500;189
29501;58
29502;103
29503;105
29504;149
29505;170
29506;48
29507;176
29508;58
29509;83
29510;137
29511;235
29512;79
29513;81
29514;-1
29515;248
29516;83
29517;294
29518;210
29519;166
29520;146
29521;242
29522;238
29523;170
29524;228
29525;213
29526;189
29527;51
29528;166
29529;128
29530;260
29531;83
29532;148
29533;224
29534;245
29535;245
29536;44
29537;4
29538;166
29539;149
29540;22
29541;285
29542;48
29543;202
29544;235
29545;170
29546;261
29547;292
29548;192
29549;220
29550;214
29551;243
29552;220
29553;260
29554;280
29555;248
29556;86
29557;226
29558;79
29559;149
29560;248
29561;170
29562;208
29563;149
29564;280
29565;277
29566;217
29567;228
29568;243
29569;128
29570;133
29571;189
29572;73
29573;243
29574;137
29575;189
29576;134
29577;176
29578;228
29579;133
29580;210
29581;149
29582;202
29583;55
29584;116
29585;83
29586;228
29587;189
29588;149
29589;237
29590;228
29591;234
29592;48
29593;66
29594;83
29595;189
29596;170
29597;166
29598;156
29599;200
29600;128
29601;237
29602;44
29603;20
29604;170
29605;164
29606;170
29607;7
29608;156
29609;134
29610;140
29611;60
29612;242
29613;217
29614;252
29615;228
29616;166
29617;37
29618;166
29619;248
29620;221
29621;252
29622;189
29623;159
29624;137
29625;102
29626;252
29627;210
29628;170
29629;146
29630;228
29631;221
29632;71
29633;200
29634;243
29635;102
29636;46
29637;160
29638;83
29639;228
29640;212
29641;59
29642;210
29643;260
29644;252
29645;156
29646;238
29647;189
29648;156
29649;83
29650;189
29651;228
29652;156
29653;261
29654;71
29655;83
29656;140
29657;261
29658;83
29659;134
29660;189
29661;83
29662;34
29663;11
29664;237
29665;170
29666;189
29667;284
29668;134
29669;48
29670;254
29671;210
29672;210
29673;149
29674;252
29675;166
29676;44
29677;221
29678;115
29679;235
29680;34
29681;260
29682;79
29683;1
29684;46
29685;146
29686;212
29687;189
29688;228
29689;243
29690;134
29691;218
29692;105
29693;102
29694;235
29695;189
29696;20
29697;228
29698;189
29699;160
29700;189
29701;235
29702;166
29703;129
29704;218
29705;-1
29706;34
29707;124
29708;156
29709;260
29710;137
29711;140
29712;112
29713;228
29714;20
29715;20
29716;170
29717;7
29718;60
29719;83
29720;177
29721;48
29722;243
29723;260
29724;213
29725;76
29726;260
29727;248
29728;170
29729;189
29730;228
29731;217
29732;156
29733;228
29734;235
29735;260
29736;189
29737;228
29738;226
29739;213
29740;170
29741;20
29742;220
29743;83
29744;252
29745;252
29746;71
29747;20
29748;210
29749;166
29750;102
29751;170
29752;202
29753;248
29754;86
29755;129
29756;104
29757;71
29758;146
29759;235
29760;189
29761;83
29762;157
29763;160
29764;38
29765;170
29766;208
29767;71
29768;20
29769;149
29770;40
29771;235
29772;189
29773;105
29774;145
29775;231
29776;261
29777;87
29778;248
29779;156
29780;214
29781;170
29782;166
29783;139
29784;44
29785;248
29786;201
29787;280
29788;149
29789;91
29790;60
29791;126
29792;170
29793;166
29794;228
29795;166
29796;189
29797;183
29798;243
29799;228
29800;245
29801;189
29802;166
29803;14
29804;261
29805;83
29806;284
29807;198
29808;133
29809;7
29810;146
29811;16
29812;260
29813;71
29814;115
29815;237
29816;280
29817;248
29818;260
29819;254
29820;235
29821;170
29822;134
29823;288
29824;134
29825;156
29826;24
29827;140
29828;133
29829;83
29830;71
29831;83
29832;235
29833;210
29834;177
29835;228
29836;237
29837;242
29838;226
29839;261
29840;66
29841;160
29842;139
29843;71
29844;191
29845;189
29846;170
29847;102
29848;220
29849;18
29850;146
29851;83
29852;200
29853;260
29854;228
29855;156
29856;20
29857;71
29858;149
29859;189
29860;7
29861;108
29862;208
29863;245
29864;156
29865;58
29866;243
29867;235
29868;254
29869;245
29870;228
29871;166
29872;20
29873;71
29874;71
29875;252
29876;231
29877;166
29878;189
29879;228
29880;266
29881;235
29882;170
29883;149
29884;87
29885;277
29886;183
29887;177
29888;220
29889;210
29890;189
29891;260
29892;210
29893;202
29894;38
29895;260
29896;260
29897;202
29898;189
29899;96
29900;242
29901;198
29902;71
29903;156
29904;248
29905;260
29906;294
29907;115
29908;149
29909;226
29910;1
29911;112
29912;221
29913;166
29914;102
29915;1
29916;183
29917;260
29918;140
29919;71
29920;115
29921;166
29922;146
29923;284
29924;149
29925;149
29926;201
29927;220
29928;235
29929;189
29930;156
29931;189
29932;210
29933;189
29934;280
29935;86
29936;263
29937;166
29938;267
29939;58
29940;166
29941;208
29942;170
29943;235
29944;189
29945;129
29946;83
29947;202
29948;189
29949;201
29950;280
29951;252
29952;294
29953;128
29954;170
29955;22
29956;260
29957;71
29958;243
29959;71
29960;189
29961;156
29962;176
29963;166
29964;189
29965;228
29966;166
29967;134
29968;156
29969;170
29970;228
29971;166
29972;60
29973;260
29974;210
29975;87
29976;237
29977;280
29978;228
29979;170
29980;166
29981;59
29982;60
29983;83
29984;137
29985;149
29986;266
29987;105
29988;38
29989;34
29990;-1
29991;48
29992;288
29993;260
29994;182
29995;260
29996;260
29997;48
29998;243
29999;21
30000;37
30001;235
30002;146
30003;170
30004;201
30005;214
30006;294
30007;189
30008;189
30009;228
30010;83
30011;210
30012;266
30013;243
30014;1
30015;20
30016;133
30017;97
30018;134
30019;248
30020;245
30021;208
30022;87
30023;189
30024;146
30025;71
30026;128
30027;252
30028;156
30029;243
30030;260
30031;145
30032;102
30033;248
30034;149
30035;294
30036;86
30037;242
30038;228
30039;250
30040;278
30041;87
30042;235
30043;245
30044;166
30045;20
30046;166
30047;198
30048;226
30049;217
30050;217
30051;166
30052;112
30053;128
30054;103
30055;294
30056;137
30057;134
30058;228
30059;91
30060;189
30061;228
30062;210
30063;134
30064;212
30065;133
30066;96
30067;71
30068;228
30069;115
30070;112
30071;189
30072;182
30073;202
30074;146
30075;83
30076;200
30077;166
30078;134
30079;149
30080;189
30081;294
30082;261
30083;40
30084;294
30085;149
30086;24
30087;294
30088;14
30089;220
30090;189
30091;285
30092;166
30093;182
30094;60
30095;243
30096;189
30097;189
30098;221
30099;250
30100;166
30101;128
30102;44
30103;72
30104;200
30105;285
30106;237
30107;260
30108;245
30109;44
30110;126
30111;214
30112;294
30113;149
30114;86
30115;83
30116;133
30117;278
30118;145
30119;189
30120;44
30121;156
30122;208
30123;166
30124;86
30125;48
30126;202
30127;134
30128;189
30129;112
30130;252
30131;189
30132;20
30133;242
30134;170
30135;210
30136;220
30137;245
30138;294
30139;83
30140;213
30141;18
30142;71
30143;208
30144;189
30145;79
30146;294
30147;245
30148;260
30149;254
30150;128
30151;149
30152;46
30153;189
30154;115
30155;34
30156;159
30157;66
30158;261
30159;228
30160;261
30161;170
30162;235
30163;149
30164;218
30165;112
30166;245
30167;66
30168;228
30169;134
30170;133
30171;294
30172;83
30173;183
30174;235
30175;245
30176;209
30177;16
30178;83
30179;191
30180;294
30181;176
30182;112
30183;200
30184;96
30185;228
30186;24
30187;260
30188;34
30189;228
30190;189
30191;170
30192;228
30193;245
30194;220
30195;228
30196;133
30197;102
30198;260
30199;260
30200;83
30201;228
30202;149
30203;260
30204;192
30205;189
30206;260
30207;145
30208;20
30209;53
30210;91
30211;210
30212;189
30213;146
30214;126
30215;160
30216;170
30217;260
30218;248
30219;170
30220;166
30221;189
30222;228
30223;252
30224;245
30225;170
30226;220
30227;170
30228;182
30229;189
30230;170
30231;235
30232;60
30233;79
30234;228
30235;146
30236;189
30237;280
30238;280
30239;79
30240;156
30241;48
30242;146
30243;149
30244;208
30245;248
30246;66
30247;235
30248;235
30249;210
30250;256
30251;242
30252;189
30253;285
30254;228
30255;102
30256;252
30257;254
30258;235
30259;166
30260;112
30261;160
30262;228
30263;166
30264;166
30265;126
30266;250
30267;189
30268;156
30269;87
30270;62
30271;243
30272;228
30273;214
30274;245
30275;140
30276;170
30277;224
30278;1
30279;103
30280;245
30281;260
30282;260
30283;87
30284;156
30285;112
30286;237
30287;294
30288;71
30289;166
30290;202
30291;86
30292;294
30293;221
30294;285
30295;114
30296;137
30297;83
30298;189
30299;228
30300;112
30301;20
30302;48
30303;228
30304;129
30305;260
30306;108
30307;149
30308;235
30309;245
30310;1
30311;280
30312;228
30313;228
30314;228
30315;284
30316;60
30317;183
30318;263
30319;146
30320;235
30321;149
30322;134
30323;228
30324;83
30325;170
30326;137
30327;189
30328;166
30329;202
30330;156
30331;254
30332;242
30333;260
30334;46
30335;71
30336;170
30337;209
30338;170
30339;248
30340;217
30341;192
30342;115
30343;170
30344;20
30345;245
30346;256
30347;60
30348;114
30349;200
30350;156
30351;192
30352;200
30353;237
30354;129
30355;156
30356;105
30357;83
30358;176
30359;83
30360;149
30361;177
30362;221
30363;83
30364;235
30365;51
30366;260
30367;189
30368;83
30369;58
30370;159
30371;228
30372;129
30373;214
30374;243
30375;170
30376;202
30377;86
30378;189
30379;260
30380;260
30381;235
30382;231
30383;146
30384;66
30385;103
30386;235
30387;137
30388;189
30389;112
30390;40
30391;137
30392;166
30393;149
30394;228
30395;14
30396;176
30397;201
30398;228
30399;58
30400;160
30401;170
30402;210
30403;202
30404;44
30405;245
30406;182
30407;115
30408;166
30409;170
30410;228
30411;228
30412;114
30413;60
30414;128
30415;292
30416;112
30417;156
30418;228
30419;228
30420;170
30421;149
30422;140
30423;189
30424;156
30425;44
30426;272
30427;48
30428;166
30429;209
30430;235
30431;189
30432;114
30433;40
30434;228
30435;260
30436;235
30437;134
30438;170
30439;44
30440;83
30441;200
30442;243
30443;260
30444;235
30445;213
30446;149
30447;157
30448;189
30449;115
30450;189
30451;284
30452;202
30453;83
30454;260
30455;260
30456;145
30457;55
30458;189
30459;87
30460;170
30461;145
30462;140
30463;60
30464;245
30465;198
30466;210
30467;183
30468;16
30469;170
30470;235
30471;149
30472;183
30473;245
30474;189
30475;166
30476;278
30477;221
30478;79
30479;108
30480;87
30481;210
30482;83
30483;156
30484;252
30485;242
30486;170
30487;182
30488;189
30489;170
30490;189
30491;128
30492;126
30493;177
30494;192
30495;170
30496;260
30497;1
30498;228
30499;202
30500;248
30501;260
30502;294
30503;235
30504;265
30505;160
30506;228
30507;145
30508;294
30509;210
30510;213
30511;44
30512;200
30513;260
30514;157
30515;149
30516;149
30517;134
30518;189
30519;272
30520;198
30521;189
30522;228
30523;189
30524;220
30525;228
30526;248
30527;272
30528;245
30529;170
30530;20
30531;166
30532;200
30533;149
30534;248
30535;208
30536;280
30537;210
30538;71
30539;137
30540;213
30541;243
30542;44
30543;294
30544;183
30545;166
30546;149
30547;243
30548;134
30549;157
30550;86
30551;228
30552;228
30553;248
30554;20
30555;55
30556;60
30557;189
30558;149
30559;21
30560;213
30561;115
30562;34
30563;237
30564;228
30565;235
30566;226
30567;71
30568;228
30569;208
30570;170
30571;-1
30572;235
30573;189
30574;126
30575;177
30576;1
30577;14
30578;137
30579;228
30580;83
30581;243
30582;166
30583;134
30584;149
30585;189
30586;254
30587;115
30588;149
30589;228
30590;105
30591;166
30592;46
30593;83
30594;228
30595;278
30596;60
30597;228
30598;252
30599;287
30600;37
30601;166
30602;166
30603;160
30604;166
30605;170
30606;7
30607;166
30608;7
30609;210
30610;128
30611;18
30612;189
30613;83
30614;83
30615;189
30616;149
30617;210
30618;252
30619;272
30620;182
30621;228
30622;156
30623;21
30624;114
30625;116
30626;177
30627;66
30628;83
30629;83
30630;133
30631;280
30632;245
30633;235
30634;137
30635;280
30636;266
30637;170
30638;260
30639;228
30640;166
30641;166
30642;252
30643;235
30644;228
30645;221
30646;228
30647;210
30648;166
30649;149
30650;260
30651;170
30652;166
30653;234
30654;1
30655;112
30656;102
30657;104
30658;192
30659;128
30660;212
30661;189
30662;8
30663;114
30664;37
30665;189
30666;280
30667;199
30668;277
30669;199
30670;245
30671;170
30672;288
30673;20
30674;71
30675;71
30676;221
30677;83
30678;115
30679;83
30680;248
30681;7
30682;228
30683;237
30684;170
30685;137
30686;86
30687;235
30688;134
30689;7
30690;228
30691;177
30692;210
30693;263
30694;149
30695;260
30696;194
30697;170
30698;228
30699;20
30700;217
30701;200
30702;245
30703;235
30704;294
30705;20
30706;252
30707;202
30708;245
30709;210
30710;166
30711;149
30712;217
30713;285
30714;170
30715;191
30716;115
30717;238
30718;104
30719;71
30720;202
30721;40
30722;265
30723;156
30724;228
30725;87
30726;260
30727;170
30728;83
30729;48
30730;170
30731;228
30732;272
30733;228
30734;166
30735;189
30736;235
30737;250
30738;83
30739;231
30740;97
30741;248
30742;294
30743;20
30744;210
30745;166
30746;137
30747;267
30748;170
30749;34
30750;221
30751;294
30752;199
30753;170
30754;252
30755;245
30756;228
30757;183
30758;104
30759;228
30760;160
30761;189
30762;221
30763;166
30764;235
30765;248
30766;189
30767;210
30768;120
30769;183
30770;83
30771;198
30772;115
30773;170
30774;235
30775;221
30776;226
30777;280
30778;189
30779;226
30780;166
30781;71
30782;170
30783;200
30784;228
30785;252
30786;227
30787;189
30788;235
30789;235
30790;115
30791;166
30792;245
30793;202
30794;189
30795;149
30796;242
30797;235
30798;44
30799;242
30800;133
30801;260
30802;267
30803;149
30804;170
30805;170
30806;228
30807;189
30808;157
30809;103
30810;170
30811;71
30812;166
30813;235
30814;83
30815;248
30816;149
30817;83
30818;220
30819;228
30820;288
30821;217
30822;24
30823;228
30824;146
30825;170
30826;189
30827;1
30828;146
30829;20
30830;71
30831;133
30832;166
30833;156
30834;58
30835;34
30836;242
30837;112
30838;166
30839;248
30840;235
30841;166
30842;266
30843;210
30844;166
30845;112
30846;189
30847;245
30848;189
30849;62
30850;294
30851;14
30852;189
30853;20
30854;189
30855;166
30856;170
30857;170
30858;210
30859;83
30860;112
30861;170
30862;76
30863;277
30864;189
30865;221
30866;149
30867;260
30868;1
30869;286
30870;20
30871;146
30872;156
30873;265
30874;108
30875;86
30876;44
30877;20
30878;213
30879;189
30880;228
30881;108
30882;83
30883;66
30884;228
30885;87
30886;245
30887;58
30888;134
30889;149
30890;235
30891;102
30892;183
30893;294
30894;191
30895;166
30896;83
30897;202
30898;201
30899;200
30900;189
30901;294
30902;235
30903;87
30904;83
30905;156
30906;284
30907;126
30908;170
30909;287
30910;79
30911;189
30912;217
30913;7
30914;189
30915;260
30916;272
30917;189
30918;243
30919;160
30920;20
30921;166
30922;242
30923;115
30924;235
30925;8
30926;156
30927;288
30928;166
30929;166
30930;245
30931;149
30932;245
30933;199
30934;102
30935;237
30936;112
30937;134
30938;261
30939;134
30940;210
30941;83
30942;201
30943;265
30944;38
30945;248
30946;294
30947;86
30948;277
30949;137
30950;105
30951;126
30952;213
30953;149
30954;294
30955;243
30956;134
30957;260
30958;189
30959;105
30960;260
30961;86
30962;198
30963;86
30964;247
30965;170
30966;210
30967;140
30968;282
30969;242
30970;66
30971;18
30972;228
30973;149
30974;20
30975;189
30976;166
30977;145
30978;170
30979;149
30980;245
30981;160
30982;166
30983;134
30984;128
30985;189
30986;242
30987;237
30988;149
30989;210
30990;183
30991;170
30992;11
30993;210
30994;210
30995;149
30996;149
30997;228
30998;34
30999;248
31000;66
31001;20
31002;156
31003;284
31004;293
31005;145
31006;228
31007;20
31008;242
31009;44
31010;285
31011;18
31012;236
31013;156
31014;189
31015;149
31016;228
31017;189
31018;48
31019;245
31020;86
31021;235
31022;189
31023;235
31024;245
31025;278
31026;221
31027;228
31028;146
31029;134
31030;210
31031;192
31032;284
31033;284
31034;166
31035;228
31036;128
31037;1
31038;60
31039;284
31040;103
31041;213
31042;137
31043;228
31044;166
31045;137
31046;266
31047;228
31048;221
31049;149
31050;294
31051;137
31052;166
31053;166
31054;160
31055;137
31056;212
31057;170
31058;96
31059;108
31060;248
31061;71
31062;248
31063;157
31064;202
31065;210
31066;286
31067;116
31068;20
31069;189
31070;189
31071;198
31072;112
31073;189
31074;149
31075;53
31076;202
31077;260
31078;145
31079;213
31080;-1
31081;133
31082;134
31083;105
31084;245
31085;134
31086;189
31087;114
31088;44
31089;210
31090;71
31091;235
31092;44
31093;261
31094;243
31095;170
31096;156
31097;277
31098;166
31099;284
31100;202
31101;277
31102;157
31103;48
31104;280
31105;213
31106;189
31107;189
31108;260
31109;83
31110;294
31111;76
31112;242
31113;235
31114;242
31115;170
31116;149
31117;245
31118;228
31119;166
31120;254
31121;149
31122;231
31123;166
31124;189
31125;208
31126;280
31127;120
31128;145
31129;228
31130;228
31131;189
31132;166
31133;272
31134;112
31135;235
31136;1
31137;189
31138;210
31139;202
31140;83
31141;166
31142;242
31143;228
31144;71
31145;245
31146;210
31147;189
31148;76
31149;156
31150;40
31151;242
31152;228
31153;145
31154;189
31155;166
31156;235
31157;260
31158;91
31159;14
31160;145
31161;189
31162;103
31163;145
31164;48
31165;133
31166;210
31167;1
31168;202
31169;160
31170;134
31171;192
31172;146
31173;66
31174;248
31175;294
31176;280
31177;166
31178;192
31179;156
31180;170
31181;189
31182;148
31183;170
31184;71
31185;62
31186;102
31187;20
31188;166
31189;210
31190;105
31191;156
31192;112
31193;248
31194;235
31195;192
31196;260
31197;192
31198;189
31199;234
31200;170
31201;166
31202;260
31203;256
31204;60
31205;192
31206;159
31207;60
31208;115
31209;128
31210;149
31211;120
31212;114
31213;235
31214;31
31215;260
31216;156
31217;260
31218;71
31219;91
31220;214
31221;285
31222;166
31223;260
31224;62
31225;59
31226;208
31227;34
31228;245
31229;242
31230;108
31231;34
31232;192
31233;71
31234;221
31235;114
31236;83
31237;176
31238;191
31239;102
31240;44
31241;20
31242;192
31243;235
31244;202
31245;294
31246;210
31247;210
31248;189
31249;189
31250;183
31251;212
31252;245
31253;166
31254;170
31255;24
31256;224
31257;170
31258;139
31259;120
31260;166
31261;228
31262;20
31263;156
31264;272
31265;170
31266;261
31267;20
31268;71
31269;210
31270;16
31271;280
31272;294
31273;237
31274;238
31275;34
31276;134
31277;228
31278;202
31279;120
31280;170
31281;149
31282;202
31283;189
31284;192
31285;208
31286;228
31287;145
31288;189
31289;285
31290;260
31291;252
31292;60
31293;235
31294;38
31295;210
31296;71
31297;177
31298;149
31299;260
31300;220
31301;156
31302;189
31303;235
31304;260
31305;115
31306;156
31307;170
31308;189
31309;71
31310;79
31311;189
31312;245
31313;170
31314;214
31315;228
31316;149
31317;40
31318;120
31319;18
31320;191
31321;83
31322;213
31323;228
31324;8
31325;260
31326;238
31327;261
31328;260
31329;220
31330;102
31331;40
31332;16
31333;59
31334;189
31335;243
31336;105
31337;14
31338;66
31339;34
31340;284
31341;248
31342;103
31343;71
31344;189
31345;192
31346;235
31347;160
31348;252
31349;83
31350;252
31351;116
31352;260
31353;202
31354;228
31355;91
31356;112
31357;202
31358;252
31359;212
31360;189
31361;133
31362;272
31363;160
31364;126
31365;235
31366;114
31367;149
31368;260
31369;149
31370;48
31371;189
31372;170
31373;189
31374;235
31375;245
31376;243
31377;166
31378;166
31379;260
31380;293
31381;71
31382;228
31383;192
31384;192
31385;228
31386;278
31387;170
31388;170
31389;149
31390;66
31391;202
31392;189
31393;288
31394;260
31395;217
31396;261
31397;134
31398;149
31399;242
31400;134
31401;71
31402;166
31403;189
31404;134
31405;235
31406;120
31407;14
31408;156
31409;260
31410;59
31411;189
31412;170
31413;66
31414;48
31415;115
31416;134
31417;34
31418;166
31419;126
31420;170
31421;112
31422;1
31423;284
31424;260
31425;71
31426;59
31427;261
31428;83
31429;265
31430;189
31431;166
31432;126
31433;112
31434;228
31435;294
31436;108
31437;243
31438;137
31439;213
31440;128
31441;149
31442;148
31443;58
31444;166
31445;189
31446;170
31447;189
31448;294
31449;198
31450;228
31451;267
31452;170
31453;166
31454;192
31455;149
31456;44
31457;156
31458;120
31459;137
31460;71
31461;286
31462;71
31463;200
31464;294
31465;103
31466;166
31467;79
31468;87
31469;112
31470;86
31471;228
31472;245
31473;1
31474;202
31475;149
31476;277
31477;10
31478;102
31479;149
31480;156
31481;260
31482;87
31483;60
31484;164
31485;14
31486;83
31487;189
31488;213
31489;156
31490;177
31491;170
31492;-1
31493;208
31494;272
31495;192
31496;261
31497;60
31498;137
31499;166
31500;60
31501;189
31502;260
31503;71
31504;128
31505;60
31506;7
31507;170
31508;22
31509;134
31510;128
31511;189
31512;189
31513;208
31514;87
31515;170
31516;137
31517;149
31518;103
31519;166
31520;134
31521;285
31522;149
31523;252
31524;166
31525;112
31526;149
31527;248
31528;242
31529;189
31530;103
31531;137
31532;235
31533;126
31534;189
31535;124
31536;102
31537;170
31538;166
31539;149
31540;7
31541;245
31542;260
31543;98
31544;83
31545;260
31546;156
31547;210
31548;192
31549;71
31550;83
31551;217
31552;226
31553;87
31554;140
31555;66
31556;228
31557;44
31558;228
31559;198
31560;192
31561;260
31562;91
31563;210
31564;116
31565;235
31566;260
31567;242
31568;177
31569;112
31570;21
31571;40
31572;202
31573;20
31574;44
31575;254
31576;14
31577;133
31578;71
31579;48
31580;248
31581;228
31582;228
31583;170
31584;170
31585;294
31586;146
31587;248
31588;189
31589;231
31590;71
31591;189
31592;189
31593;228
31594;242
31595;1
31596;235
31597;44
31598;285
31599;7
31600;149
31601;48
31602;285
31603;260
31604;149
31605;213
31606;293
31607;236
31608;166
31609;134
31610;189
31611;34
31612;260
31613;242
31614;18
31615;166
31616;137
31617;200
31618;46
31619;182
31620;115
31621;217
31622;277
31623;245
31624;210
31625;235
31626;260
31627;48
31628;71
31629;103
31630;228
31631;228
31632;192
31633;149
31634;235
31635;252
31636;213
31637;40
31638;137
31639;212
31640;98
31641;191
31642;166
31643;166
31644;226
31645;83
31646;208
31647;237
31648;170
31649;128
31650;194
31651;189
31652;166
31653;170
31654;200
31655;294
31656;149
31657;40
31658;170
31659;66
31660;235
31661;112
31662;208
31663;1
31664;60
31665;192
31666;202
31667;278
31668;22
31669;24
31670;-1
31671;235
31672;92
31673;59
31674;112
31675;170
31676;134
31677;137
31678;166
31679;71
31680;170
31681;83
31682;182
31683;279
31684;149
31685;231
31686;228
31687;87
31688;146
31689;7
31690;189
31691;266
31692;112
31693;166
31694;20
31695;16
31696;200
31697;260
31698;60
31699;48
31700;221
31701;235
31702;260
31703;243
31704;156
31705;228
31706;20
31707;149
31708;86
31709;210
31710;242
31711;166
31712;114
31713;1
31714;137
31715;20
31716;149
31717;192
31718;149
31719;236
31720;126
31721;201
31722;243
31723;76
31724;96
31725;189
31726;228
31727;134
31728;217
31729;237
31730;245
31731;20
31732;280
31733;235
31734;149
31735;170
31736;44
31737;234
31738;294
31739;280
31740;235
31741;210
31742;221
31743;170
31744;170
31745;228
31746;166
31747;220
31748;235
31749;228
31750;83
31751;235
31752;145
31753;294
31754;231
31755;44
31756;256
31757;260
31758;285
31759;170
31760;243
31761;294
31762;235
31763;182
31764;228
31765;170
31766;115
31767;260
31768;40
31769;140
31770;189
31771;60
31772;103
31773;189
31774;71
31775;71
31776;166
31777;260
31778;166
31779;1
31780;235
31781;166
31782;44
31783;166
31784;116
31785;137
31786;243
31787;248
31788;202
31789;83
31790;192
31791;254
31792;183
31793;260
31794;83
31795;285
31796;156
31797;20
31798;243
31799;115
31800;242
31801;189
31802;16
31803;234
31804;235
31805;166
31806;149
31807;114
31808;245
31809;200
31810;192
31811;83
31812;149
31813;10
31814;166
31815;149
31816;235
31817;235
31818;79
31819;189
31820;210
31821;87
31822;294
31823;189
31824;170
31825;202
31826;166
31827;260
31828;200
31829;166
31830;112
31831;170
31832;202
31833;170
31834;34
31835;266
31836;114
31837;62
31838;294
31839;149
31840;243
31841;260
31842;170
31843;51
31844;112
31845;260
31846;10
31847;137
31848;60
31849;44
31850;87
31851;76
31852;24
31853;189
31854;228
31855;189
31856;66
31857;166
31858;166
31859;189
31860;129
31861;149
31862;146
31863;20
31864;83
31865;280
31866;166
31867;260
31868;60
31869;97
31870;16
31871;71
31872;260
31873;189
31874;160
31875;166
31876;170
31877;235
31878;105
31879;87
31880;210
31881;192
31882;166
31883;83
31884;170
31885;34
31886;192
31887;166
31888;104
31889;156
31890;209
31891;189
31892;248
31893;149
31894;120
31895;134
31896;228
31897;243
31898;228
31899;243
31900;157
31901;294
31902;235
31903;166
31904;235
31905;176
31906;16
31907;170
31908;116
31909;86
31910;20
31911;266
31912;1
31913;280
31914;166
31915;177
31916;252
31917;145
31918;149
31919;170
31920;235
31921;288
31922;86
31923;280
31924;134
31925;156
31926;235
31927;133
31928;71
31929;248
31930;189
31931;201
31932;192
31933;260
31934;137
31935;134
31936;105
31937;20
31938;166
31939;11
31940;294
31941;248
31942;166
31943;221
31944;170
31945;288
31946;189
31947;149
31948;189
31949;243
31950;170
31951;83
31952;189
31953;260
31954;1
31955;170
31956;18
31957;260
31958;87
31959;8
31960;260
31961;228
31962;1
31963;20
31964;242
31965;228
31966;145
31967;237
31968;210
31969;166
31970;277
31971;170
31972;102
31973;-1
31974;208
31975;284
31976;245
31977;134
31978;192
31979;261
31980;217
31981;149
31982;189
31983;245
31984;71
31985;108
31986;44
31987;228
31988;210
31989;149
31990;157
31991;210
31992;134
31993;177
31994;166
31995;280
31996;166
31997;228
31998;91
31999;7
32000;166
32001;200
32002;189
32003;280
32004;1
32005;254
32006;228
32007;134
32008;103
32009;189
32010;170
32011;149
32012;166
32013;44
32014;149
32015;228
32016;226
32017;134
32018;83
32019;157
32020;183
32021;166
32022;294
32023;189
32024;166
32025;34
32026;235
32027;260
32028;170
32029;108
32030;170
32031;260
32032;192
32033;145
32034;146
32035;-1
32036;149
32037;134
32038;210
32039;235
32040;60
32041;44
32042;170
32043;235
32044;53
32045;191
32046;189
32047;81
32048;83
32049;87
32050;228
32051;166
32052;71
32053;235
32054;277
32055;170
32056;149
32057;228
32058;231
32059;46
32060;149
32061;260
32062;79
32063;228
32064;149
32065;146
32066;81
32067;213
32068;176
32069;83
32070;210
32071;20
32072;243
32073;189
32074;294
32075;210
32076;48
32077;133
32078;170
32079;235
32080;189
32081;166
32082;192
32083;189
32084;58
32085;202
32086;228
32087;170
32088;199
32089;140
32090;278
32091;20
32092;243
32093;71
32094;192
32095;166
32096;208
32097;22
32098;134
32099;228
32100;134
32101;7
32102;44
32103;228
32104;83
32105;228
32106;237
32107;20
32108;83
32109;156
32110;189
32111;245
32112;248
32113;170
32114;284
32115;149
32116;260
32117;71
32118;46
32119;189
32120;170
32121;242
32122;149
32123;102
32124;293
32125;14
32126;145
32127;235
32128;149
32129;221
32130;71
32131;149
32132;189
32133;210
32134;134
32135;166
32136;156
32137;137
32138;83
32139;210
32140;218
32141;46
32142;166
32143;156
32144;166
32145;235
32146;189
32147;149
32148;189
32149;166
32150;149
32151;192
32152;235
32153;20
32154;261
32155;284
32156;284
32157;146
32158;60
32159;86
32160;112
32161;213
32162;60
32163;71
32164;112
32165;137
32166;159
32167;134
32168;252
32169;156
32170;248
32171;1
32172;228
32173;189
32174;66
32175;189
32176;170
32177;112
32178;134
32179;221
32180;235
32181;228
32182;189
32183;60
32184;76
32185;189
32186;294
32187;1
32188;214
32189;60
32190;248
32191;260
32192;189
32193;252
32194;243
32195;217
32196;242
32197;105
32198;149
32199;14
32200;245
32201;71
32202;176
32203;228
32204;228
32205;102
32206;149
32207;20
32208;189
32209;235
32210;210
32211;149
32212;149
32213;235
32214;183
32215;7
32216;260
32217;166
32218;228
32219;280
32220;280
32221;48
32222;235
32223;112
32224;236
32225;53
32226;71
32227;228
32228;170
32229;248
32230;245
32231;260
32232;210
32233;137
32234;218
32235;245
32236;170
32237;20
32238;166
32239;86
32240;243
32241;189
32242;169
32243;48
32244;238
32245;170
32246;228
32247;166
32248;44
32249;20
32250;20
32251;280
32252;36
32253;102
32254;221
32255;189
32256;146
32257;18
32258;235
32259;18
32260;192
32261;189
32262;170
32263;160
32264;164
32265;170
32266;228
32267;228
32268;149
32269;149
32270;228
32271;220
32272;170
32273;221
32274;228
32275;235
32276;115
32277;228
32278;160
32279;183
32280;83
32281;166
32282;156
32283;166
32284;145
32285;189
32286;245
32287;252
32288;245
32289;76
32290;189
32291;120
32292;200
32293;228
32294;242
32295;280
32296;260
32297;279
32298;226
32299;182
32300;156
32301;145
32302;208
32303;214
32304;245
32305;20
32306;149
32307;79
32308;14
32309;208
32310;248
32311;149
32312;210
32313;134
32314;157
32315;1
32316;112
32317;228
32318;252
32319;228
32320;201
32321;170
32322;189
32323;164
32324;134
32325;46
32326;245
32327;112
32328;170
32329;24
32330;156
32331;202
32332;228
32333;238
32334;260
32335;212
32336;285
32337;83
32338;48
32339;160
32340;189
32341;11
32342;120
32343;71
32344;149
32345;38
32346;248
32347;134
32348;252
32349;202
32350;245
32351;214
32352;260
32353;166
32354;189
32355;189
32356;208
32357;210
32358;134
32359;279
32360;228
32361;278
32362;120
32363;87
32364;66
32365;58
32366;243
32367;71
32368;252
32369;261
32370;284
32371;134
32372;83
32373;149
32374;248
32375;44
32376;228
32377;169
32378;170
32379;157
32380;245
32381;189
32382;133
32383;116
32384;170
32385;235
32386;83
32387;228
32388;156
32389;260
32390;166
32391;183
32392;200
32393;66
32394;189
32395;87
32396;71
32397;235
32398;210
32399;160
32400;48
32401;189
32402;83
32403;98
32404;71
32405;102
32406;149
32407;104
32408;278
32409;166
32410;294
32411;228
32412;83
32413;235
32414;170
32415;44
32416;71
32417;284
32418;156
32419;149
32420;265
32421;146
32422;140
32423;133
32424;156
32425;213
32426;189
32427;210
32428;238
32429;149
32430;157
32431;40
32432;252
32433;285
32434;137
32435;237
32436;248
32437;48
32438;134
32439;156
32440;139
32441;166
32442;166
32443;87
32444;260
32445;146
32446;134
32447;200
32448;228
32449;189
32450;235
32451;115
32452;189
32453;166
32454;149
32455;134
32456;86
32457;189
32458;235
32459;235
32460;210
32461;20
32462;170
32463;280
32464;149
32465;10
32466;149
32467;166
32468;66
32469;14
32470;166
32471;294
32472;189
32473;160
32474;260
32475;189
32476;201
32477;156
32478;294
32479;60
32480;228
32481;248
32482;189
32483;183
32484;46
32485;48
32486;228
32487;71
32488;245
32489;149
32490;228
32491;66
32492;133
32493;228
32494;120
32495;164
32496;156
32497;137
32498;189
32499;20
32500;226
32501;261
32502;217
32503;263
32504;83
32505;156
32506;189
32507;252
32508;242
32509;166
32510;285
32511;245
32512;44
32513;1
32514;137
32515;149
32516;134
32517;242
32518;170
32519;98
32520;156
32521;156
32522;226
32523;38
32524;83
32525;149
32526;252
32527;126
32528;228
32529;128
32530;105
32531;137
32532;134
32533;260
32534;134
32535;189
32536;86
32537;200
32538;210
32539;243
32540;134
32541;156
32542;294
32543;91
32544;170
32545;228
32546;228
32547;245
32548;83
32549;1
32550;134
32551;71
32552;157
32553;182
32554;248
32555;189
32556;157
32557;242
32558;231
32559;189
32560;189
32561;221
32562;228
32563;280
32564;137
32565;1
32566;166
32567;48
32568;248
32569;212
32570;156
32571;48
32572;285
32573;183
32574;149
32575;285
32576;44
32577;228
32578;277
32579;166
32580;20
32581;224
32582;103
32583;134
32584;157
32585;189
32586;44
32587;242
32588;242
32589;237
32590;191
32591;189
32592;134
32593;210
32594;-1
32595;221
32596;235
32597;260
32598;105
32599;245
32600;166
32601;146
32602;71
32603;252
32604;20
32605;248
32606;48
32607;38
32608;44
32609;170
32610;83
32611;40
32612;189
32613;128
32614;83
32615;166
32616;83
32617;149
32618;210
32619;235
32620;128
32621;228
32622;149
32623;170
32624;156
32625;112
32626;22
32627;145
32628;228
32629;176
32630;91
32631;208
32632;210
32633;208
32634;250
32635;137
32636;235
32637;71
32638;237
32639;134
32640;243
32641;182
32642;34
32643;48
32644;166
32645;108
32646;170
32647;242
32648;149
32649;76
32650;294
32651;192
32652;224
32653;170
32654;228
32655;286
32656;228
32657;294
32658;235
32659;260
32660;294
32661;108
32662;60
32663;272
32664;252
32665;220
32666;112
32667;210
32668;242
32669;189
32670;294
32671;238
32672;1
32673;248
32674;221
32675;170
32676;18
32677;149
32678;44
32679;245
32680;189
32681;20
32682;114
32683;83
32684;146
32685;24
32686;71
32687;40
32688;146
32689;34
32690;189
32691;228
32692;177
32693;189
32694;221
32695;248
32696;166
32697;126
32698;60
32699;260
32700;91
32701;260
32702;250
32703;134
32704;294
32705;189
32706;260
32707;166
32708;102
32709;-1
32710;189
32711;220
32712;159
32713;217
32714;166
32715;228
32716;115
32717;170
32718;14
32719;139
32720;115
32721;79
32722;48
32723;83
32724;157
32725;51
32726;245
32727;228
32728;46
32729;189
32730;284
32731;294
32732;294
32733;83
32734;228
32735;228
32736;252
32737;108
32738;166
32739;261
32740;1
32741;149
32742;124
32743;189
32744;166
32745;7
32746;260
32747;260
32748;137
32749;189
32750;243
32751;189
32752;221
32753;16
32754;228
32755;221
32756;256
32757;278
32758;210
32759;40
32760;260
32761;228
32762;200
32763;189
32764;48
32765;272
32766;59
32767;261
32768;170
32769;149
32770;280
32771;260
32772;235
32773;7
32774;189
32775;115
32776;189
32777;245
32778;210
32779;235
32780;166
32781;166
32782;220
32783;248
32784;235
32785;177
32786;112
32787;170
32788;294
32789;166
32790;261
32791;248
32792;170
32793;51
32794;140
32795;189
32796;245
32797;210
32798;242
32799;254
32800;170
32801;260
32802;46
32803;46
32804;87
32805;189
32806;284
32807;210
32808;46
32809;148
32810;226
32811;120
32812;1
32813;231
32814;149
32815;102
32816;134
32817;149
32818;66
32819;146
32820;16
32821;189
32822;83
32823;256
32824;189
32825;217
32826;242
32827;288
32828;60
32829;166
32830;62
32831;248
32832;60
32833;44
32834;228
32835;71
32836;128
32837;228
32838;261
32839;210
32840;266
32841;252
32842;208
32843;294
32844;228
32845;87
32846;284
32847;245
32848;133
32849;228
32850;62
32851;87
32852;14
32853;145
32854;51
32855;177
32856;202
32857;24
32858;170
32859;156
32860;210
32861;8
32862;156
32863;62
32864;228
32865;245
32866;183
32867;146
32868;87
32869;91
32870;76
32871;226
32872;242
32873;166
32874;170
32875;83
32876;18
32877;238
32878;112
32879;189
32880;149
32881;170
32882;228
32883;108
32884;149
32885;170
32886;83
32887;189
32888;103
32889;237
32890;156
32891;58
32892;228
32893;145
32894;217
32895;243
32896;214
32897;97
32898;170
32899;224
32900;8
32901;137
32902;243
32903;112
32904;237
32905;166
32906;228
32907;202
32908;294
32909;261
32910;48
32911;71
32912;66
32913;235
32914;260
32915;210
32916;105
32917;260
32918;200
32919;83
32920;228
32921;189
32922;189
32923;228
32924;189
32925;243
32926;44
32927;83
32928;284
32929;210
32930;149
32931;282
32932;83
32933;58
32934;83
32935;166
32936;149
32937;235
32938;287
32939;242
32940;235
32941;280
32942;170
32943;103
32944;260
32945;149
32946;235
32947;189
32948;133
32949;38
32950;210
32951;83
32952;166
32953;189
32954;189
32955;248
32956;210
32957;134
32958;228
32959;87
32960;134
32961;260
32962;189
32963;112
32964;60
32965;170
32966;71
32967;245
32968;260
32969;34
32970;38
32971;71
32972;294
32973;60
32974;202
32975;20
32976;148
32977;189
32978;59
32979;252
32980;245
32981;105
32982;115
32983;20
32984;71
32985;170
32986;170
32987;235
32988;98
32989;83
32990;228
32991;248
32992;157
32993;191
32994;189
32995;266
32996;238
32997;221
32998;87
32999;170
33000;48
33001;286
33002;189
33003;194
33004;38
33005;245
33006;235
33007;170
33008;66
33009;192
33010;149
33011;177
33012;228
33013;213
33014;81
33015;228
33016;37
33017;170
33018;189
33019;83
33020;114
33021;284
33022;228
33023;71
33024;11
33025;248
33026;260
33027;189
33028;166
33029;235
33030;208
33031;134
33032;209
33033;160
33034;202
33035;266
33036;7
33037;228
33038;242
33039;189
33040;71
33041;245
33042;166
33043;71
33044;20
33045;166
33046;170
33047;200
33048;200
33049;260
33050;137
33051;260
33052;189
33053;170
33054;285
33055;166
33056;189
33057;83
33058;133
33059;189
33060;243
33061;228
33062;243
33063;97
33064;235
33065;245
33066;189
33067;245
33068;120
33069;210
33070;170
33071;260
33072;254
33073;221
33074;243
33075;44
33076;228
33077;210
33078;218
33079;46
33080;134
33081;83
33082;200
33083;228
33084;212
33085;221
33086;278
33087;46
33088;66
33089;189
33090;189
33091;285
33092;260
33093;235
33094;166
33095;1
33096;260
33097;210
33098;156
33099;83
33100;149
33101;280
33102;210
33103;86
33104;228
33105;71
33106;210
33107;129
33108;37
33109;202
33110;-1
33111;128
33112;202
33113;1
33114;149
33115;278
33116;228
33117;112
33118;284
33119;294
33120;189
33121;71
33122;254
33123;76
33124;245
33125;156
33126;133
33127;1
33128;46
33129;286
33130;149
33131;177
33132;245
33133;44
33134;91
33135;149
33136;44
33137;170
33138;252
33139;114
33140;189
33141;243
33142;137
33143;189
33144;20
33145;228
33146;280
33147;20
33148;149
33149;212
33150;40
33151;228
33152;128
33153;166
33154;112
33155;21
33156;112
33157;228
33158;228
33159;133
33160;212
33161;245
33162;213
33163;-1
33164;260
33165;192
33166;66
33167;228
33168;166
33169;278
33170;235
33171;189
33172;166
33173;166
33174;170
33175;243
33176;254
33177;170
33178;166
33179;149
33180;145
33181;245
33182;210
33183;137
33184;189
33185;189
33186;166
33187;210
33188;20
33189;202
33190;102
33191;234
33192;87
33193;104
33194;20
33195;284
33196;228
33197;20
33198;134
33199;221
33200;8
33201;134
33202;126
33203;55
33204;228
33205;145
33206;189
33207;245
33208;260
33209;44
33210;170
33211;280
33212;210
33213;40
33214;249
33215;260
33216;71
33217;200
33218;248
33219;189
33220;71
33221;182
33222;40
33223;83
33224;18
33225;245
33226;133
33227;48
33228;137
33229;166
33230;235
33231;79
33232;189
33233;170
33234;166
33235;129
33236;53
33237;228
33238;294
33239;166
33240;71
33241;146
33242;112
33243;149
33244;228
33245;46
33246;228
33247;156
33248;44
33249;44
33250;170
33251;156
33252;134
33253;170
33254;238
33255;156
33256;210
33257;156
33258;134
33259;156
33260;149
33261;182
33262;156
33263;116
33264;149
33265;66
33266;166
33267;214
33268;71
33269;208
33270;288
33271;228
33272;210
33273;114
33274;231
33275;133
33276;137
33277;189
33278;1
33279;235
33280;8
33281;149
33282;243
33283;248
33284;192
33285;245
33286;235
33287;248
33288;59
33289;170
33290;235
33291;208
33292;170
33293;157
33294;183
33295;245
33296;210
33297;115
33298;44
33299;235
33300;248
33301;66
33302;156
33303;166
33304;210
33305;83
33306;231
33307;192
33308;71
33309;149
33310;248
33311;104
33312;248
33313;166
33314;170
33315;242
33316;200
33317;146
33318;189
33319;7
33320;112
33321;228
33322;10
33323;245
33324;91
33325;20
33326;160
33327;170
33328;157
33329;201
33330;133
33331;149
33332;189
33333;83
33334;137
33335;248
33336;159
33337;261
33338;156
33339;156
33340;156
33341;134
33342;208
33343;170
33344;202
33345;208
33346;228
33347;231
33348;166
33349;1
33350;62
33351;116
33352;213
33353;235
33354;140
33355;20
33356;14
33357;285
33358;134
33359;294
33360;108
33361;280
33362;248
33363;261
33364;166
33365;170
33366;46
33367;202
33368;183
33369;76
33370;228
33371;120
33372;48
33373;189
33374;60
33375;170
33376;279
33377;242
33378;102
33379;83
33380;170
33381;156
33382;192
33383;228
33384;156
33385;7
33386;261
33387;245
33388;248
33389;166
33390;183
33391;145
33392;189
33393;242
33394;182
33395;189
33396;189
33397;284
33398;14
33399;1
33400;260
33401;149
33402;38
33403;248
33404;87
33405;245
33406;228
33407;235
33408;210
33409;156
33410;76
33411;260
33412;189
33413;79
33414;71
33415;280
33416;166
33417;294
33418;83
33419;192
33420;44
33421;248
33422;189
33423;202
33424;7
33425;71
33426;7
33427;91
33428;189
33429;134
33430;235
33431;202
33432;189
33433;58
33434;71
33435;108
33436;170
33437;83
33438;170
33439;189
33440;198
33441;170
33442;189
33443;245
33444;237
33445;149
33446;156
33447;48
33448;243
33449;126
33450;145
33451;260
33452;210
33453;224
33454;157
33455;128
33456;44
33457;66
33458;44
33459;217
33460;208
33461;102
33462;183
33463;79
33464;71
33465;44
33466;221
33467;129
33468;228
33469;166
33470;72
33471;245
33472;134
33473;83
33474;218
33475;134
33476;71
33477;228
33478;129
33479;170
33480;149
33481;112
33482;182
33483;170
33484;34
33485;248
33486;156
33487;20
33488;210
33489;71
33490;40
33491;189
33492;280
33493;71
33494;260
33495;149
33496;210
33497;248
33498;126
33499;221
33500;170
33501;115
33502;189
33503;192
33504;149
33505;156
33506;189
33507;267
33508;189
33509;228
33510;252
33511;208
33512;166
33513;217
33514;267
33515;189
33516;265
33517;192
33518;166
33519;97
33520;83
33521;245
33522;260
33523;284
33524;44
33525;189
33526;134
33527;192
33528;224
33529;170
33530;170
33531;278
33532;294
33533;126
33534;245
33535;189
33536;102
33537;58
33538;210
33539;208
33540;149
33541;294
33542;243
33543;243
33544;294
33545;112
33546;221
33547;278
33548;242
33549;294
33550;226
33551;79
33552;242
33553;294
33554;160
33555;76
33556;254
33557;248
33558;59
33559;114
33560;210
33561;245
33562;245
33563;102
33564;83
33565;208
33566;177
33567;194
33568;202
33569;58
33570;189
33571;76
33572;252
33573;83
33574;37
33575;189
33576;160
33577;189
33578;156
33579;83
33580;34
33581;176
33582;18
33583;48
33584;166
33585;192
33586;177
33587;260
33588;189
33589;170
33590;128
33591;170
33592;156
33593;189
33594;128
33595;170
33596;260
33597;115
33598;221
33599;228
33600;210
33601;156
33602;170
33603;145
33604;149
33605;235
33606;114
33607;86
33608;220
33609;260
33610;145
33611;83
33612;83
33613;228
33614;170
33615;156
33616;1
33617;20
33618;83
33619;191
33620;228
33621;202
33622;166
33623;166
33624;189
33625;105
33626;294
33627;79
33628;208
33629;228
33630;156
33631;134
33632;76
33633;10
33634;156
33635;149
33636;285
33637;243
33638;156
33639;-1
33640;134
33641;83
33642;156
33643;278
33644;20
33645;156
33646;134
33647;234
33648;228
33649;71
33650;71
33651;213
33652;48
33653;261
33654;20
33655;228
33656;102
33657;248
33658;149
33659;189
33660;58
33661;189
33662;210
33663;189
33664;260
33665;170
33666;146
33667;102
33668;189
33669;166
33670;280
33671;44
33672;58
33673;294
33674;189
33675;294
33676;248
33677;252
33678;235
33679;242
33680;202
33681;235
33682;242
33683;286
33684;234
33685;238
33686;149
33687;192
33688;8
33689;60
33690;242
33691;134
33692;228
33693;189
33694;156
33695;245
33696;238
33697;58
33698;210
33699;149
33700;294
33701;278
33702;86
33703;149
33704;16
33705;83
33706;20
33707;189
33708;217
33709;242
33710;280
33711;112
33712;48
33713;235
33714;208
33715;189
33716;260
33717;260
33718;159
33719;221
33720;53
33721;243
33722;83
33723;202
33724;170
33725;20
33726;210
33727;137
33728;189
33729;146
33730;48
33731;134
33732;210
33733;48
33734;210
33735;224
33736;284
33737;108
33738;202
33739;170
33740;103
33741;20
33742;11
33743;228
33744;83
33745;66
33746;170
33747;243
33748;156
33749;202
33750;177
33751;166
33752;120
33753;149
33754;189
33755;170
33756;24
33757;261
33758;137
33759;60
33760;189
33761;8
33762;228
33763;62
33764;170
33765;177
33766;202
33767;83
33768;58
33769;245
33770;170
33771;166
33772;149
33773;145
33774;294
33775;81
33776;260
33777;189
33778;112
33779;189
33780;34
33781;267
33782;134
33783;159
33784;48
33785;60
33786;208
33787;115
33788;149
33789;38
33790;129
33791;294
33792;278
33793;294
33794;248
33795;48
33796;149
33797;79
33798;129
33799;189
33800;126
33801;210
33802;60
33803;149
33804;112
33805;59
33806;156
33807;189
33808;71
33809;137
33810;126
33811;160
33812;260
33813;242
33814;166
33815;112
33816;133
33817;166
33818;228
33819;294
33820;20
33821;261
33822;202
33823;102
33824;189
33825;157
33826;235
33827;189
33828;156
33829;189
33830;214
33831;166
33832;248
33833;261
33834;231
33835;60
33836;277
33837;189
33838;38
33839;60
33840;284
33841;170
33842;83
33843;20
33844;282
33845;44
33846;24
33847;134
33848;16
33849;34
33850;266
33851;226
33852;294
33853;58
33854;1
33855;14
33856;169
33857;133
33858;248
33859;221
33860;108
33861;48
33862;260
33863;189
33864;91
33865;86
33866;265
33867;149
33868;235
33869;133
33870;217
33871;112
33872;81
33873;48
33874;86
33875;228
33876;189
33877;71
33878;260
33879;170
33880;146
33881;192
33882;198
33883;166
33884;166
33885;294
33886;294
33887;91
33888;202
33889;288
33890;248
33891;149
33892;245
33893;146
33894;149
33895;228
33896;170
33897;170
33898;260
33899;145
33900;242
33901;248
33902;145
33903;18
33904;245
33905;166
33906;228
33907;285
33908;71
33909;260
33910;285
33911;66
33912;170
33913;134
33914;149
33915;87
33916;133
33917;105
33918;108
33919;145
33920;235
33921;170
33922;126
33923;231
33924;166
33925;166
33926;236
33927;272
33928;80
33929;228
33930;112
33931;202
33932;108
33933;189
33934;170
33935;79
33936;38
33937;137
33938;189
33939;156
33940;272
33941;166
33942;134
33943;14
33944;7
33945;166
33946;34
33947;71
33948;189
33949;1
33950;149
33951;254
33952;189
33953;91
33954;11
33955;202
33956;34
33957;166
33958;260
33959;81
33960;237
33961;44
33962;192
33963;166
33964;83
33965;156
33966;221
33967;285
33968;183
33969;243
33970;48
33971;40
33972;245
33973;260
33974;235
33975;261
33976;44
33977;149
33978;112
33979;66
33980;134
33981;44
33982;166
33983;60
33984;189
33985;260
33986;83
33987;103
33988;260
33989;71
33990;280
33991;149
33992;266
33993;156
33994;20
33995;228
33996;202
33997;36
33998;231
33999;96
34000;112
34001;166
34002;66
34003;66
34004;202
34005;235
34006;7
34007;260
34008;231
34009;237
34010;245
34011;71
34012;126
34013;149
34014;170
34015;213
34016;20
34017;235
34018;149
34019;177
34020;87
34021;210
34022;59
34023;226
34024;146
34025;189
34026;102
34027;166
34028;48
34029;137
34030;166
34031;280
34032;137
34033;66
34034;221
34035;189
34036;149
34037;202
34038;34
34039;128
34040;97
34041;149
34042;189
34043;25
34044;170
34045;261
34046;228
34047;228
34048;284
34049;243
34050;116
34051;189
34052;137
34053;261
34054;294
34055;210
34056;245
34057;91
34058;59
34059;114
34060;272
34061;261
34062;58
34063;177
34064;20
34065;71
34066;102
34067;200
34068;149
34069;44
34070;103
34071;252
34072;166
34073;192
34074;176
34075;20
34076;20
34077;83
34078;228
34079;60
34080;134
34081;288
34082;71
34083;87
34084;76
34085;103
34086;170
34087;228
34088;249
34089;170
34090;189
34091;71
34092;235
34093;137
34094;166
34095;102
34096;170
34097;280
34098;260
34099;170
34100;71
34101;146
34102;170
34103;36
34104;202
34105;245
34106;189
34107;248
34108;235
34109;166
34110;280
34111;243
34112;252
34113;134
34114;248
34115;242
34116;266
34117;210
34118;137
34119;134
34120;189
34121;83
34122;221
34123;284
34124;38
34125;60
34126;245
34127;170
34128;156
34129;208
34130;189
34131;40
34132;245
34133;245
34134;200
34135;170
34136;14
34137;20
34138;228
34139;189
34140;48
34141;228
34142;208
34143;228
34144;91
34145;210
34146;156
34147;170
34148;40
34149;71
34150;200
34151;166
34152;40
34153;40
34154;134
34155;221
34156;40
34157;277
34158;44
34159;189
34160;146
34161;189
34162;226
34163;24
34164;133
34165;59
34166;170
34167;284
34168;112
34169;166
34170;189
34171;83
34172;235
34173;248
34174;149
34175;238
34176;133
34177;166
34178;210
34179;112
34180;149
34181;189
34182;7
34183;285
34184;294
34185;260
34186;192
34187;16
34188;235
34189;97
34190;200
34191;260
34192;242
34193;134
34194;170
34195;198
34196;116
34197;260
34198;46
34199;44
34200;48
34201;157
34202;260
34203;149
34204;242
34205;134
34206;79
34207;114
34208;83
34209;134
34210;83
34211;189
34212;62
34213;200
34214;294
34215;228
34216;149
34217;272
34218;166
34219;66
34220;235
34221;102
34222;234
34223;285
34224;228
34225;166
34226;59
34227;170
34228;114
34229;140
34230;166
34231;51
34232;183
34233;157
34234;228
34235;149
34236;228
34237;160
34238;156
34239;243
34240;245
34241;40
34242;96
34243;189
34244;260
34245;14
34246;166
34247;71
34248;280
34249;34
34250;146
34251;66
34252;245
34253;235
34254;48
34255;237
34256;261
34257;265
34258;189
34259;202
34260;221
34261;202
34262;272
34263;133
34264;11
34265;242
34266;210
34267;189
34268;34
34269;243
34270;245
34271;224
34272;60
34273;156
34274;247
34275;38
34276;112
34277;146
34278;189
34279;134
34280;260
34281;156
34282;170
34283;83
34284;71
34285;243
34286;260
34287;294
34288;235
34289;156
34290;228
34291;248
34292;200
34293;235
34294;245
34295;294
34296;71
34297;189
34298;192
34299;213
34300;114
34301;149
34302;83
34303;183
34304;242
34305;66
34306;10
34307;87
34308;285
34309;202
34310;189
34311;134
34312;120
34313;278
34314;83
34315;166
34316;44
34317;254
34318;149
34319;31
34320;157
34321;108
34322;280
34323;252
34324;235
34325;1
34326;212
34327;148
34328;189
34329;235
34330;115
34331;170
34332;166
34333;228
34334;133
34335;86
34336;245
34337;166
34338;149
34339;248
34340;139
34341;137
34342;252
34343;166
34344;156
34345;87
34346;228
34347;260
34348;228
34349;189
34350;235
34351;245
34352;156
34353;86
34354;38
34355;235
34356;83
34357;228
34358;149
34359;87
34360;128
34361;105
34362;202
34363;34
34364;294
34365;71
34366;105
34367;248
34368;166
34369;10
34370;156
34371;235
34372;228
34373;182
34374;189
34375;114
34376;189
34377;83
34378;48
34379;189
34380;149
34381;202
34382;210
34383;248
34384;156
34385;254
34386;217
34387;71
34388;87
34389;14
34390;235
34391;156
34392;260
34393;189
34394;134
34395;243
34396;189
34397;134
34398;228
34399;272
34400;71
34401;34
34402;221
34403;166
34404;189
34405;235
34406;189
34407;133
34408;20
34409;87
34410;202
34411;60
34412;166
34413;91
34414;149
34415;166
34416;189
34417;58
34418;280
34419;87
34420;170
34421;189
34422;16
34423;189
34424;266
34425;228
34426;210
34427;166
34428;146
34429;149
34430;51
34431;210
34432;202
34433;10
34434;228
34435;46
34436;236
34437;128
34438;166
34439;260
34440;189
34441;189
34442;224
34443;149
34444;146
34445;71
34446;245
34447;91
34448;218
34449;189
34450;189
34451;66
34452;202
34453;149
34454;265
34455;284
34456;189
34457;166
34458;134
34459;221
34460;202
34461;148
34462;250
34463;81
34464;226
34465;245
34466;134
34467;228
34468;83
34469;210
34470;20
34471;170
34472;128
34473;1
34474;166
34475;217
34476;278
34477;192
34478;44
34479;248
34480;237
34481;228
34482;189
34483;149
34484;294
34485;235
34486;170
34487;24
34488;189
34489;116
34490;156
34491;102
34492;210
34493;266
34494;1
34495;170
34496;192
34497;284
34498;146
34499;71
34500;145
34501;149
34502;156
34503;48
34504;183
34505;83
34506;134
34507;189
34508;-1
34509;192
34510;83
34511;278
34512;60
34513;91
34514;14
34515;7
34516;71
34517;284
34518;83
34519;272
34520;210
34521;266
34522;103
34523;156
34524;280
34525;260
34526;170
34527;156
34528;285
34529;108
34530;260
34531;202
34532;86
34533;210
34534;192
34535;235
34536;280
34537;177
34538;120
34539;245
34540;202
34541;183
34542;66
34543;112
34544;208
34545;278
34546;243
34547;189
34548;166
34549;189
34550;228
34551;189
34552;83
34553;260
34554;277
34555;156
34556;76
34557;237
34558;294
34559;34
34560;156
34561;102
34562;126
34563;137
34564;228
34565;243
34566;104
34567;149
34568;170
34569;170
34570;243
34571;192
34572;189
34573;66
34574;235
34575;83
34576;248
34577;284
34578;210
34579;192
34580;166
34581;44
34582;189
34583;260
34584;14
34585;128
34586;44
34587;260
34588;60
34589;260
34590;189
34591;213
34592;228
34593;83
34594;245
34595;200
34596;83
34597;235
34598;280
34599;166
34600;170
34601;235
34602;202
34603;149
34604;140
34605;228
34606;79
34607;87
34608;71
34609;212
34610;210
34611;44
34612;44
34613;235
34614;260
34615;20
34616;191
34617;134
34618;235
34619;245
34620;228
34621;159
34622;7
34623;228
34624;156
34625;170
34626;245
34627;159
34628;83
34629;156
34630;243
34631;-1
34632;134
34633;149
34634;260
34635;166
34636;20
34637;20
34638;182
34639;71
34640;228
34641;170
34642;20
34643;192
34644;228
34645;284
34646;189
34647;282
34648;176
34649;83
34650;260
34651;166
34652;156
34653;189
34654;260
34655;189
34656;243
34657;170
34658;83
34659;170
34660;260
34661;237
34662;210
34663;48
34664;126
34665;86
34666;238
34667;228
34668;183
34669;221
34670;242
34671;133
34672;228
34673;252
34674;148
34675;58
34676;71
34677;149
34678;189
34679;245
34680;235
34681;83
34682;243
34683;189
34684;248
34685;243
34686;112
34687;210
34688;242
34689;133
34690;189
34691;160
34692;252
34693;134
34694;228
34695;243
34696;280
34697;114
34698;189
34699;210
34700;242
34701;260
34702;71
34703;71
34704;60
34705;228
34706;248
34707;243
34708;286
34709;228
34710;87
34711;20
34712;189
34713;189
34714;170
34715;208
34716;148
34717;53
34718;134
34719;105
34720;170
34721;133
34722;221
34723;189
34724;160
34725;248
34726;48
34727;71
34728;252
34729;228
34730;170
34731;170
34732;242
34733;170
34734;46
34735;170
34736;189
34737;44
34738;149
34739;71
34740;261
34741;134
34742;260
34743;134
34744;189
34745;183
34746;228
34747;226
34748;137
34749;224
34750;245
34751;96
34752;166
34753;71
34754;228
34755;38
34756;202
34757;228
34758;170
34759;218
34760;166
34761;189
34762;236
34763;189
34764;86
34765;189
34766;285
34767;71
34768;149
34769;221
34770;140
34771;86
34772;133
34773;260
34774;114
34775;210
34776;114
34777;294
34778;248
34779;252
34780;134
34781;183
34782;134
34783;279
34784;210
34785;189
34786;149
34787;260
34788;183
34789;189
34790;40
34791;156
34792;137
34793;160
34794;221
34795;128
34796;71
34797;248
34798;146
34799;245
34800;228
34801;83
34802;146
34803;166
34804;149
34805;83
34806;137
34807;247
34808;166
34809;245
34810;166
34811;189
34812;277
34813;156
34814;221
34815;60
34816;200
34817;73
34818;277
34819;112
34820;34
34821;282
34822;183
34823;170
34824;235
34825;261
34826;235
34827;202
34828;278
34829;149
34830;86
34831;102
34832;14
34833;245
34834;235
34835;280
34836;170
34837;170
34838;252
34839;218
34840;112
34841;224
34842;224
34843;149
34844;294
34845;160
34846;81
34847;248
34848;214
34849;48
34850;149
34851;245
34852;146
34853;228
34854;83
34855;189
34856;166
34857;102
34858;189
34859;166
34860;183
34861;166
34862;272
34863;189
34864;48
34865;1
34866;189
34867;134
34868;228
34869;228
34870;164
34871;59
34872;170
34873;170
34874;210
34875;145
34876;242
34877;60
34878;243
34879;166
34880;260
34881;285
34882;220
34883;87
34884;71
34885;20
34886;133
34887;170
34888;263
34889;192
34890;260
34891;20
34892;166
34893;220
34894;248
34895;228
34896;245
34897;192
34898;210
34899;38
34900;189
34901;80
34902;260
34903;183
34904;170
34905;260
34906;79
34907;83
34908;87
34909;285
34910;53
34911;189
34912;189
34913;34
34914;248
34915;263
34916;137
34917;149
34918;38
34919;96
34920;149
34921;71
34922;71
34923;170
34924;208
34925;166
34926;96
34927;228
34928;71
34929;208
34930;112
34931;192
34932;260
34933;189
34934;108
34935;166
34936;238
34937;210
34938;294
34939;202
34940;279
34941;160
34942;157
34943;156
34944;261
34945;235
34946;149
34947;140
34948;189
34949;228
34950;116
34951;146
34952;189
34953;248
34954;149
34955;149
34956;260
34957;189
34958;112
34959;237
34960;228
34961;76
34962;245
34963;183
34964;189
34965;183
34966;36
34967;235
34968;21
34969;48
34970;91
34971;71
34972;146
34973;228
34974;149
34975;198
34976;237
34977;149
34978;260
34979;156
34980;237
34981;228
34982;189
34983;189
34984;149
34985;149
34986;221
34987;284
34988;260
34989;166
34990;280
34991;149
34992;102
34993;34
34994;260
34995;66
34996;133
34997;166
34998;213
34999;260
35000;128
35001;149
35002;189
35003;137
35004;261
35005;224
35006;198
35007;46
35008;228
35009;146
35010;228
35011;59
35012;243
35013;157
35014;235
35015;166
35016;177
35017;235
35018;285
35019;20
35020;20
35021;235
35022;228
35023;146
35024;228
35025;71
35026;189
35027;146
35028;83
35029;280
35030;137
35031;166
35032;228
35033;128
35034;116
35035;213
35036;156
35037;66
35038;189
35039;91
35040;166
35041;221
35042;157
35043;170
35044;71
35045;243
35046;149
35047;149
35048;66
35049;235
35050;228
35051;177
35052;280
35053;284
35054;189
35055;149
35056;20
35057;245
35058;242
35059;112
35060;266
35061;245
35062;242
35063;252
35064;272
35065;286
35066;189
35067;235
35068;278
35069;21
35070;277
35071;170
35072;76
35073;228
35074;285
35075;46
35076;245
35077;60
35078;294
35079;44
35080;228
35081;210
35082;189
35083;48
35084;242
35085;91
35086;228
35087;248
35088;272
35089;102
35090;60
35091;166
35092;48
35093;235
35094;102
35095;170
35096;170
35097;83
35098;83
35099;166
35100;288
35101;71
35102;243
35103;166
35104;48
35105;228
35106;210
35107;24
35108;133
35109;102
35110;245
35111;224
35112;235
35113;148
35114;71
35115;149
35116;103
35117;252
35118;210
35119;242
35120;140
35121;245
35122;260
35123;44
35124;103
35125;217
35126;260
35127;228
35128;228
35129;189
35130;235
35131;189
35132;120
35133;189
35134;60
35135;260
35136;238
35137;128
35138;208
35139;166
35140;149
35141;112
35142;128
35143;14
35144;166
35145;235
35146;72
35147;260
35148;71
35149;189
35150;235
35151;220
35152;120
35153;248
35154;166
35155;213
35156;235
35157;189
35158;208
35159;261
35160;189
35161;170
35162;112
35163;140
35164;166
35165;53
35166;20
35167;200
35168;156
35169;145
35170;149
35171;243
35172;91
35173;192
35174;260
35175;202
35176;114
35177;156
35178;228
35179;260
35180;156
35181;260
35182;245
35183;210
35184;48
35185;48
35186;40
35187;182
35188;250
35189;166
35190;242
35191;189
35192;202
35193;170
35194;260
35195;294
35196;166
35197;129
35198;189
35199;1
35200;134
35201;170
35202;228
35203;202
35204;71
35205;247
35206;166
35207;48
35208;146
35209;134
35210;170
35211;24
35212;272
35213;83
35214;170
35215;252
35216;139
35217;260
35218;248
35219;166
35220;243
35221;51
35222;245
35223;260
35224;189
35225;71
35226;202
35227;235
35228;145
35229;189
35230;189
35231;189
35232;126
35233;149
35234;189
35235;189
35236;261
35237;149
35238;145
35239;124
35240;192
35241;114
35242;260
35243;14
35244;189
35245;157
35246;103
35247;210
35248;46
35249;288
35250;166
35251;166
35252;228
35253;242
35254;166
35255;170
35256;59
35257;201
35258;112
35259;248
35260;166
35261;228
35262;59
35263;254
35264;254
35265;245
35266;46
35267;220
35268;126
35269;170
35270;248
35271;83
35272;256
35273;156
35274;177
35275;170
35276;177
35277;105
35278;228
35279;235
35280;149
35281;48
35282;83
35283;1
35284;156
35285;238
35286;166
35287;114
35288;189
35289;79
35290;192
35291;226
35292;228
35293;201
35294;294
35295;48
35296;87
35297;280
35298;189
35299;284
35300;228
35301;202
35302;149
35303;260
35304;272
35305;170
35306;235
35307;48
35308;245
35309;170
35310;189
35311;149
35312;149
35313;189
35314;177
35315;66
35316;224
35317;210
35318;170
35319;166
35320;256
35321;145
35322;235
35323;71
35324;261
35325;228
35326;221
35327;91
35328;102
35329;139
35330;261
35331;71
35332;126
35333;51
35334;260
35335;58
35336;236
35337;284
35338;210
35339;209
35340;91
35341;278
35342;115
35343;189
35344;189
35345;91
35346;83
35347;170
35348;140
35349;238
35350;170
35351;201
35352;156
35353;189
35354;149
35355;210
35356;248
35357;170
35358;284
35359;235
35360;183
35361;166
35362;146
35363;248
35364;38
35365;166
35366;221
35367;37
35368;280
35369;214
35370;210
35371;235
35372;235
35373;83
35374;224
35375;189
35376;210
35377;231
35378;83
35379;243
35380;44
35381;96
35382;248
35383;170
35384;210
35385;115
35386;237
35387;170
35388;294
35389;260
35390;217
35391;210
35392;140
35393;200
35394;189
35395;200
35396;170
35397;48
35398;160
35399;237
35400;189
35401;228
35402;248
35403;83
35404;237
35405;260
35406;24
35407;166
35408;210
35409;284
35410;8
35411;200
35412;156
35413;280
35414;189
35415;170
35416;294
35417;210
35418;228
35419;114
35420;170
35421;137
35422;133
35423;48
35424;31
35425;210
35426;245
35427;71
35428;236
35429;40
35430;280
35431;83
35432;226
35433;166
35434;112
35435;146
35436;134
35437;87
35438;228
35439;242
35440;228
35441;149
35442;170
35443;83
35444;201
35445;260
35446;228
35447;252
35448;237
35449;38
35450;200
35451;115
35452;189
35453;231
35454;134
35455;294
35456;34
35457;134
35458;115
35459;140
35460;261
35461;83
35462;103
35463;104
35464;189
35465;83
35466;166
35467;71
35468;237
35469;248
35470;210
35471;134
35472;166
35473;59
35474;105
35475;287
35476;294
35477;21
35478;170
35479;16
35480;235
35481;210
35482;228
35483;176
35484;83
35485;22
35486;210
35487;160
35488;170
35489;260
35490;228
35491;166
35492;252
35493;48
35494;170
35495;116
35496;20
35497;170
35498;133
35499;46
35500;202
35501;149
35502;102
35503;14
35504;134
35505;284
35506;189
35507;242
35508;137
35509;79
35510;235
35511;1
35512;34
35513;149
35514;18
35515;46
35516;208
35517;170
35518;260
35519;20
35520;20
35521;44
35522;134
35523;228
35524;146
35525;288
35526;189
35527;91
35528;76
35529;266
35530;294
35531;149
35532;202
35533;104
35534;189
35535;235
35536;59
35537;166
35538;170
35539;170
35540;221
35541;189
35542;228
35543;228
35544;20
35545;189
35546;189
35547;294
35548;156
35549;189
35550;76
35551;156
35552;189
35553;245
35554;60
35555;115
35556;237
35557;86
35558;60
35559;51
35560;189
35561;34
35562;245
35563;134
35564;170
35565;182
35566;228
35567;112
35568;160
35569;51
35570;221
35571;245
35572;71
35573;170
35574;18
35575;160
35576;62
35577;228
35578;115
35579;260
35580;1
35581;166
35582;217
35583;189
35584;114
35585;202
35586;210
35587;108
35588;71
35589;228
35590;166
35591;228
35592;183
35593;235
35594;189
35595;286
35596;71
35597;280
35598;189
35599;202
35600;267
35601;243
35602;170
35603;156
35604;260
35605;210
35606;226
35607;91
35608;245
35609;235
35610;166
35611;40
35612;280
35613;44
35614;210
35615;189
35616;254
35617;228
35618;284
35619;44
35620;146
35621;235
35622;201
35623;149
35624;228
35625;265
35626;285
35627;83
35628;189
35629;1
35630;213
35631;228
35632;44
35633;213
35634;46
35635;189
35636;145
35637;208
35638;228
35639;166
35640;20
35641;134
35642;210
35643;189
35644;102
35645;10
35646;245
35647;166
35648;213
35649;18
35650;260
35651;224
35652;182
35653;213
35654;170
35655;170
35656;170
35657;228
35658;76
35659;149
35660;228
35661;278
35662;235
35663;-1
35664;38
35665;237
35666;87
35667;235
35668;166
35669;34
35670;243
35671;189
35672;166
35673;208
35674;102
35675;34
35676;260
35677;278
35678;260
35679;176
35680;18
35681;192
35682;254
35683;83
35684;20
35685;235
35686;76
35687;156
35688;235
35689;252
35690;149
35691;177
35692;134
35693;149
35694;210
35695;192
35696;260
35697;133
35698;214
35699;235
35700;40
35701;192
35702;192
35703;260
35704;128
35705;252
35706;245
35707;288
35708;170
35709;200
35710;146
35711;48
35712;260
35713;83
35714;235
35715;83
35716;260
35717;248
35718;294
35719;166
35720;14
35721;294
35722;294
35723;210
35724;231
35725;228
35726;189
35727;156
35728;133
35729;284
35730;157
35731;48
35732;149
35733;170
35734;235
35735;145
35736;245
35737;280
35738;14
35739;210
35740;134
35741;260
35742;208
35743;245
35744;170
35745;189
35746;234
35747;213
35748;20
35749;254
35750;104
35751;228
35752;254
35753;59
35754;166
35755;112
35756;248
35757;24
35758;71
35759;170
35760;284
35761;76
35762;149
35763;294
35764;228
35765;146
35766;145
35767;71
35768;245
35769;149
35770;149
35771;210
35772;189
35773;170
35774;149
35775;21
35776;166
35777;71
35778;210
35779;134
35780;260
35781;235
35782;76
35783;105
35784;235
35785;16
35786;108
35787;228
35788;228
35789;71
35790;245
35791;156
35792;294
35793;213
35794;237
35795;112
35796;102
35797;102
35798;170
35799;137
35800;166
35801;83
35802;210
35803;81
35804;128
35805;252
35806;242
35807;228
35808;86
35809;87
35810;242
35811;66
35812;228
35813;24
35814;71
35815;189
35816;237
35817;228
35818;129
35819;189
35820;48
35821;245
35822;170
35823;137
35824;133
35825;44
35826;20
35827;228
35828;192
35829;166
35830;83
35831;129
35832;234
35833;198
35834;170
35835;83
35836;83
35837;228
35838;71
35839;96
35840;210
35841;166
35842;248
35843;228
35844;44
35845;169
35846;83
35847;231
35848;114
35849;228
35850;133
35851;202
35852;226
35853;189
35854;261
35855;198
35856;149
35857;20
35858;149
35859;87
35860;235
35861;116
35862;236
35863;260
35864;44
35865;248
35866;260
35867;149
35868;126
35869;149
35870;189
35871;256
35872;105
35873;208
35874;87
35875;189
35876;288
35877;71
35878;285
35879;20
35880;189
35881;189
35882;170
35883;242
35884;228
35885;183
35886;156
35887;217
35888;83
35889;235
35890;71
35891;228
35892;128
35893;166
35894;16
35895;248
35896;198
35897;235
35898;145
35899;149
35900;248
35901;183
35902;157
35903;71
35904;228
35905;166
35906;14
35907;235
35908;160
35909;201
35910;48
35911;279
35912;260
35913;235
35914;149
35915;137
35916;134
35917;260
35918;166
35919;176
35920;235
35921;137
35922;189
35923;156
35924;198
35925;108
35926;156
35927;16
35928;234
35929;189
35930;145
35931;59
35932;189
35933;38
35934;189
35935;285
35936;260
35937;157
35938;260
35939;44
35940;44
35941;189
35942;226
35943;261
35944;228
35945;248
35946;137
35947;261
35948;156
35949;146
35950;1
35951;140
35952;1
35953;202
35954;202
35955;149
35956;134
35957;242
35958;248
35959;170
35960;235
35961;247
35962;137
35963;202
35964;105
35965;91
35966;44
35967;145
35968;105
35969;134
35970;248
35971;157
35972;287
35973;104
35974;242
35975;170
35976;189
35977;228
35978;242
35979;83
35980;235
35981;210
35982;170
35983;189
35984;183
35985;166
35986;71
35987;189
35988;66
35989;44
35990;102
35991;87
35992;128
35993;102
35994;208
35995;112
35996;183
35997;170
35998;71
35999;248
36000;252
36001;166
36002;48
36003;260
36004;83
36005;108
36006;1
36007;183
36008;22
36009;156
36010;285
36011;242
36012;114
36013;228
36014;228
36015;189
36016;102
36017;170
36018;166
36019;252
36020;20
36021;284
36022;242
36023;217
36024;192
36025;166
36026;260
36027;248
36028;235
36029;149
36030;7
36031;1
36032;294
36033;280
36034;166
36035;278
36036;265
36037;14
36038;198
36039;103
36040;189
36041;294
36042;189
36043;166
36044;245
36045;103
36046;48
36047;112
36048;217
36049;189
36050;115
36051;170
36052;252
36053;294
36054;18
36055;256
36056;210
36057;285
36058;182
36059;260
36060;202
36061;170
36062;280
36063;40
36064;59
36065;189
36066;189
36067;237
36068;284
36069;156
36070;102
36071;228
36072;149
36073;248
36074;250
36075;34
36076;218
36077;133
36078;248
36079;189
36080;149
36081;34
36082;71
36083;248
36084;221
36085;60
36086;217
36087;285
36088;166
36089;261
36090;102
36091;202
36092;189
36093;294
36094;280
36095;213
36096;170
36097;235
36098;137
36099;210
36100;245
36101;182
36102;83
36103;248
36104;238
36105;156
36106;260
36107;22
36108;83
36109;156
36110;114
36111;146
36112;160
36113;48
36114;280
36115;1
36116;149
36117;166
36118;189
36119;280
36120;137
36121;166
36122;182
36123;134
36124;189
36125;237
36126;103
36127;170
36128;210
36129;134
36130;156
36131;59
36132;212
36133;267
36134;149
36135;100
36136;248
36137;34
36138;260
36139;202
36140;18
36141;83
36142;149
36143;284
36144;266
36145;166
36146;149
36147;260
36148;60
36149;170
36150;156
36151;294
36152;237
36153;133
36154;279
36155;260
36156;166
36157;189
36158;189
36159;248
36160;120
36161;145
36162;112
36163;145
36164;261
36165;62
36166;145
36167;48
36168;108
36169;40
36170;220
36171;248
36172;288
36173;176
36174;140
36175;210
36176;192
36177;71
36178;166
36179;83
36180;156
36181;294
36182;60
36183;62
36184;243
36185;280
36186;128
36187;128
36188;189
36189;48
36190;189
36191;128
36192;189
36193;170
36194;97
36195;189
36196;248
36197;59
36198;115
36199;254
36200;166
36201;98
36202;192
36203;260
36204;189
36205;208
36206;192
36207;189
36208;83
36209;235
36210;228
36211;189
36212;115
36213;120
36214;170
36215;166
36216;252
36217;166
36218;126
36219;243
36220;177
36221;86
36222;149
36223;149
36224;156
36225;202
36226;170
36227;210
36228;202
36229;214
36230;170
36231;24
36232;8
36233;115
36234;79
36235;228
36236;59
36237;189
36238;91
36239;202
36240;48
36241;245
36242;260
36243;149
36244;149
36245;157
36246;58
36247;156
36248;156
36249;83
36250;228
36251;112
36252;149
36253;235
36254;133
36255;134
36256;112
36257;48
36258;112
36259;242
36260;224
36261;201
36262;228
36263;228
36264;149
36265;189
36266;218
36267;202
36268;145
36269;124
36270;226
36271;228
36272;214
36273;-1
36274;149
36275;146
36276;235
36277;192
36278;71
36279;134
36280;189
36281;83
36282;294
36283;210
36284;248
36285;278
36286;83
36287;137
36288;189
36289;1
36290;286
36291;166
36292;243
36293;11
36294;7
36295;235
36296;170
36297;170
36298;166
36299;140
36300;60
36301;189
36302;115
36303;248
36304;46
36305;115
36306;170
36307;156
36308;177
36309;170
36310;134
36311;83
36312;248
36313;149
36314;44
36315;128
36316;71
36317;86
36318;166
36319;105
36320;133
36321;217
36322;166
36323;126
36324;278
36325;277
36326;189
36327;71
36328;46
36329;235
36330;18
36331;242
36332;83
36333;20
36334;189
36335;260
36336;189
36337;48
36338;217
36339;108
36340;288
36341;159
36342;260
36343;59
36344;53
36345;116
36346;38
36347;248
36348;170
36349;170
36350;170
36351;44
36352;243
36353;235
36354;60
36355;294
36356;189
36357;221
36358;149
36359;261
36360;202
36361;189
36362;189
36363;8
36364;189
36365;228
36366;1
36367;170
36368;11
36369;294
36370;116
36371;146
36372;166
36373;245
36374;260
36375;166
36376;120
36377;286
36378;235
36379;192
36380;189
36381;24
36382;170
36383;166
36384;284
36385;8
36386;149
36387;248
36388;83
36389;169
36390;242
36391;4
36392;126
36393;59
36394;210
36395;260
36396;34
36397;294
36398;170
36399;166
36400;228
36401;226
36402;189
36403;228
36404;208
36405;157
36406;261
36407;245
36408;166
36409;146
36410;112
36411;44
36412;83
36413;252
36414;87
36415;228
36416;112
36417;170
36418;134
36419;210
36420;261
36421;280
36422;260
36423;71
36424;166
36425;285
36426;202
36427;220
36428;189
36429;145
36430;140
36431;189
36432;71
36433;46
36434;189
36435;34
36436;145
36437;160
36438;238
36439;71
36440;166
36441;252
36442;58
36443;134
36444;217
36445;189
36446;137
36447;248
36448;157
36449;220
36450;287
36451;166
36452;294
36453;149
36454;134
36455;83
36456;228
36457;280
36458;170
36459;260
36460;228
36461;284
36462;156
36463;149
36464;282
36465;83
36466;44
36467;235
36468;235
36469;260
36470;256
36471;235
36472;228
36473;202
36474;166
36475;226
36476;10
36477;156
36478;146
36479;245
36480;166
36481;149
36482;235
36483;1
36484;84
36485;177
36486;170
36487;235
36488;235
36489;20
36490;149
36491;266
36492;208
36493;170
36494;48
36495;48
36496;48
36497;217
36498;226
36499;83
36500;166
36501;228
36502;256
36503;217
36504;280
36505;7
36506;112
36507;228
36508;40
36509;279
36510;149
36511;228
36512;166
36513;134
36514;260
36515;156
36516;182
36517;189
36518;134
36519;140
36520;279
36521;34
36522;14
36523;170
36524;157
36525;156
36526;228
36527;20
36528;189
36529;235
36530;243
36531;170
36532;149
36533;76
36534;24
36535;189
36536;177
36537;108
36538;252
36539;210
36540;260
36541;189
36542;220
36543;260
36544;44
36545;182
36546;252
36547;166
36548;166
36549;166
36550;228
36551;218
36552;71
36553;228
36554;156
36555;280
36556;183
36557;260
36558;71
36559;134
36560;137
36561;83
36562;96
36563;220
36564;114
36565;189
36566;83
36567;235
36568;217
36569;71
36570;237
36571;48
36572;254
36573;120
36574;280
36575;20
36576;87
36577;71
36578;228
36579;71
36580;34
36581;7
36582;20
36583;40
36584;277
36585;288
36586;210
36587;126
36588;243
36589;228
36590;166
36591;221
36592;210
36593;71
36594;210
36595;137
36596;235
36597;192
36598;60
36599;134
36600;228
36601;189
36602;235
36603;228
36604;284
36605;103
36606;103
36607;86
36608;60
36609;277
36610;20
36611;200
36612;277
36613;1
36614;192
36615;96
36616;170
36617;134
36618;228
36619;166
36620;208
36621;189
36622;228
36623;112
36624;20
36625;20
36626;149
36627;59
36628;235
36629;210
36630;249
36631;228
36632;248
36633;170
36634;166
36635;160
36636;133
36637;149
36638;242
36639;265
36640;189
36641;235
36642;245
36643;228
36644;261
36645;83
36646;237
36647;20
36648;60
36649;156
36650;224
36651;76
36652;272
36653;149
36654;260
36655;134
36656;217
36657;91
36658;210
36659;108
36660;285
36661;254
36662;156
36663;260
36664;60
36665;83
36666;260
36667;189
36668;145
36669;210
36670;170
36671;235
36672;252
36673;189
36674;20
36675;191
36676;228
36677;284
36678;59
36679;202
36680;156
36681;235
36682;71
36683;170
36684;166
36685;128
36686;189
36687;166
36688;245
36689;242
36690;170
36691;166
36692;83
36693;133
36694;256
36695;83
36696;245
36697;137
36698;254
36699;59
36700;228
36701;170
36702;248
36703;66
36704;210
36705;284
36706;272
36707;116
36708;149
36709;189
36710;102
36711;183
36712;149
36713;228
36714;189
36715;217
36716;228
36717;156
36718;159
36719;86
36720;16
36721;108
36722;83
36723;245
36724;284
36725;280
36726;265
36727;18
36728;166
36729;102
36730;170
36731;192
36732;134
36733;277
36734;134
36735;83
36736;81
36737;83
36738;128
36739;202
36740;210
36741;83
36742;212
36743;226
36744;20
36745;170
36746;285
36747;228
36748;242
36749;248
36750;66
36751;112
36752;170
36753;166
36754;260
36755;252
36756;83
36757;38
36758;40
36759;260
36760;103
36761;208
36762;235
36763;280
36764;112
36765;192
36766;228
36767;166
36768;166
36769;129
36770;288
36771;149
36772;228
36773;83
36774;189
36775;228
36776;189
36777;166
36778;159
36779;170
36780;34
36781;48
36782;213
36783;218
36784;166
36785;177
36786;160
36787;189
36788;134
36789;210
36790;226
36791;243
36792;228
36793;62
36794;14
36795;260
36796;20
36797;280
36798;137
36799;252
36800;170
36801;248
36802;149
36803;66
36804;120
36805;71
36806;248
36807;149
36808;217
36809;285
36810;166
36811;260
36812;277
36813;260
36814;212
36815;83
36816;105
36817;235
36818;71
36819;189
36820;189
36821;87
36822;260
36823;14
36824;214
36825;71
36826;235
36827;83
36828;156
36829;146
36830;228
36831;87
36832;235
36833;294
36834;44
36835;182
36836;213
36837;146
36838;134
36839;235
36840;108
36841;189
36842;189
36843;294
36844;248
36845;73
36846;245
36847;228
36848;159
36849;91
36850;260
36851;1
36852;166
36853;146
36854;146
36855;166
36856;102
36857;71
36858;228
36859;156
36860;60
36861;137
36862;60
36863;134
36864;160
36865;37
36866;133
36867;134
36868;189
36869;235
36870;137
36871;260
36872;210
36873;221
36874;126
36875;189
36876;294
36877;214
36878;71
36879;260
36880;44
36881;20
36882;189
36883;134
36884;183
36885;146
36886;228
36887;260
36888;166
36889;243
36890;242
36891;83
36892;83
36893;87
36894;248
36895;288
36896;140
36897;1
36898;254
36899;166
36900;228
36901;170
36902;133
36903;149
36904;71
36905;112
36906;22
36907;189
36908;248
36909;208
36910;277
36911;228
36912;44
36913;149
36914;157
36915;243
36916;252
36917;20
36918;248
36919;87
36920;210
36921;87
36922;177
36923;134
36924;280
36925;189
36926;170
36927;284
36928;235
36929;189
36930;210
36931;243
36932;83
36933;134
36934;59
36935;83
36936;189
36937;228
36938;159
36939;102
36940;228
36941;128
36942;237
36943;228
36944;156
36945;228
36946;228
36947;209
36948;170
36949;183
36950;81
36951;149
36952;157
36953;71
36954;228
36955;183
36956;166
36957;102
36958;102
36959;83
36960;294
36961;183
36962;22
36963;280
36964;285
36965;149
36966;91
36967;71
36968;294
36969;294
36970;237
36971;189
36972;189
36973;148
36974;192
36975;250
36976;170
36977;166
36978;261
36979;55
36980;44
36981;83
36982;145
36983;134
36984;103
36985;248
36986;210
36987;285
36988;149
36989;86
36990;40
36991;189
36992;243
36993;133
36994;34
36995;213
36996;208
36997;266
36998;243
36999;1
37000;83
37001;189
37002;83
37003;213
37004;236
37005;166
37006;166
37007;83
37008;18
37009;51
37010;231
37011;146
37012;71
37013;202
37014;228
37015;198
37016;157
37017;128
37018;210
37019;294
37020;183
37021;221
37022;282
37023;202
37024;237
37025;170
37026;156
37027;20
37028;202
37029;149
37030;60
37031;235
37032;148
37033;248
37034;250
37035;260
37036;66
37037;166
37038;79
37039;235
37040;189
37041;71
37042;149
37043;170
37044;102
37045;44
37046;189
37047;76
37048;48
37049;-1
37050;189
37051;149
37052;208
37053;228
37054;170
37055;156
37056;189
37057;245
37058;294
37059;71
37060;217
37061;149
37062;261
37063;243
37064;62
37065;213
37066;31
37067;48
37068;170
37069;60
37070;134
37071;189
37072;252
37073;83
37074;145
37075;248
37076;260
37077;79
37078;83
37079;272
37080;228
37081;189
37082;260
37083;160
37084;166
37085;189
37086;166
37087;139
37088;102
37089;170
37090;1
37091;166
37092;170
37093;182
37094;134
37095;260
37096;260
37097;133
37098;189
37099;128
37100;140
37101;44
37102;87
37103;170
37104;20
37105;245
37106;284
37107;245
37108;83
37109;149
37110;284
37111;116
37112;202
37113;112
37114;156
37115;189
37116;189
37117;209
37118;220
37119;192
37120;228
37121;18
37122;235
37123;183
37124;260
37125;263
37126;156
37127;252
37128;166
37129;145
37130;189
37131;55
37132;34
37133;220
37134;294
37135;20
37136;159
37137;294
37138;149
37139;285
37140;176
37141;170
37142;192
37143;62
37144;83
37145;44
37146;294
37147;220
37148;60
37149;248
37150;83
37151;210
37152;218
37153;192
37154;170
37155;294
37156;83
37157;156
37158;210
37159;228
37160;20
37161;126
37162;62
37163;166
37164;71
37165;128
37166;189
37167;245
37168;53
37169;71
37170;97
37171;189
37172;170
37173;20
37174;166
37175;280
37176;91
37177;245
37178;228
37179;149
37180;189
37181;140
37182;60
37183;120
37184;228
37185;192
37186;224
37187;260
37188;120
37189;115
37190;156
37191;124
37192;86
37193;260
37194;228
37195;245
37196;71
37197;208
37198;159
37199;189
37200;44
37201;272
37202;59
37203;108
37204;226
37205;157
37206;134
37207;294
37208;83
37209;44
37210;248
37211;149
37212;34
37213;18
37214;156
37215;18
37216;166
37217;133
37218;145
37219;40
37220;242
37221;210
37222;149
37223;242
37224;20
37225;112
37226;20
37227;129
37228;260
37229;260
37230;58
37231;145
37232;245
37233;228
37234;170
37235;79
37236;149
37237;129
37238;192
37239;201
37240;228
37241;160
37242;83
37243;71
37244;189
37245;277
37246;260
37247;220
37248;145
37249;44
37250;170
37251;76
37252;235
37253;189
37254;112
37255;166
37256;157
37257;189
37258;156
37259;189
37260;252
37261;60
37262;189
37263;170
37264;245
37265;221
37266;87
37267;20
37268;11
37269;96
37270;133
37271;71
37272;134
37273;166
37274;189
37275;134
37276;189
37277;18
37278;120
37279;166
37280;189
37281;192
37282;189
37283;60
37284;284
37285;148
37286;34
37287;53
37288;228
37289;71
37290;156
37291;189
37292;149
37293;149
37294;46
37295;18
37296;149
37297;166
37298;279
37299;260
37300;235
37301;189
37302;183
37303;166
37304;288
37305;160
37306;260
37307;98
37308;146
37309;166
37310;183
37311;116
37312;126
37313;146
37314;166
37315;221
37316;221
37317;260
37318;156
37319;189
37320;166
37321;213
37322;20
37323;48
37324;238
37325;48
37326;210
37327;284
37328;228
37329;87
37330;245
37331;248
37332;134
37333;220
37334;71
37335;280
37336;156
37337;189
37338;226
37339;226
37340;37
37341;160
37342;120
37343;183
37344;243
37345;86
37346;83
37347;228
37348;278
37349;108
37350;170
37351;228
37352;192
37353;149
37354;228
37355;237
37356;177
37357;166
37358;48
37359;285
37360;245
37361;149
37362;189
37363;220
37364;83
37365;134
37366;48
37367;260
37368;166
37369;156
37370;260
37371;20
37372;137
37373;242
37374;160
37375;166
37376;120
37377;238
37378;202
37379;228
37380;200
37381;248
37382;209
37383;252
37384;71
37385;133
37386;83
37387;66
37388;71
37389;228
37390;192
37391;214
37392;55
37393;217
37394;245
37395;149
37396;48
37397;114
37398;189
37399;48
37400;228
37401;210
37402;133
37403;71
37404;221
37405;260
37406;140
37407;48
37408;66
37409;282
37410;83
37411;170
37412;14
37413;235
37414;58
37415;260
37416;71
37417;208
37418;146
37419;170
37420;213
37421;235
37422;260
37423;280
37424;252
37425;228
37426;128
37427;38
37428;235
37429;137
37430;235
37431;261
37432;243
37433;266
37434;248
37435;48
37436;76
37437;105
37438;228
37439;189
37440;134
37441;166
37442;157
37443;46
37444;210
37445;166
37446;170
37447;218
37448;166
37449;200
37450;189
37451;120
37452;166
37453;76
37454;156
37455;189
37456;134
37457;149
37458;235
37459;149
37460;66
37461;164
37462;14
37463;166
37464;20
37465;235
37466;44
37467;44
37468;60
37469;243
37470;156
37471;149
37472;261
37473;170
37474;160
37475;260
37476;91
37477;221
37478;182
37479;22
37480;189
37481;71
37482;177
37483;156
37484;177
37485;60
37486;71
37487;210
37488;285
37489;228
37490;252
37491;166
37492;166
37493;210
37494;189
37495;156
37496;86
37497;137
37498;235
37499;237
37500;228
37501;183
37502;156
37503;71
37504;71
37505;226
37506;102
37507;192
37508;157
37509;170
37510;134
37511;83
37512;189
37513;228
37514;170
37515;83
37516;20
37517;83
37518;20
37519;71
37520;245
37521;170
37522;166
37523;228
37524;200
37525;170
37526;133
37527;235
37528;183
37529;235
37530;71
37531;208
37532;157
37533;243
37534;247
37535;235
37536;156
37537;228
37538;284
37539;248
37540;210
37541;252
37542;235
37543;201
37544;189
37545;261
37546;260
37547;261
37548;256
37549;228
37550;202
37551;156
37552;210
37553;234
37554;228
37555;166
37556;44
37557;235
37558;237
37559;134
37560;146
37561;228
37562;284
37563;198
37564;71
37565;76
37566;116
37567;156
37568;115
37569;228
37570;226
37571;112
37572;210
37573;115
37574;160
37575;149
37576;156
37577;166
37578;133
37579;46
37580;44
37581;40
37582;170
37583;149
37584;48
37585;97
37586;83
37587;48
37588;261
37589;66
37590;156
37591;156
37592;228
37593;198
37594;260
37595;198
37596;294
37597;166
37598;177
37599;126
37600;48
37601;14
37602;210
37603;228
37604;189
37605;128
37606;79
37607;183
37608;86
37609;285
37610;14
37611;280
37612;248
37613;260
37614;189
37615;183
37616;46
37617;189
37618;-1
37619;260
37620;260
37621;235
37622;242
37623;146
37624;226
37625;156
37626;208
37627;83
37628;182
37629;66
37630;254
37631;149
37632;71
37633;137
37634;202
37635;170
37636;170
37637;218
37638;189
37639;243
37640;202
37641;44
37642;242
37643;220
37644;261
37645;83
37646;221
37647;235
37648;210
37649;87
37650;177
37651;115
37652;20
37653;71
37654;170
37655;248
37656;191
37657;189
37658;272
37659;116
37660;189
37661;86
37662;183
37663;201
37664;71
37665;189
37666;202
37667;134
37668;189
37669;235
37670;20
37671;59
37672;139
37673;170
37674;51
37675;18
37676;120
37677;252
37678;46
37679;243
37680;44
37681;210
37682;156
37683;285
37684;137
37685;280
37686;210
37687;166
37688;243
37689;260
37690;235
37691;189
37692;149
37693;166
37694;183
37695;177
37696;166
37697;71
37698;220
37699;149
37700;248
37701;260
37702;10
37703;112
37704;83
37705;189
37706;192
37707;285
37708;237
37709;83
37710;60
37711;226
37712;156
37713;166
37714;71
37715;252
37716;170
37717;38
37718;189
37719;157
37720;166
37721;140
37722;260
37723;103
37724;228
37725;87
37726;189
37727;58
37728;201
37729;166
37730;235
37731;210
37732;170
37733;83
37734;170
37735;254
37736;189
37737;210
37738;149
37739;189
37740;201
37741;170
37742;202
37743;228
37744;134
37745;48
37746;166
37747;11
37748;189
37749;243
37750;149
37751;11
37752;202
37753;166
37754;252
37755;137
37756;166
37757;189
37758;97
37759;210
37760;170
37761;20
37762;261
37763;44
37764;248
37765;149
37766;183
37767;48
37768;189
37769;202
37770;156
37771;189
37772;83
37773;189
37774;166
37775;277
37776;166
37777;228
37778;91
37779;170
37780;277
37781;156
37782;235
37783;166
37784;114
37785;228
37786;14
37787;228
37788;228
37789;87
37790;166
37791;86
37792;272
37793;189
37794;189
37795;76
37796;248
37797;235
37798;210
37799;1
37800;51
37801;228
37802;137
37803;189
37804;134
37805;37
37806;169
37807;44
37808;212
37809;170
37810;250
37811;210
37812;260
37813;149
37814;210
37815;278
37816;7
37817;166
37818;201
37819;235
37820;209
37821;46
37822;221
37823;170
37824;260
37825;58
37826;260
37827;166
37828;145
37829;166
37830;44
37831;252
37832;228
37833;170
37834;115
37835;133
37836;133
37837;38
37838;221
37839;22
37840;228
37841;260
37842;149
37843;116
37844;189
37845;170
37846;189
37847;71
37848;210
37849;149
37850;149
37851;254
37852;224
37853;76
37854;254
37855;200
37856;260
37857;134
37858;170
37859;260
37860;134
37861;166
37862;213
37863;256
37864;149
37865;149
37866;83
37867;46
37868;51
37869;120
37870;59
37871;83
37872;115
37873;91
37874;189
37875;1
37876;112
37877;235
37878;1
37879;261
37880;170
37881;156
37882;115
37883;209
37884;284
37885;166
37886;137
37887;189
37888;267
37889;44
37890;210
37891;183
37892;170
37893;108
37894;228
37895;210
37896;58
37897;202
37898;170
37899;280
37900;245
37901;128
37902;134
37903;248
37904;185
37905;260
37906;192
37907;250
37908;208
37909;208
37910;55
37911;44
37912;235
37913;189
37914;202
37915;20
37916;83
37917;237
37918;44
37919;40
37920;189
37921;166
37922;129
37923;166
37924;44
37925;189
37926;129
37927;243
37928;260
37929;149
37930;228
37931;59
37932;200
37933;189
37934;83
37935;245
37936;83
37937;137
37938;71
37939;189
37940;238
37941;134
37942;236
37943;76
37944;228
37945;166
37946;83
37947;112
37948;237
37949;226
37950;134
37951;260
37952;134
37953;114
37954;198
37955;213
37956;166
37957;210
37958;108
37959;189
37960;245
37961;210
37962;60
37963;169
37964;133
37965;71
37966;183
37967;235
37968;83
37969;156
37970;20
37971;267
37972;202
37973;166
37974;285
37975;134
37976;210
37977;260
37978;170
37979;20
37980;243
37981;96
37982;83
37983;102
37984;189
37985;48
37986;235
37987;189
37988;245
37989;260
37990;170
37991;208
37992;170
37993;14
37994;128
37995;235
37996;294
37997;71
37998;228
37999;235
38000;243
38001;189
38002;16
38003;189
38004;213
38005;189
38006;166
38007;48
38008;140
38009;284
38010;228
38011;160
38012;176
38013;210
38014;112
38015;189
38016;235
38017;265
38018;277
38019;210
38020;237
38021;285
38022;260
38023;-1
38024;166
38025;133
38026;44
38027;182
38028;208
38029;260
38030;202
38031;170
38032;210
38033;71
38034;212
38035;83
38036;198
38037;59
38038;189
38039;149
38040;22
38041;235
38042;228
38043;226
38044;266
38045;252
38046;44
38047;228
38048;243
38049;149
38050;189
38051;284
38052;146
38053;280
38054;137
38055;245
38056;294
38057;248
38058;210
38059;71
38060;294
38061;112
38062;170
38063;228
38064;145
38065;260
38066;156
38067;20
38068;140
38069;228
38070;213
38071;20
38072;192
38073;103
38074;236
38075;10
38076;182
38077;62
38078;294
38079;83
38080;202
38081;228
38082;210
38083;166
38084;191
38085;59
38086;189
38087;287
38088;189
38089;20
38090;189
38091;114
38092;243
38093;126
38094;294
38095;86
38096;212
38097;102
38098;260
38099;213
38100;71
38101;189
38102;37
38103;245
38104;48
38105;108
38106;202
38107;60
38108;235
38109;263
38110;294
38111;-1
38112;202
38113;66
38114;189
38115;189
38116;235
38117;1
38118;235
38119;112
38120;228
38121;71
38122;170
38123;134
38124;20
38125;217
38126;231
38127;260
38128;210
38129;242
38130;280
38131;170
38132;170
38133;20
38134;149
38135;237
38136;294
38137;248
38138;245
38139;294
38140;166
38141;189
38142;248
38143;192
38144;236
38145;236
38146;40
38147;278
38148;245
38149;228
38150;170
38151;260
38152;260
38153;58
38154;210
38155;202
38156;224
38157;245
38158;86
38159;86
38160;115
38161;86
38162;166
38163;133
38164;261
38165;228
38166;248
38167;156
38168;189
38169;170
38170;220
38171;14
38172;252
38173;120
38174;44
38175;83
38176;182
38177;189
38178;248
38179;83
38180;278
38181;235
38182;46
38183;156
38184;234
38185;149
38186;278
38187;170
38188;210
38189;192
38190;242
38191;156
38192;170
38193;228
38194;189
38195;140
38196;156
38197;260
38198;202
38199;228
38200;189
38201;294
38202;114
38203;148
38204;86
38205;126
38206;170
38207;170
38208;189
38209;149
38210;166
38211;235
38212;146
38213;87
38214;189
38215;201
38216;114
38217;213
38218;189
38219;189
38220;231
38221;160
38222;34
38223;87
38224;149
38225;245
38226;149
38227;86
38228;156
38229;134
38230;60
38231;235
38232;210
38233;134
38234;170
38235;221
38236;201
38237;156
38238;245
38239;260
38240;160
38241;112
38242;137
38243;108
38244;254
38245;156
38246;83
38247;221
38248;192
38249;210
38250;242
38251;248
38252;189
38253;285
38254;210
38255;20
38256;170
38257;235
38258;112
38259;134
38260;66
38261;210
38262;294
38263;170
38264;235
38265;260
38266;243
38267;228
38268;71
38269;159
38270;225
38271;48
38272;149
38273;145
38274;71
38275;120
38276;189
38277;235
38278;166
38279;79
38280;189
38281;14
38282;245
38283;243
38284;91
38285;260
38286;1
38287;260
38288;228
38289;243
38290;189
38291;192
38292;183
38293;208
38294;126
38295;134
38296;79
38297;166
38298;20
38299;166
38300;134
38301;166
38302;148
38303;108
38304;166
38305;261
38306;24
38307;149
38308;189
38309;228
38310;189
38311;83
38312;202
38313;210
38314;243
38315;156
38316;55
38317;156
38318;252
38319;170
38320;38
38321;245
38322;38
38323;200
38324;250
38325;170
38326;71
38327;60
38328;83
38329;260
38330;189
38331;235
38332;189
38333;105
38334;55
38335;235
38336;228
38337;189
38338;11
38339;14
38340;14
38341;18
38342;250
38343;149
38344;149
38345;260
38346;189
38347;83
38348;170
38349;210
38350;-1
38351;235
38352;166
38353;156
38354;287
38355;248
38356;157
38357;254
38358;170
38359;243
38360;170
38361;231
38362;149
38363;149
38364;228
38365;112
38366;87
38367;228
38368;128
38369;53
38370;166
38371;149
38372;159
38373;267
38374;231
38375;212
38376;272
38377;14
38378;228
38379;112
38380;198
38381;124
38382;137
38383;166
38384;231
38385;260
38386;277
38387;245
38388;210
38389;149
38390;16
38391;18
38392;284
38393;170
38394;248
38395;210
38396;189
38397;156
38398;248
38399;105
38400;248
38401;261
38402;189
38403;137
38404;97
38405;102
38406;149
38407;86
38408;126
38409;71
38410;149
38411;189
38412;34
38413;228
38414;228
38415;156
38416;76
38417;280
38418;182
38419;198
38420;166
38421;166
38422;177
38423;83
38424;218
38425;235
38426;44
38427;156
38428;157
38429;248
38430;202
38431;277
38432;55
38433;170
38434;177
38435;83
38436;183
38437;170
38438;149
38439;148
38440;245
38441;226
38442;160
38443;242
38444;134
38445;170
38446;170
38447;235
38448;44
38449;202
38450;149
38451;128
38452;83
38453;156
38454;228
38455;260
38456;210
38457;40
38458;183
38459;112
38460;157
38461;38
38462;243
38463;156
38464;166
38465;115
38466;235
38467;170
38468;228
38469;105
38470;44
38471;48
38472;208
38473;83
38474;145
38475;260
38476;71
38477;7
38478;200
38479;166
38480;237
38481;183
38482;86
38483;157
38484;134
38485;189
38486;228
38487;40
38488;83
38489;210
38490;7
38491;189
38492;137
38493;189
38494;252
38495;7
38496;200
38497;191
38498;202
38499;231
38500;294
38501;254
38502;145
38503;235
38504;170
38505;60
38506;170
38507;228
38508;228
38509;183
38510;71
38511;285
38512;242
38513;237
38514;166
38515;86
38516;149
38517;228
38518;245
38519;221
38520;134
38521;112
38522;220
38523;58
38524;149
38525;105
38526;134
38527;58
38528;228
38529;198
38530;231
38531;112
38532;217
38533;294
38534;213
38535;60
38536;105
38537;7
38538;212
38539;228
38540;104
38541;221
38542;280
38543;133
38544;18
38545;133
38546;83
38547;200
38548;102
38549;170
38550;294
38551;149
38552;20
38553;145
38554;242
38555;103
38556;166
38557;176
38558;170
38559;71
38560;198
38561;272
38562;16
38563;202
38564;166
38565;228
38566;48
38567;149
38568;166
38569;252
38570;128
38571;79
38572;260
38573;183
38574;200
38575;248
38576;189
38577;97
38578;202
38579;245
38580;189
38581;120
38582;252
38583;260
38584;156
38585;189
38586;170
38587;248
38588;189
38589;48
38590;189
38591;192
38592;156
38593;228
38594;48
38595;189
38596;198
38597;210
38598;260
38599;149
38600;1
38601;200
38602;266
38603;137
38604;218
38605;266
38606;170
38607;137
38608;170
38609;235
38610;170
38611;44
38612;260
38613;213
38614;235
38615;242
38616;260
38617;210
38618;235
38619;34
38620;170
38621;280
38622;149
38623;-1
38624;48
38625;48
38626;59
38627;66
38628;242
38629;48
38630;260
38631;221
38632;189
38633;166
38634;149
38635;192
38636;210
38637;218
38638;235
38639;146
38640;202
38641;18
38642;20
38643;285
38644;83
38645;20
38646;228
38647;260
38648;102
38649;189
38650;112
38651;137
38652;112
38653;166
38654;189
38655;260
38656;235
38657;137
38658;294
38659;71
38660;280
38661;166
38662;189
38663;220
38664;83
38665;148
38666;170
38667;103
38668;166
38669;71
38670;280
38671;146
38672;189
38673;157
38674;277
38675;71
38676;182
38677;218
38678;137
38679;192
38680;14
38681;235
38682;59
38683;46
38684;14
38685;210
38686;252
38687;166
38688;267
38689;156
38690;83
38691;202
38692;157
38693;170
38694;146
38695;228
38696;159
38697;201
38698;189
38699;149
38700;66
38701;293
38702;294
38703;294
38704;254
38705;166
38706;260
38707;86
38708;156
38709;58
38710;112
38711;248
38712;11
38713;102
38714;248
38715;48
38716;83
38717;183
38718;149
38719;218
38720;261
38721;134
38722;166
38723;170
38724;183
38725;48
38726;280
38727;102
38728;156
38729;218
38730;156
38731;51
38732;260
38733;48
38734;128
38735;79
38736;235
38737;48
38738;170
38739;277
38740;134
38741;149
38742;34
38743;60
38744;245
38745;83
38746;228
38747;115
38748;235
38749;248
38750;243
38751;137
38752;260
38753;102
38754;157
38755;156
38756;235
38757;102
38758;128
38759;248
38760;20
38761;71
38762;149
38763;58
38764;245
38765;134
38766;189
38767;149
38768;51
38769;166
38770;30
38771;83
38772;44
38773;260
38774;210
38775;208
38776;140
38777;96
38778;189
38779;170
38780;149
38781;166
38782;191
38783;103
38784;1
38785;166
38786;60
38787;96
38788;149
38789;192
38790;146
38791;134
38792;260
38793;252
38794;245
38795;245
38796;202
38797;228
38798;34
38799;256
38800;149
38801;242
38802;140
38803;112
38804;177
38805;115
38806;48
38807;7
38808;235
38809;170
38810;248
38811;149
38812;202
38813;189
38814;294
38815;62
38816;140
38817;277
38818;235
38819;156
38820;170
38821;48
38822;170
38823;87
38824;189
38825;210
38826;71
38827;243
38828;59
38829;166
38830;254
38831;166
38832;83
38833;192
38834;71
38835;260
38836;231
38837;238
38838;71
38839;166
38840;280
38841;235
38842;8
38843;83
38844;24
38845;245
38846;120
38847;189
38848;189
38849;46
38850;189
38851;243
38852;245
38853;83
38854;80
38855;254
38856;149
38857;112
38858;18
38859;137
38860;183
38861;202
38862;210
38863;58
38864;214
38865;202
38866;280
38867;189
38868;112
38869;267
38870;176
38871;220
38872;221
38873;256
38874;243
38875;112
38876;248
38877;260
38878;115
38879;87
38880;235
38881;260
38882;44
38883;235
38884;128
38885;105
38886;87
38887;86
38888;71
38889;146
38890;1
38891;218
38892;228
38893;149
38894;102
38895;217
38896;287
38897;166
38898;66
38899;34
38900;245
38901;243
38902;235
38903;120
38904;129
38905;149
38906;7
38907;140
38908;245
38909;59
38910;140
38911;280
38912;210
38913;228
38914;189
38915;83
38916;202
38917;242
38918;286
38919;83
38920;238
38921;134
38922;51
38923;76
38924;192
38925;189
38926;166
38927;157
38928;83
38929;287
38930;208
38931;260
38932;228
38933;112
38934;235
38935;170
38936;238
38937;228
38938;149
38939;245
38940;220
38941;105
38942;133
38943;294
38944;149
38945;71
38946;228
38947;44
38948;189
38949;140
38950;71
38951;228
38952;146
38953;189
38954;48
38955;277
38956;266
38957;166
38958;108
38959;170
38960;235
38961;1
38962;278
38963;112
38964;170
38965;228
38966;191
38967;228
38968;71
38969;170
38970;166
38971;60
38972;235
38973;146
38974;224
38975;71
38976;189
38977;248
38978;235
38979;210
38980;134
38981;189
38982;20
38983;280
38984;60
38985;294
38986;108
38987;228
38988;228
38989;149
38990;139
38991;252
38992;192
38993;202
38994;159
38995;73
38996;-1
38997;189
38998;189
38999;137
39000;166
39001;166
39002;48
39003;133
39004;149
39005;217
39006;189
39007;20
39008;87
39009;221
39010;59
39011;156
39012;103
39013;34
39014;156
39015;202
39016;83
39017;266
39018;235
39019;252
39020;83
39021;134
39022;166
39023;60
39024;277
39025;170
39026;115
39027;177
39028;44
39029;226
39030;285
39031;157
39032;278
39033;242
39034;48
39035;126
39036;235
39037;140
39038;226
39039;214
39040;272
39041;149
39042;199
39043;228
39044;260
39045;217
39046;228
39047;112
39048;228
39049;83
39050;58
39051;48
39052;252
39053;210
39054;189
39055;105
39056;166
39057;252
39058;76
39059;252
39060;235
39061;83
39062;280
39063;126
39064;166
39065;71
39066;156
39067;260
39068;210
39069;235
39070;16
39071;234
39072;235
39073;71
39074;134
39075;34
39076;156
39077;44
39078;294
39079;189
39080;133
39081;217
39082;83
39083;46
39084;166
39085;166
39086;235
39087;1
39088;228
39089;237
39090;84
39091;14
39092;170
39093;60
39094;254
39095;60
39096;59
39097;252
39098;83
39099;102
39100;16
39101;128
39102;83
39103;140
39104;220
39105;261
39106;210
39107;149
39108;83
39109;228
39110;58
39111;48
39112;189
39113;170
39114;228
39115;112
39116;149
39117;189
39118;40
39119;156
39120;294
39121;189
39122;248
39123;157
39124;224
39125;83
39126;34
39127;134
39128;60
39129;60
39130;86
39131;166
39132;112
39133;210
39134;166
39135;260
39136;128
39137;16
39138;140
39139;252
39140;221
39141;86
39142;86
39143;189
39144;245
39145;83
39146;228
39147;149
39148;237
39149;293
39150;103
39151;59
39152;280
39153;166
39154;83
39155;66
39156;96
39157;91
39158;234
39159;183
39160;192
39161;252
39162;242
39163;149
39164;44
39165;157
39166;60
39167;248
39168;146
39169;192
39170;137
39171;48
39172;220
39173;210
39174;170
39175;59
39176;71
39177;48
39178;166
39179;170
39180;189
39181;208
39182;16
39183;189
39184;156
39185;228
39186;189
39187;114
39188;71
39189;214
39190;200
39191;48
39192;170
39193;115
39194;224
39195;280
39196;288
39197;235
39198;134
39199;170
39200;60
39201;48
39202;249
39203;48
39204;201
39205;224
39206;156
39207;224
39208;201
39209;149
39210;83
39211;228
39212;242
39213;285
39214;252
39215;18
39216;235
39217;7
39218;243
39219;59
39220;71
39221;260
39222;66
39223;83
39224;166
39225;112
39226;243
39227;115
39228;166
39229;245
39230;189
39231;242
39232;242
39233;183
39234;156
39235;156
39236;160
39237;48
39238;166
39239;170
39240;280
39241;156
39242;235
39243;38
39244;272
39245;228
39246;261
39247;24
39248;166
39249;166
39250;189
39251;243
39252;200
39253;243
39254;261
39255;189
39256;254
39257;202
39258;59
39259;228
39260;245
39261;202
39262;189
39263;149
39264;170
39265;235
39266;266
39267;166
39268;86
39269;44
39270;285
39271;46
39272;245
39273;235
39274;260
39275;156
39276;170
39277;189
39278;83
39279;248
39280;210
39281;128
39282;176
39283;189
39284;189
39285;252
39286;228
39287;208
39288;287
39289;248
39290;112
39291;10
39292;134
39293;260
39294;284
39295;170
39296;192
39297;149
39298;248
39299;83
39300;248
39301;83
39302;156
39303;248
39304;265
39305;228
39306;201
39307;242
39308;149
39309;267
39310;134
39311;212
39312;231
39313;288
39314;166
39315;44
39316;87
39317;114
39318;267
39319;202
39320;202
39321;280
39322;149
39323;166
39324;260
39325;231
39326;156
39327;200
39328;252
39329;170
39330;60
39331;201
39332;156
39333;156
39334;280
39335;189
39336;116
39337;191
39338;137
39339;237
39340;235
39341;134
39342;44
39343;149
39344;214
39345;200
39346;235
39347;210
39348;228
39349;228
39350;166
39351;228
39352;166
39353;14
39354;16
39355;71
39356;83
39357;218
39358;170
39359;44
39360;20
39361;10
39362;235
39363;166
39364;231
39365;7
39366;156
39367;248
39368;277
39369;189
39370;260
39371;146
39372;189
39373;83
39374;170
39375;226
39376;166
39377;235
39378;156
39379;7
39380;148
39381;245
39382;213
39383;116
39384;228
39385;10
39386;228
39387;260
39388;228
39389;248
39390;137
39391;38
39392;83
39393;34
39394;243
39395;170
39396;189
39397;280
39398;34
39399;156
39400;149
39401;235
39402;217
39403;280
39404;170
39405;243
39406;280
39407;134
39408;176
39409;252
39410;18
39411;245
39412;228
39413;183
39414;160
39415;243
39416;294
39417;248
39418;202
39419;201
39420;237
39421;260
39422;83
39423;214
39424;170
39425;200
39426;228
39427;170
39428;235
39429;170
39430;76
39431;170
39432;243
39433;83
39434;87
39435;134
39436;160
39437;192
39438;189
39439;183
39440;103
39441;235
39442;260
39443;87
39444;245
39445;160
39446;294
39447;245
39448;58
39449;149
39450;170
39451;221
39452;231
39453;189
39454;166
39455;112
39456;217
39457;266
39458;228
39459;166
39460;221
39461;146
39462;245
39463;76
39464;7
39465;133
39466;16
39467;1
39468;20
39469;160
39470;245
39471;129
39472;76
39473;114
39474;228
39475;234
39476;210
39477;279
39478;66
39479;245
39480;189
39481;210
39482;16
39483;243
39484;242
39485;166
39486;248
39487;260
39488;137
39489;214
39490;189
39491;228
39492;166
39493;156
39494;266
39495;102
39496;221
39497;228
39498;228
39499;235
39500;71
39501;235
39502;166
39503;48
39504;149
39505;170
39506;189
39507;278
39508;71
39509;71
39510;245
39511;210
39512;133
39513;166
39514;170
39515;182
39516;166
39517;170
39518;128
39519;210
39520;252
39521;34
39522;170
39523;228
39524;102
39525;285
39526;86
39527;71
39528;235
39529;284
39530;-1
39531;260
39532;48
39533;170
39534;243
39535;166
39536;115
39537;137
39538;182
39539;202
39540;166
39541;280
39542;228
39543;209
39544;112
39545;66
39546;243
39547;166
39548;202
39549;278
39550;48
39551;210
39552;166
39553;279
39554;202
39555;235
39556;243
39557;183
39558;102
39559;134
39560;210
39561;104
39562;86
39563;-1
39564;189
39565;148
39566;192
39567;133
39568;137
39569;245
39570;209
39571;189
39572;208
39573;260
39574;149
39575;103
39576;266
39577;170
39578;210
39579;260
39580;220
39581;83
39582;231
39583;148
39584;260
39585;86
39586;170
39587;189
39588;228
39589;248
39590;71
39591;20
39592;83
39593;145
39594;166
39595;62
39596;128
39597;71
39598;149
39599;189
39600;192
39601;83
39602;116
39603;189
39604;235
39605;53
39606;170
39607;235
39608;235
39609;192
39610;112
39611;156
39612;18
39613;62
39614;157
39615;166
39616;115
39617;228
39618;228
39619;189
39620;166
39621;210
39622;189
39623;71
39624;166
39625;260
39626;83
39627;83
39628;166
39629;210
39630;87
39631;202
39632;20
39633;210
39634;245
39635;86
39636;189
39637;166
39638;112
39639;71
39640;37
39641;83
39642;20
39643;105
39644;44
39645;133
39646;34
39647;217
39648;166
39649;140
39650;228
39651;62
39652;170
39653;189
39654;293
39655;294
39656;156
39657;166
39658;189
39659;102
39660;137
39661;20
39662;166
39663;284
39664;252
39665;149
39666;235
39667;252
39668;87
39669;156
39670;224
39671;252
39672;170
39673;294
39674;189
39675;134
39676;102
39677;137
39678;189
39679;133
39680;149
39681;294
39682;137
39683;18
39684;59
39685;149
39686;170
39687;20
39688;58
39689;133
39690;166
39691;20
39692;71
39693;294
39694;189
39695;288
39696;208
39697;149
39698;189
39699;202
39700;156
39701;277
39702;189
39703;208
39704;126
39705;76
39706;170
39707;156
39708;116
39709;114
39710;134
39711;260
39712;189
39713;108
39714;112
39715;189
39716;192
39717;294
39718;37
39719;202
39720;242
39721;20
39722;159
39723;97
39724;87
39725;170
39726;282
39727;288
39728;177
39729;166
39730;7
39731;235
39732;243
39733;248
39734;261
39735;217
39736;159
39737;62
39738;140
39739;38
39740;170
39741;149
39742;245
39743;260
39744;149
39745;71
39746;66
39747;177
39748;210
39749;243
39750;60
39751;148
39752;166
39753;183
39754;71
39755;260
39756;189
39757;272
39758;71
39759;228
39760;189
39761;166
39762;189
39763;71
39764;260
39765;189
39766;83
39767;201
39768;242
39769;137
39770;260
39771;134
39772;83
39773;189
39774;189
39775;166
39776;157
39777;201
39778;210
39779;189
39780;166
39781;166
39782;157
39783;202
39784;228
39785;176
39786;245
39787;221
39788;44
39789;129
39790;156
39791;235
39792;189
39793;166
39794;189
39795;248
39796;44
39797;294
39798;87
39799;220
39800;40
39801;220
39802;105
39803;156
39804;160
39805;112
39806;145
39807;149
39808;260
39809;228
39810;245
39811;285
39812;34
39813;235
39814;260
39815;280
39816;189
39817;243
39818;285
39819;189
39820;235
39821;149
39822;285
39823;201
39824;149
39825;224
39826;265
39827;294
39828;139
39829;87
39830;280
39831;235
39832;169
39833;189
39834;210
39835;209
39836;284
39837;189
39838;166
39839;214
39840;260
39841;228
39842;166
39843;198
39844;228
39845;202
39846;235
39847;60
39848;71
39849;87
39850;221
39851;20
39852;235
39853;149
39854;71
39855;221
39856;220
39857;133
39858;220
39859;221
39860;149
39861;208
39862;189
39863;235
39864;71
39865;228
39866;189
39867;48
39868;183
39869;83
39870;228
39871;228
39872;116
39873;235
39874;200
39875;83
39876;280
39877;166
39878;48
39879;146
39880;149
39881;10
39882;128
39883;228
39884;170
39885;237
39886;156
39887;149
39888;235
39889;112
39890;266
39891;189
39892;228
39893;34
39894;46
39895;20
39896;170
39897;214
39898;231
39899;260
39900;235
39901;166
39902;156
39903;71
39904;14
39905;237
39906;149
39907;210
39908;137
39909;280
39910;267
39911;248
39912;166
39913;87
39914;170
39915;156
39916;166
39917;137
39918;189
39919;189
39920;149
39921;189
39922;228
39923;166
39924;235
39925;48
39926;170
39927;238
39928;245
39929;170
39930;213
39931;102
39932;166
39933;228
39934;87
39935;252
39936;166
39937;1
39938;280
39939;140
39940;34
39941;224
39942;112
39943;166
39944;149
39945;237
39946;156
39947;166
39948;83
39949;260
39950;189
39951;134
39952;140
39953;261
39954;183
39955;11
39956;189
39957;156
39958;166
39959;285
39960;157
39961;170
39962;48
39963;128
39964;228
39965;166
39966;149
39967;278
39968;235
39969;164
39970;149
39971;260
39972;166
39973;44
39974;272
39975;60
39976;221
39977;285
39978;243
39979;228
39980;170
39981;189
39982;210
39983;202
39984;20
39985;34
39986;86
39987;71
39988;66
39989;149
39990;20
39991;40
39992;76
39993;83
39994;192
39995;294
39996;20
39997;252
39998;235
39999;149
40000;71
40001;208
40002;137
40003;160
40004;280
40005;210
40006;189
40007;235
40008;71
40009;228
40010;71
40011;134
40012;71
40013;83
40014;73
40015;242
40016;228
40017;44
40018;46
40019;166
40020;71
40021;170
40022;189
40023;228
40024;156
40025;224
40026;134
40027;20
40028;252
40029;277
40030;7
40031;189
40032;140
40033;14
40034;59
40035;189
40036;189
40037;149
40038;10
40039;208
40040;59
40041;208
40042;140
40043;71
40044;286
40045;44
40046;228
40047;83
40048;166
40049;166
40050;146
40051;284
40052;166
40053;137
40054;189
40055;20
40056;210
40057;210
40058;200
40059;235
40060;157
40061;160
40062;228
40063;235
40064;166
40065;243
40066;133
40067;210
40068;60
40069;260
40070;228
40071;102
40072;126
40073;243
40074;170
40075;280
40076;156
40077;76
40078;221
40079;261
40080;60
40081;235
40082;156
40083;112
40084;221
40085;76
40086;202
40087;146
40088;248
40089;287
40090;189
40091;134
40092;44
40093;266
40094;189
40095;228
40096;228
40097;212
40098;166
40099;228
40100;284
40101;8
40102;91
40103;44
40104;134
40105;252
40106;248
40107;170
40108;210
40109;156
40110;192
40111;76
40112;189
40113;60
40114;115
40115;228
40116;48
40117;166
40118;166
40119;260
40120;189
40121;126
40122;191
40123;237
40124;202
40125;71
40126;116
40127;18
40128;166
40129;278
40130;214
40131;71
40132;66
40133;201
40134;252
40135;224
40136;228
40137;46
40138;248
40139;284
40140;108
40141;242
40142;248
40143;60
40144;261
40145;133
40146;210
40147;260
40148;228
40149;201
40150;83
40151;201
40152;20
40153;170
40154;210
40155;224
40156;102
40157;137
40158;228
40159;228
40160;170
40161;157
40162;112
40163;112
40164;60
40165;66
40166;48
40167;245
40168;166
40169;102
40170;189
40171;166
40172;83
40173;166
40174;170
40175;134
40176;149
40177;7
40178;242
40179;149
40180;189
40181;242
40182;79
40183;170
40184;170
40185;86
40186;170
40187;213
40188;210
40189;235
40190;114
40191;224
40192;228
40193;260
40194;166
40195;199
40196;252
40197;157
40198;260
40199;66
40200;228
40201;189
40202;156
40203;189
40204;87
40205;7
40206;189
40207;83
40208;177
40209;18
40210;71
40211;237
40212;200
40213;260
40214;261
40215;210
40216;189
40217;116
40218;235
40219;71
40220;149
40221;170
40222;228
40223;96
40224;166
40225;115
40226;170
40227;210
40228;44
40229;20
40230;170
40231;235
40232;189
40233;248
40234;170
40235;86
40236;20
40237;243
40238;60
40239;248
40240;228
40241;218
40242;116
40243;166
40244;166
40245;87
40246;112
40247;189
40248;176
40249;248
40250;38
40251;235
40252;189
40253;189
40254;272
40255;16
40256;112
40257;91
40258;201
40259;91
40260;189
40261;20
40262;189
40263;280
40264;156
40265;245
40266;217
40267;11
40268;189
40269;248
40270;210
40271;210
40272;83
40273;149
40274;217
40275;294
40276;228
40277;87
40278;170
40279;83
40280;44
40281;210
40282;202
40283;149
40284;212
40285;278
40286;170
40287;59
40288;260
40289;183
40290;18
40291;83
40292;146
40293;228
40294;189
40295;145
40296;252
40297;228
40298;71
40299;254
40300;189
40301;149
40302;235
40303;145
40304;280
40305;1
40306;60
40307;134
40308;260
40309;260
40310;149
40311;260
40312;189
40313;91
40314;24
40315;60
40316;166
40317;228
40318;48
40319;210
40320;156
40321;91
40322;189
40323;156
40324;10
40325;166
40326;86
40327;170
40328;189
40329;76
40330;166
40331;189
40332;166
40333;71
40334;183
40335;146
40336;208
40337;20
40338;226
40339;149
40340;166
40341;212
40342;37
40343;51
40344;228
40345;260
40346;192
40347;20
40348;137
40349;36
40350;228
40351;160
40352;189
40353;192
40354;20
40355;254
40356;59
40357;149
40358;210
40359;217
40360;7
40361;149
40362;146
40363;260
40364;120
40365;294
40366;261
40367;72
40368;170
40369;288
40370;243
40371;149
40372;71
40373;208
40374;252
40375;228
40376;166
40377;261
40378;189
40379;71
40380;245
40381;208
40382;243
40383;192
40384;248
40385;170
40386;235
40387;137
40388;128
40389;235
40390;201
40391;83
40392;209
40393;112
40394;201
40395;20
40396;18
40397;170
40398;102
40399;277
40400;254
40401;103
40402;260
40403;105
40404;91
40405;245
40406;192
40407;71
40408;170
40409;38
40410;202
40411;8
40412;166
40413;170
40414;202
40415;46
40416;166
40417;221
40418;189
40419;24
40420;83
40421;149
40422;284
40423;235
40424;235
40425;228
40426;20
40427;166
40428;282
40429;83
40430;235
40431;210
40432;149
40433;189
40434;198
40435;278
40436;114
40437;198
40438;83
40439;198
40440;245
40441;83
40442;210
40443;189
40444;112
40445;242
40446;103
40447;137
40448;267
40449;209
40450;189
40451;260
40452;170
40453;260
40454;217
40455;294
40456;202
40457;200
40458;266
40459;284
40460;217
40461;210
40462;189
40463;91
40464;114
40465;235
40466;228
40467;210
40468;235
40469;220
40470;250
40471;166
40472;237
40473;86
40474;60
40475;58
40476;129
40477;170
40478;278
40479;166
40480;284
40481;277
40482;260
40483;280
40484;112
40485;294
40486;170
40487;115
40488;156
40489;260
40490;294
40491;236
40492;209
40493;164
40494;91
40495;210
40496;166
40497;224
40498;260
40499;149
40500;-1
40501;112
40502;189
40503;252
40504;166
40505;108
40506;260
40507;170
40508;242
40509;189
40510;170
40511;133
40512;170
40513;202
40514;189
40515;183
40516;221
40517;189
40518;209
40519;166
40520;166
40521;202
40522;20
40523;149
40524;134
40525;235
40526;228
40527;149
40528;116
40529;228
40530;124
40531;166
40532;189
40533;156
40534;198
40535;83
40536;189
40537;260
40538;210
40539;278
40540;137
40541;20
40542;210
40543;156
40544;83
40545;48
40546;149
40547;189
40548;44
40549;189
40550;243
40551;228
40552;157
40553;160
40554;115
40555;189
40556;170
40557;48
40558;260
40559;260
40560;20
40561;128
40562;177
40563;20
40564;114
40565;170
40566;228
40567;236
40568;261
40569;189
40570;245
40571;46
40572;242
40573;228
40574;189
40575;112
40576;237
40577;140
40578;156
40579;148
40580;81
40581;228
40582;210
40583;189
40584;260
40585;149
40586;280
40587;210
40588;71
40589;83
40590;38
40591;83
40592;71
40593;71
40594;260
40595;20
40596;210
40597;183
40598;189
40599;260
40600;60
40601;221
40602;166
40603;149
40604;20
40605;71
40606;37
40607;1
40608;280
40609;44
40610;284
40611;166
40612;86
40613;170
40614;228
40615;189
40616;208
40617;189
40618;202
40619;137
40620;202
40621;294
40622;228
40623;189
40624;284
40625;156
40626;284
40627;280
40628;217
40629;87
40630;189
40631;277
40632;170
40633;140
40634;128
40635;137
40636;284
40637;128
40638;149
40639;37
40640;265
40641;294
40642;285
40643;18
40644;189
40645;24
40646;133
40647;102
40648;202
40649;248
40650;242
40651;191
40652;189
40653;66
40654;243
40655;260
40656;198
40657;177
40658;137
40659;156
40660;260
40661;60
40662;71
40663;280
40664;91
40665;20
40666;48
40667;265
40668;170
40669;71
40670;34
40671;128
40672;86
40673;-1
40674;208
40675;134
40676;189
40677;108
40678;210
40679;149
40680;234
40681;228
40682;189
40683;189
40684;166
40685;128
40686;228
40687;58
40688;156
40689;137
40690;134
40691;149
40692;40
40693;221
40694;170
40695;189
40696;83
40697;20
40698;166
40699;145
40700;236
40701;170
40702;44
40703;248
40704;83
40705;166
40706;200
40707;146
40708;260
40709;261
40710;189
40711;166
40712;145
40713;134
40714;260
40715;189
40716;200
40717;166
40718;48
40719;208
40720;137
40721;189
40722;114
40723;79
40724;235
40725;284
40726;189
40727;44
40728;20
40729;228
40730;71
40731;66
40732;228
40733;177
40734;24
40735;166
40736;83
40737;86
40738;235
40739;170
40740;245
40741;60
40742;71
40743;86
40744;202
40745;83
40746;260
40747;166
40748;202
40749;83
40750;267
40751;189
40752;20
40753;249
40754;228
40755;120
40756;260
40757;256
40758;83
40759;20
40760;235
40761;263
40762;183
40763;260
40764;170
40765;79
40766;294
40767;1
40768;71
40769;20
40770;228
40771;228
40772;71
40773;120
40774;252
40775;115
40776;1
40777;234
40778;278
40779;261
40780;245
40781;40
40782;228
40783;260
40784;189
40785;114
40786;245
40787;228
40788;176
40789;201
40790;243
40791;183
40792;260
40793;242
40794;228
40795;87
40796;235
40797;145
40798;200
40799;245
40800;149
40801;86
40802;83
40803;234
40804;260
40805;55
40806;245
40807;79
40808;261
40809;66
40810;245
40811;156
40812;182
40813;265
40814;189
40815;252
40816;86
40817;294
40818;248
40819;170
40820;228
40821;169
40822;248
40823;24
40824;235
40825;170
40826;189
40827;166
40828;189
40829;166
40830;102
40831;129
40832;102
40833;260
40834;156
40835;228
40836;112
40837;189
40838;134
40839;60
40840;192
40841;102
40842;34
40843;218
40844;189
40845;128
40846;71
40847;170
40848;149
40849;149
40850;254
40851;166
40852;166
40853;228
40854;235
40855;112
40856;79
40857;189
40858;170
40859;200
40860;160
40861;261
40862;286
40863;221
40864;20
40865;34
40866;83
40867;79
40868;84
40869;210
40870;285
40871;235
40872;40
40873;235
40874;210
40875;166
40876;91
40877;254
40878;156
40879;66
40880;55
40881;228
40882;210
40883;254
40884;134
40885;202
40886;40
40887;237
40888;137
40889;34
40890;189
40891;243
40892;112
40893;170
40894;202
40895;277
40896;201
40897;284
40898;170
40899;170
40900;228
40901;83
40902;149
40903;60
40904;210
40905;254
40906;248
40907;284
40908;96
40909;-1
40910;166
40911;260
40912;228
40913;267
40914;189
40915;242
40916;91
40917;210
40918;166
40919;231
40920;137
40921;247
40922;201
40923;149
40924;177
40925;149
40926;228
40927;260
40928;66
40929;252
40930;156
40931;124
40932;87
40933;102
40934;261
40935;280
40936;20
40937;128
40938;40
40939;76
40940;105
40941;294
40942;40
40943;166
40944;285
40945;242
40946;242
40947;14
40948;86
40949;254
40950;231
40951;288
40952;115
40953;170
40954;242
40955;149
40956;228
40957;115
40958;280
40959;103
40960;-1
40961;189
40962;166
40963;217
40964;202
40965;189
40966;66
40967;149
40968;260
40969;254
40970;280
40971;228
40972;83
40973;243
40974;112
40975;198
40976;22
40977;202
40978;156
40979;66
40980;55
40981;66
40982;235
40983;140
40984;189
40985;189
40986;149
40987;189
40988;228
40989;71
40990;83
40991;71
40992;112
40993;260
40994;166
40995;134
40996;202
40997;124
40998;48
40999;128
41000;202
41001;149
41002;149
41003;198
41004;210
41005;137
41006;189
41007;235
41008;156
41009;189
41010;228
41011;133
41012;210
41013;213
41014;66
41015;236
41016;44
41017;44
41018;166
41019;189
41020;189
41021;221
41022;48
41023;228
41024;157
41025;71
41026;280
41027;235
41028;148
41029;242
41030;202
41031;105
41032;20
41033;112
41034;277
41035;228
41036;24
41037;166
41038;266
41039;189
41040;294
41041;149
41042;254
41043;221
41044;157
41045;228
41046;212
41047;189
41048;76
41049;235
41050;212
41051;237
41052;228
41053;156
41054;8
41055;34
41056;278
41057;235
41058;156
41059;182
41060;48
41061;156
41062;44
41063;108
41064;22
41065;202
41066;149
41067;137
41068;183
41069;59
41070;71
41071;60
41072;166
41073;108
41074;115
41075;170
41076;83
41077;71
41078;44
41079;156
41080;60
41081;191
41082;277
41083;260
41084;48
41085;71
41086;34
41087;38
41088;46
41089;278
41090;14
41091;83
41092;189
41093;79
41094;224
41095;71
41096;284
41097;149
41098;248
41099;245
41100;83
41101;189
41102;137
41103;22
41104;248
41105;202
41106;228
41107;76
41108;71
41109;137
41110;235
41111;149
41112;7
41113;20
41114;280
41115;294
41116;261
41117;18
41118;157
41119;58
41120;170
41121;228
41122;242
41123;59
41124;55
41125;166
41126;202
41127;166
41128;160
41129;189
41130;66
41131;87
41132;156
41133;260
41134;235
41135;66
41136;170
41137;102
41138;294
41139;170
41140;245
41141;200
41142;87
41143;134
41144;280
41145;170
41146;235
41147;18
41148;242
41149;250
41150;170
41151;76
41152;134
41153;243
41154;228
41155;260
41156;245
41157;166
41158;112
41159;166
41160;149
41161;166
41162;114
41163;83
41164;245
41165;128
41166;166
41167;228
41168;66
41169;159
41170;189
41171;156
41172;202
41173;237
41174;44
41175;189
41176;116
41177;220
41178;149
41179;112
41180;228
41181;1
41182;83
41183;242
41184;235
41185;285
41186;189
41187;200
41188;260
41189;217
41190;228
41191;235
41192;170
41193;242
41194;294
41195;235
41196;288
41197;166
41198;189
41199;170
41200;228
41201;210
41202;83
41203;210
41204;208
41205;166
41206;112
41207;166
41208;87
41209;189
41210;76
41211;189
41212;149
41213;254
41214;149
41215;91
41216;189
41217;260
41218;126
41219;260
41220;66
41221;210
41222;252
41223;166
41224;170
41225;277
41226;149
41227;156
41228;217
41229;38
41230;170
41231;285
41232;166
41233;14
41234;20
41235;294
41236;202
41237;18
41238;48
41239;228
41240;83
41241;285
41242;34
41243;243
41244;156
41245;112
41246;59
41247;79
41248;166
41249;156
41250;97
41251;260
41252;260
41253;256
41254;149
41255;16
41256;112
41257;137
41258;16
41259;294
41260;112
41261;294
41262;48
41263;189
41264;7
41265;91
41266;245
41267;170
41268;228
41269;238
41270;34
41271;115
41272;228
41273;254
41274;133
41275;170
41276;189
41277;226
41278;221
41279;18
41280;260
41281;20
41282;20
41283;177
41284;166
41285;112
41286;280
41287;284
41288;103
41289;83
41290;58
41291;139
41292;260
41293;137
41294;36
41295;133
41296;87
41297;267
41298;134
41299;134
41300;157
41301;83
41302;228
41303;202
41304;59
41305;81
41306;59
41307;71
41308;48
41309;294
41310;149
41311;166
41312;134
41313;120
41314;285
41315;86
41316;261
41317;235
41318;134
41319;72
41320;294
41321;134
41322;260
41323;71
41324;228
41325;245
41326;277
41327;120
41328;112
41329;218
41330;218
41331;120
41332;134
41333;248
41334;182
41335;170
41336;1
41337;166
41338;280
41339;235
41340;263
41341;243
41342;44
41343;202
41344;260
41345;166
41346;221
41347;102
41348;18
41349;248
41350;277
41351;284
41352;277
41353;237
41354;192
41355;160
41356;156
41357;242
41358;34
41359;71
41360;189
41361;177
41362;58
41363;278
41364;166
41365;16
41366;149
41367;34
41368;170
41369;18
41370;238
41371;170
41372;14
41373;260
41374;86
41375;24
41376;228
41377;228
41378;245
41379;228
41380;183
41381;83
41382;83
41383;245
41384;217
41385;114
41386;37
41387;214
41388;66
41389;235
41390;51
41391;112
41392;198
41393;245
41394;87
41395;156
41396;115
41397;149
41398;248
41399;7
41400;108
41401;134
41402;58
41403;170
41404;200
41405;134
41406;134
41407;280
41408;177
41409;189
41410;91
41411;58
41412;210
41413;44
41414;7
41415;277
41416;228
41417;252
41418;169
41419;66
41420;221
41421;83
41422;156
41423;58
41424;235
41425;149
41426;210
41427;248
41428;48
41429;48
41430;280
41431;170
41432;260
41433;102
41434;294
41435;248
41436;245
41437;236
41438;228
41439;182
41440;228
41441;189
41442;170
41443;272
41444;228
41445;83
41446;156
41447;235
41448;226
41449;166
41450;76
41451;146
41452;140
41453;170
41454;248
41455;149
41456;20
41457;115
41458;183
41459;20
41460;44
41461;202
41462;202
41463;140
41464;191
41465;79
41466;128
41467;166
41468;166
41469;81
41470;235
41471;235
41472;83
41473;108
41474;228
41475;83
41476;156
41477;294
41478;156
41479;134
41480;189
41481;166
41482;112
41483;134
41484;18
41485;105
41486;14
41487;278
41488;248
41489;60
41490;221
41491;71
41492;208
41493;285
41494;48
41495;44
41496;218
41497;248
41498;238
41499;1
41500;228
41501;149
41502;157
41503;189
41504;192
41505;228
41506;166
41507;242
41508;170
41509;235
41510;146
41511;112
41512;254
41513;133
41514;112
41515;166
41516;237
41517;235
41518;235
41519;182
41520;210
41521;156
41522;183
41523;86
41524;83
41525;170
41526;170
41527;112
41528;134
41529;148
41530;24
41531;157
41532;202
41533;228
41534;166
41535;81
41536;228
41537;156
41538;126
41539;189
41540;285
41541;221
41542;210
41543;149
41544;166
41545;228
41546;245
41547;103
41548;37
41549;86
41550;260
41551;189
41552;189
41553;149
41554;44
41555;245
41556;86
41557;228
41558;235
41559;166
41560;170
41561;116
41562;83
41563;170
41564;228
41565;71
41566;115
41567;115
41568;228
41569;149
41570;189
41571;146
41572;191
41573;133
41574;208
41575;134
41576;210
41577;48
41578;210
41579;260
41580;280
41581;280
41582;156
41583;44
41584;278
41585;284
41586;217
41587;248
41588;46
41589;252
41590;128
41591;235
41592;226
41593;245
41594;294
41595;18
41596;24
41597;66
41598;208
41599;170
41600;58
41601;20
41602;235
41603;202
41604;235
41605;170
41606;202
41607;265
41608;156
41609;76
41610;34
41611;128
41612;166
41613;133
41614;86
41615;261
41616;134
41617;166
41618;60
41619;149
41620;38
41621;166
41622;234
41623;252
41624;166
41625;40
41626;137
41627;201
41628;210
41629;189
41630;210
41631;261
41632;166
41633;40
41634;102
41635;83
41636;210
41637;189
41638;228
41639;60
41640;149
41641;202
41642;260
41643;83
41644;248
41645;83
41646;166
41647;238
41648;170
41649;20
41650;260
41651;252
41652;115
41653;10
41654;20
41655;235
41656;146
41657;214
41658;18
41659;166
41660;137
41661;252
41662;66
41663;48
41664;272
41665;189
41666;170
41667;261
41668;166
41669;260
41670;228
41671;24
41672;44
41673;166
41674;235
41675;83
41676;83
41677;166
41678;16
41679;166
41680;260
41681;134
41682;140
41683;260
41684;159
41685;260
41686;166
41687;252
41688;243
41689;140
41690;20
41691;46
41692;237
41693;48
41694;146
41695;254
41696;59
41697;66
41698;146
41699;149
41700;249
41701;210
41702;71
41703;115
41704;116
41705;48
41706;59
41707;210
41708;170
41709;261
41710;149
41711;120
41712;252
41713;261
41714;91
41715;149
41716;66
41717;189
41718;166
41719;278
41720;260
41721;115
41722;149
41723;177
41724;228
41725;210
41726;228
41727;170
41728;242
41729;116
41730;243
41731;245
41732;176
41733;228
41734;156
41735;249
41736;102
41737;66
41738;228
41739;170
41740;260
41741;166
41742;210
41743;134
41744;145
41745;140
41746;189
41747;134
41748;156
41749;189
41750;260
41751;260
41752;170
41753;20
41754;189
41755;242
41756;252
41757;260
41758;228
41759;76
41760;228
41761;126
41762;183
41763;252
41764;189
41765;208
41766;134
41767;252
41768;134
41769;137
41770;189
41771;120
41772;243
41773;112
41774;170
41775;44
41776;83
41777;20
41778;108
41779;115
41780;166
41781;261
41782;44
41783;228
41784;48
41785;137
41786;156
41787;120
41788;228
41789;261
41790;221
41791;201
41792;91
41793;170
41794;40
41795;250
41796;280
41797;235
41798;250
41799;210
41800;170
41801;217
41802;189
41803;58
41804;243
41805;272
41806;189
41807;91
41808;71
41809;156
41810;242
41811;260
41812;228
41813;166
41814;20
41815;189
41816;254
41817;149
41818;20
41819;71
41820;228
41821;228
41822;137
41823;166
41824;40
41825;189
41826;166
41827;48
41828;137
41829;149
41830;124
41831;261
41832;235
41833;145
41834;245
41835;221
41836;20
41837;83
41838;228
41839;294
41840;149
41841;83
41842;235
41843;284
41844;189
41845;120
41846;166
41847;44
41848;228
41849;260
41850;183
41851;183
41852;242
41853;189
41854;170
41855;277
41856;228
41857;278
41858;166
41859;102
41860;166
41861;235
41862;44
41863;294
41864;170
41865;272
41866;157
41867;228
41868;177
41869;248
41870;71
41871;114
41872;16
41873;149
41874;245
41875;60
41876;102
41877;87
41878;87
41879;170
41880;114
41881;260
41882;145
41883;10
41884;189
41885;20
41886;228
41887;208
41888;170
41889;170
41890;149
41891;170
41892;105
41893;40
41894;189
41895;20
41896;83
41897;145
41898;58
41899;284
41900;20
41901;189
41902;214
41903;157
41904;189
41905;231
41906;213
41907;248
41908;149
41909;260
41910;91
41911;189
41912;260
41913;189
41914;260
41915;48
41916;202
41917;217
41918;137
41919;235
41920;21
41921;202
41922;22
41923;248
41924;189
41925;245
41926;83
41927;200
41928;83
41929;235
41930;170
41931;245
41932;156
41933;245
41934;189
41935;108
41936;4
41937;237
41938;44
41939;217
41940;16
41941;189
41942;235
41943;202
41944;134
41945;166
41946;71
41947;200
41948;248
41949;210
41950;134
41951;83
41952;14
41953;252
41954;10
41955;170
41956;137
41957;146
41958;34
41959;202
41960;235
41961;114
41962;260
41963;44
41964;76
41965;87
41966;228
41967;202
41968;157
41969;228
41970;236
41971;176
41972;170
41973;140
41974;228
41975;266
41976;228
41977;79
41978;189
41979;115
41980;83
41981;87
41982;37
41983;277
41984;284
41985;166
41986;166
41987;76
41988;66
41989;235
41990;76
41991;189
41992;166
41993;115
41994;116
41995;237
41996;260
41997;170
41998;213
41999;228
42000;265
42001;156
42002;235
42003;102
42004;-1
42005;278
42006;149
42007;294
42008;71
42009;166
42010;46
42011;260
42012;44
42013;189
42014;156
42015;260
42016;250
42017;189
42018;38
42019;248
42020;149
42021;252
42022;213
42023;280
42024;156
42025;267
42026;156
42027;83
42028;48
42029;148
42030;200
42031;83
42032;83
42033;208
42034;210
42035;242
42036;166
42037;83
42038;112
42039;189
42040;252
42041;103
42042;157
42043;228
42044;189
42045;208
42046;170
42047;55
42048;280
42049;228
42050;166
42051;213
42052;166
42053;86
42054;265
42055;20
42056;160
42057;115
42058;20
42059;228
42060;134
42061;248
42062;237
42063;37
42064;91
42065;235
42066;112
42067;228
42068;245
42069;170
42070;189
42071;189
42072;38
42073;234
42074;284
42075;38
42076;115
42077;149
42078;149
42079;260
42080;105
42081;133
42082;285
42083;156
42084;83
42085;192
42086;176
42087;285
42088;210
42089;280
42090;248
42091;137
42092;245
42093;228
42094;228
42095;189
42096;156
42097;133
42098;149
42099;157
42100;149
42101;208
42102;112
42103;87
42104;242
42105;294
42106;210
42107;217
42108;224
42109;235
42110;217
42111;71
42112;44
42113;146
42114;114
42115;170
42116;235
42117;166
42118;86
42119;279
42120;148
42121;192
42122;166
42123;156
42124;210
42125;83
42126;112
42127;48
42128;7
42129;242
42130;189
42131;213
42132;208
42133;182
42134;252
42135;112
42136;166
42137;128
42138;128
42139;266
42140;242
42141;170
42142;103
42143;228
42144;189
42145;170
42146;145
42147;260
42148;8
42149;126
42150;210
42151;228
42152;248
42153;235
42154;156
42155;166
42156;192
42157;235
42158;245
42159;137
42160;294
42161;149
42162;166
42163;280
42164;46
42165;226
42166;234
42167;248
42168;202
42169;38
42170;237
42171;248
42172;166
42173;166
42174;115
42175;252
42176;248
42177;120
42178;115
42179;79
42180;114
42181;134
42182;20
42183;170
42184;189
42185;202
42186;24
42187;191
42188;34
42189;243
42190;285
42191;156
42192;156
42193;228
42194;156
42195;16
42196;217
42197;228
42198;1
42199;189
42200;34
42201;250
42202;210
42203;60
42204;166
42205;60
42206;156
42207;228
42208;260
42209;156
42210;208
42211;189
42212;79
42213;228
42214;189
42215;115
42216;145
42217;189
42218;248
42219;166
42220;266
42221;202
42222;160
42223;177
42224;137
42225;210
42226;189
42227;260
42228;210
42229;134
42230;170
42231;235
42232;170
42233;236
42234;87
42235;98
42236;139
42237;156
42238;160
42239;149
42240;267
42241;148
42242;160
42243;157
42244;112
42245;133
42246;252
42247;228
42248;170
42249;192
42250;149
42251;208
42252;248
42253;228
42254;189
42255;228
42256;140
42257;134
42258;87
42259;235
42260;134
42261;260
42262;86
42263;108
42264;156
42265;134
42266;166
42267;166
42268;134
42269;20
42270;18
42271;217
42272;34
42273;62
42274;176
42275;248
42276;170
42277;282
42278;170
42279;76
42280;202
42281;218
42282;104
42283;189
42284;166
42285;202
42286;149
42287;166
42288;102
42289;280
42290;166
42291;248
42292;189
42293;261
42294;252
42295;286
42296;87
42297;201
42298;149
42299;156
42300;170
42301;66
42302;245
42303;83
42304;20
42305;51
42306;228
42307;272
42308;242
42309;228
42310;115
42311;170
42312;156
42313;260
42314;149
42315;260
42316;183
42317;18
42318;242
42319;280
42320;7
42321;228
42322;120
42323;156
42324;170
42325;228
42326;58
42327;235
42328;87
42329;108
42330;40
42331;189
42332;38
42333;170
42334;157
42335;79
42336;208
42337;170
42338;83
42339;170
42340;260
42341;260
42342;189
42343;248
42344;44
42345;7
42346;137
42347;260
42348;11
42349;189
42350;228
42351;126
42352;112
42353;60
42354;288
42355;189
42356;235
42357;140
42358;14
42359;238
42360;245
42361;248
42362;66
42363;83
42364;166
42365;105
42366;235
42367;200
42368;228
42369;71
42370;189
42371;128
42372;228
42373;44
42374;38
42375;217
42376;209
42377;189
42378;87
42379;189
42380;260
42381;182
42382;210
42383;228
42384;20
42385;210
42386;66
42387;148
42388;198
42389;40
42390;228
42391;139
42392;149
42393;242
42394;208
42395;280
42396;189
42397;58
42398;76
42399;189
42400;260
42401;231
42402;166
42403;146
42404;235
42405;166
42406;189
42407;71
42408;170
42409;134
42410;210
42411;280
42412;228
42413;164
42414;87
42415;228
42416;235
42417;133
42418;44
42419;170
42420;202
42421;59
42422;191
42423;235
42424;83
42425;189
42426;166
42427;228
42428;210
42429;189
42430;48
42431;156
42432;60
42433;11
42434;87
42435;83
42436;278
42437;149
42438;218
42439;156
42440;183
42441;20
42442;91
42443;20
42444;133
42445;235
42446;134
42447;189
42448;245
42449;228
42450;236
42451;148
42452;87
42453;156
42454;260
42455;278
42456;183
42457;245
42458;210
42459;62
42460;294
42461;189
42462;208
42463;134
42464;20
42465;166
42466;189
42467;235
42468;200
42469;189
42470;48
42471;149
42472;14
42473;189
42474;192
42475;189
42476;48
42477;149
42478;189
42479;242
42480;213
42481;8
42482;235
42483;245
42484;238
42485;112
42486;128
42487;20
42488;235
42489;284
42490;170
42491;221
42492;213
42493;235
42494;170
42495;235
42496;210
42497;170
42498;183
42499;235
42500;170
42501;202
42502;210
42503;214
42504;202
42505;252
42506;160
42507;228
42508;228
42509;260
42510;237
42511;86
42512;105
42513;221
42514;149
42515;170
42516;237
42517;285
42518;71
42519;231
42520;261
42521;266
42522;189
42523;149
42524;149
42525;210
42526;228
42527;228
42528;71
42529;294
42530;18
42531;189
42532;149
42533;200
42534;248
42535;213
42536;166
42537;157
42538;149
42539;208
42540;189
42541;60
42542;166
42543;236
42544;189
42545;210
42546;166
42547;228
42548;242
42549;156
42550;242
42551;44
42552;170
42553;237
42554;149
42555;166
42556;280
42557;210
42558;40
42559;170
42560;213
42561;213
42562;189
42563;108
42564;146
42565;103
42566;134
42567;148
42568;189
42569;156
42570;149
42571;134
42572;189
42573;66
42574;237
42575;210
42576;252
42577;20
42578;166
42579;189
42580;14
42581;170
42582;149
42583;1
42584;202
42585;149
42586;183
42587;284
42588;242
42589;228
42590;208
42591;149
42592;228
42593;133
42594;228
42595;235
42596;278
42597;149
42598;235
42599;166
42600;48
42601;278
42602;166
42603;71
42604;170
42605;189
42606;210
42607;86
42608;218
42609;200
42610;71
42611;189
42612;189
42613;86
42614;166
42615;252
42616;252
42617;34
42618;137
42619;221
42620;294
42621;260
42622;114
42623;228
42624;134
42625;126
42626;156
42627;76
42628;228
42629;189
42630;114
42631;149
42632;40
42633;210
42634;228
42635;202
42636;10
42637;149
42638;166
42639;285
42640;146
42641;237
42642;166
42643;166
42644;260
42645;192
42646;235
42647;115
42648;86
42649;235
42650;242
42651;265
42652;242
42653;170
42654;112
42655;137
42656;166
42657;170
42658;83
42659;189
42660;20
42661;66
42662;156
42663;170
42664;210
42665;146
42666;66
42667;149
42668;228
42669;83
42670;238
42671;18
42672;220
42673;208
42674;210
42675;245
42676;235
42677;210
42678;189
42679;189
42680;166
42681;202
42682;189
42683;103
42684;145
42685;192
42686;83
42687;284
42688;177
42689;166
42690;170
42691;189
42692;7
42693;235
42694;60
42695;156
42696;245
42697;189
42698;83
42699;260
42700;48
42701;128
42702;280
42703;14
42704;189
42705;66
42706;134
42707;20
42708;202
42709;254
42710;248
42711;260
42712;210
42713;44
42714;170
42715;228
42716;170
42717;242
42718;228
42719;71
42720;46
42721;189
42722;252
42723;166
42724;260
42725;245
42726;245
42727;260
42728;278
42729;44
42730;189
42731;166
42732;83
42733;217
42734;221
42735;108
42736;245
42737;189
42738;177
42739;166
42740;208
42741;260
42742;170
42743;208
42744;210
42745;166
42746;189
42747;114
42748;228
42749;149
42750;260
42751;157
42752;60
42753;189
42754;250
42755;252
42756;199
42757;235
42758;20
42759;58
42760;243
42761;248
42762;252
42763;248
42764;133
42765;166
42766;71
42767;166
42768;192
42769;37
42770;237
42771;224
42772;170
42773;189
42774;189
42775;260
42776;183
42777;228
42778;83
42779;189
42780;58
42781;191
42782;137
42783;115
42784;189
42785;248
42786;20
42787;245
42788;66
42789;189
42790;235
42791;235
42792;210
42793;228
42794;46
42795;221
42796;83
42797;34
42798;166
42799;156
42800;44
42801;201
42802;177
42803;156
42804;228
42805;170
42806;245
42807;202
42808;59
42809;157
42810;66
42811;189
42812;248
42813;157
42814;210
42815;228
42816;237
42817;284
42818;160
42819;87
42820;166
42821;235
42822;243
42823;170
42824;149
42825;260
42826;177
42827;235
42828;210
42829;10
42830;228
42831;115
42832;1
42833;260
42834;83
42835;134
42836;170
42837;228
42838;248
42839;134
42840;170
42841;20
42842;112
42843;156
42844;243
42845;170
42846;260
42847;20
42848;284
42849;189
42850;91
42851;248
42852;202
42853;170
42854;148
42855;237
42856;87
42857;183
42858;228
42859;40
42860;228
42861;87
42862;189
42863;189
42864;20
42865;21
42866;256
42867;46
42868;286
42869;192
42870;279
42871;210
42872;170
42873;189
42874;202
42875;237
42876;284
42877;254
42878;245
42879;137
42880;134
42881;260
42882;278
42883;266
42884;71
42885;1
42886;134
42887;149
42888;210
42889;102
42890;183
42891;286
42892;245
42893;284
42894;294
42895;208
42896;166
42897;66
42898;112
42899;235
42900;242
42901;86
42902;156
42903;83
42904;272
42905;235
42906;44
42907;145
42908;102
42909;170
42910;83
42911;189
42912;261
42913;294
42914;134
42915;76
42916;176
42917;254
42918;102
42919;20
42920;60
42921;228
42922;166
42923;210
42924;228
42925;192
42926;242
42927;134
42928;235
42929;166
42930;115
42931;170
42932;137
42933;137
42934;103
42935;189
42936;235
42937;260
42938;103
42939;285
42940;252
42941;166
42942;71
42943;149
42944;166
42945;210
42946;71
42947;157
42948;237
42949;189
42950;166
42951;260
42952;169
42953;102
42954;242
42955;260
42956;228
42957;71
42958;265
42959;8
42960;102
42961;278
42962;245
42963;149
42964;38
42965;260
42966;170
42967;294
42968;140
42969;284
42970;250
42971;146
42972;166
42973;237
42974;149
42975;72
42976;209
42977;252
42978;87
42979;294
42980;210
42981;145
42982;148
42983;166
42984;243
42985;166
42986;285
42987;170
42988;112
42989;156
42990;112
42991;133
42992;103
42993;170
42994;235
42995;20
42996;294
42997;149
42998;18
42999;294
43000;169
43001;149
43002;176
43003;235
43004;91
43005;228
43006;235
43007;228
43008;228
43009;213
43010;221
43011;242
43012;202
43013;20
43014;182
43015;192
43016;228
43017;44
43018;260
43019;149
43020;260
43021;228
43022;170
43023;248
43024;169
43025;189
43026;170
43027;228
43028;234
43029;284
43030;149
43031;189
43032;192
43033;166
43034;284
43035;189
43036;91
43037;71
43038;221
43039;149
43040;228
43041;228
43042;24
43043;210
43044;166
43045;149
43046;210
43047;228
43048;210
43049;102
43050;235
43051;189
43052;112
43053;248
43054;40
43055;245
43056;137
43057;260
43058;134
43059;145
43060;228
43061;260
43062;228
43063;284
43064;228
43065;202
43066;116
43067;149
43068;260
43069;71
43070;16
43071;280
43072;140
43073;133
43074;231
43075;228
43076;198
43077;189
43078;58
43079;1
43080;176
43081;126
43082;210
43083;228
43084;189
43085;-1
43086;189
43087;-1
43088;170
43089;242
43090;294
43091;83
43092;260
43093;166
43094;140
43095;231
43096;235
43097;71
43098;192
43099;189
43100;170
43101;149
43102;242
43103;149
43104;235
43105;156
43106;210
43107;156
43108;210
43109;198
43110;170
43111;169
43112;236
43113;236
43114;189
43115;189
43116;166
43117;248
43118;114
43119;166
43120;237
43121;34
43122;170
43123;189
43124;294
43125;280
43126;62
43127;60
43128;71
43129;112
43130;166
43131;189
43132;183
43133;112
43134;20
43135;285
43136;48
43137;166
43138;46
43139;1
43140;156
43141;189
43142;156
43143;177
43144;170
43145;156
43146;40
43147;134
43148;235
43149;71
43150;149
43151;228
43152;176
43153;115
43154;202
43155;202
43156;248
43157;192
43158;71
43159;24
43160;214
43161;134
43162;237
43163;224
43164;236
43165;149
43166;209
43167;91
43168;285
43169;160
43170;134
43171;81
43172;170
43173;280
43174;149
43175;280
43176;76
43177;66
43178;238
43179;148
43180;279
43181;200
43182;170
43183;280
43184;114
43185;156
43186;228
43187;20
43188;235
43189;83
43190;71
43191;20
43192;83
43193;221
43194;189
43195;260
43196;170
43197;189
43198;189
43199;210
43200;242
43201;248
43202;145
43203;166
43204;108
43205;170
43206;166
43207;192
43208;83
43209;134
43210;112
43211;243
43212;260
43213;189
43214;189
43215;189
43216;156
43217;176
43218;170
43219;112
43220;245
43221;235
43222;20
43223;254
43224;156
43225;189
43226;96
43227;235
43228;24
43229;202
43230;87
43231;245
43232;200
43233;149
43234;191
43235;189
43236;133
43237;145
43238;156
43239;189
43240;156
43241;166
43242;76
43243;263
43244;146
43245;7
43246;217
43247;260
43248;58
43249;213
43250;242
43251;183
43252;87
43253;166
43254;137
43255;170
43256;71
43257;208
43258;272
43259;192
43260;79
43261;71
43262;134
43263;149
43264;189
43265;231
43266;133
43267;140
43268;129
43269;210
43270;260
43271;48
43272;83
43273;48
43274;83
43275;20
43276;248
43277;145
43278;243
43279;71
43280;250
43281;243
43282;237
43283;234
43284;228
43285;228
43286;177
43287;114
43288;200
43289;235
43290;248
43291;128
43292;235
43293;217
43294;156
43295;166
43296;235
43297;260
43298;115
43299;189
43300;87
43301;189
43302;62
43303;189
43304;245
43305;245
43306;189
43307;243
43308;261
43309;210
43310;66
43311;134
43312;102
43313;198
43314;228
43315;40
43316;103
43317;248
43318;159
43319;149
43320;1
43321;170
43322;34
43323;137
43324;86
43325;71
43326;228
43327;228
43328;170
43329;248
43330;256
43331;210
43332;210
43333;149
43334;252
43335;170
43336;228
43337;208
43338;59
43339;83
43340;166
43341;24
43342;252
43343;285
43344;228
43345;87
43346;166
43347;112
43348;208
43349;114
43350;156
43351;218
43352;228
43353;126
43354;86
43355;192
43356;278
43357;20
43358;228
43359;149
43360;87
43361;166
43362;210
43363;189
43364;189
43365;210
43366;245
43367;228
43368;166
43369;189
43370;235
43371;71
43372;176
43373;189
43374;120
43375;149
43376;83
43377;228
43378;159
43379;149
43380;156
43381;192
43382;149
43383;8
43384;126
43385;183
43386;248
43387;260
43388;177
43389;156
43390;228
43391;83
43392;260
43393;252
43394;213
43395;235
43396;248
43397;7
43398;44
43399;105
43400;237
43401;245
43402;243
43403;71
43404;160
43405;156
43406;91
43407;112
43408;189
43409;86
43410;105
43411;170
43412;126
43413;83
43414;112
43415;245
43416;71
43417;102
43418;260
43419;83
43420;245
43421;166
43422;210
43423;149
43424;294
43425;71
43426;18
43427;248
43428;242
43429;260
43430;183
43431;224
43432;102
43433;200
43434;166
43435;7
43436;44
43437;260
43438;210
43439;166
43440;245
43441;286
43442;210
43443;192
43444;166
43445;235
43446;166
43447;166
43448;294
43449;149
43450;254
43451;14
43452;284
43453;252
43454;217
43455;86
43456;128
43457;194
43458;242
43459;156
43460;71
43461;189
43462;170
43463;149
43464;260
43465;294
43466;189
43467;189
43468;71
43469;126
43470;112
43471;234
43472;237
43473;149
43474;261
43475;137
43476;210
43477;189
43478;198
43479;134
43480;261
43481;254
43482;235
43483;189
43484;83
43485;76
43486;170
43487;60
43488;1
43489;108
43490;-1
43491;134
43492;112
43493;137
43494;242
43495;189
43496;278
43497;116
43498;170
43499;285
43500;208
43501;71
43502;149
43503;243
43504;160
43505;76
43506;221
43507;159
43508;149
43509;272
43510;198
43511;102
43512;149
43513;228
43514;260
43515;170
43516;71
43517;44
43518;252
43519;11
43520;170
43521;112
43522;260
43523;108
43524;294
43525;128
43526;285
43527;236
43528;212
43529;114
43530;87
43531;235
43532;170
43533;228
43534;44
43535;40
43536;294
43537;156
43538;149
43539;40
43540;156
43541;189
43542;46
43543;217
43544;202
43545;112
43546;242
43547;284
43548;183
43549;76
43550;192
43551;235
43552;170
43553;149
43554;228
43555;157
43556;265
43557;189
43558;16
43559;148
43560;102
43561;210
43562;137
43563;105
43564;252
43565;252
43566;166
43567;284
43568;217
43569;137
43570;170
43571;248
43572;24
43573;66
43574;228
43575;235
43576;260
43577;128
43578;238
43579;166
43580;83
43581;44
43582;86
43583;22
43584;140
43585;189
43586;284
43587;189
43588;228
43589;210
43590;87
43591;115
43592;22
43593;134
43594;59
43595;189
43596;76
43597;16
43598;210
43599;71
43600;166
43601;228
43602;66
43603;7
43604;149
43605;260
43606;218
43607;71
43608;157
43609;189
43610;149
43611;48
43612;252
43613;280
43614;166
43615;149
43616;170
43617;169
43618;83
43619;235
43620;71
43621;148
43622;14
43623;189
43624;20
43625;166
43626;120
43627;91
43628;24
43629;217
43630;83
43631;294
43632;254
43633;166
43634;235
43635;133
43636;228
43637;189
43638;156
43639;228
43640;202
43641;48
43642;235
43643;112
43644;189
43645;192
43646;170
43647;235
43648;20
43649;83
43650;114
43651;112
43652;235
43653;137
43654;46
43655;149
43656;278
43657;71
43658;112
43659;284
43660;166
43661;87
43662;248
43663;248
43664;260
43665;260
43666;189
43667;189
43668;71
43669;208
43670;149
43671;44
43672;146
43673;261
43674;200
43675;252
43676;11
43677;245
43678;248
43679;97
43680;243
43681;146
43682;156
43683;137
43684;200
43685;183
43686;202
43687;20
43688;83
43689;237
43690;48
43691;284
43692;189
43693;24
43694;149
43695;202
43696;256
43697;170
43698;166
43699;183
43700;71
43701;285
43702;189
43703;170
43704;114
43705;256
43706;235
43707;166
43708;128
43709;76
43710;166
43711;252
43712;228
43713;220
43714;189
43715;248
43716;170
43717;48
43718;272
43719;235
43720;210
43721;280
43722;170
43723;183
43724;146
43725;83
43726;159
43727;120
43728;243
43729;48
43730;189
43731;166
43732;228
43733;44
43734;60
43735;149
43736;245
43737;51
43738;170
43739;228
43740;170
43741;166
43742;248
43743;221
43744;183
43745;166
43746;86
43747;224
43748;235
43749;166
43750;156
43751;83
43752;164
43753;260
43754;115
43755;60
43756;60
43757;166
43758;71
43759;134
43760;285
43761;243
43762;217
43763;114
43764;170
43765;60
43766;200
43767;238
43768;192
43769;170
43770;72
43771;170
43772;149
43773;192
43774;20
43775;210
43776;208
43777;148
43778;86
43779;245
43780;73
43781;183
43782;189
43783;103
43784;58
43785;189
43786;192
43787;254
43788;146
43789;237
43790;245
43791;59
43792;18
43793;146
43794;189
43795;256
43796;286
43797;83
43798;44
43799;189
43800;170
43801;198
43802;294
43803;166
43804;48
43805;254
43806;156
43807;58
43808;120
43809;221
43810;294
43811;71
43812;248
43813;149
43814;214
43815;120
43816;183
43817;166
43818;214
43819;81
43820;250
43821;81
43822;228
43823;189
43824;189
43825;140
43826;285
43827;133
43828;277
43829;59
43830;166
43831;183
43832;83
43833;66
43834;189
43835;280
43836;261
43837;66
43838;189
43839;145
43840;149
43841;16
43842;16
43843;261
43844;134
43845;149
43846;201
43847;260
43848;86
43849;83
43850;71
43851;260
43852;115
43853;210
43854;157
43855;20
43856;210
43857;228
43858;137
43859;192
43860;157
43861;83
43862;189
43863;116
43864;156
43865;14
43866;129
43867;166
43868;103
43869;294
43870;133
43871;265
43872;36
43873;149
43874;235
43875;83
43876;160
43877;60
43878;235
43879;235
43880;177
43881;149
43882;58
43883;252
43884;48
43885;166
43886;149
43887;66
43888;166
43889;201
43890;170
43891;234
43892;140
43893;59
43894;189
43895;59
43896;189
43897;252
43898;156
43899;48
43900;189
43901;294
43902;156
43903;102
43904;243
43905;30
43906;87
43907;221
43908;20
43909;243
43910;166
43911;34
43912;243
43913;189
43914;189
43915;228
43916;213
43917;102
43918;44
43919;228
43920;228
43921;288
43922;86
43923;278
43924;221
43925;228
43926;170
43927;248
43928;149
43929;114
43930;134
43931;189
43932;235
43933;263
43934;248
43935;20
43936;231
43937;245
43938;189
43939;242
43940;242
43941;149
43942;243
43943;-1
43944;14
43945;212
43946;48
43947;208
43948;170
43949;208
43950;243
43951;202
43952;189
43953;44
43954;293
43955;20
43956;166
43957;189
43958;86
43959;213
43960;202
43961;18
43962;260
43963;40
43964;170
43965;202
43966;156
43967;114
43968;214
43969;137
43970;228
43971;245
43972;189
43973;210
43974;235
43975;210
43976;235
43977;102
43978;228
43979;189
43980;83
43981;40
43982;235
43983;294
43984;294
43985;140
43986;189
43987;189
43988;221
43989;48
43990;81
43991;79
43992;140
43993;277
43994;231
43995;235
43996;166
43997;189
43998;221
43999;213
44000;83
44001;83
44002;58
44003;1
44004;71
44005;86
44006;208
44007;156
44008;176
44009;189
44010;280
44011;254
44012;62
44013;-1
44014;170
44015;266
44016;280
44017;166
44018;166
44019;146
44020;221
44021;228
44022;83
44023;231
44024;228
44025;280
44026;157
44027;149
44028;226
44029;228
44030;260
44031;156
44032;120
44033;166
44034;260
44035;149
44036;280
44037;208
44038;277
44039;285
44040;284
44041;210
44042;170
44043;176
44044;202
44045;140
44046;214
44047;24
44048;166
44049;213
44050;202
44051;156
44052;237
44053;226
44054;189
44055;210
44056;156
44057;202
44058;267
44059;128
44060;149
44061;71
44062;260
44063;166
44064;149
44065;217
44066;237
44067;18
44068;189
44069;176
44070;236
44071;112
44072;86
44073;228
44074;34
44075;59
44076;192
44077;137
44078;210
44079;48
44080;86
44081;235
44082;245
44083;260
44084;228
44085;238
44086;189
44087;71
44088;44
44089;201
44090;189
44091;234
44092;189
44093;189
44094;218
44095;83
44096;228
44097;242
44098;248
44099;192
44100;166
44101;83
44102;149
44103;260
44104;235
44105;242
44106;146
44107;14
44108;71
44109;260
44110;237
44111;245
44112;134
44113;210
44114;189
44115;133
44116;166
44117;59
44118;235
44119;284
44120;10
44121;48
44122;120
44123;278
44124;237
44125;166
44126;66
44127;228
44128;20
44129;235
44130;260
44131;134
44132;252
44133;83
44134;34
44135;260
44136;83
44137;157
44138;46
44139;228
44140;81
44141;60
44142;105
44143;245
44144;170
44145;20
44146;189
44147;48
44148;114
44149;149
44150;20
44151;134
44152;24
44153;105
44154;71
44155;170
44156;249
44157;60
44158;20
44159;83
44160;83
44161;83
44162;149
44163;235
44164;20
44165;220
44166;166
44167;189
44168;242
44169;116
44170;189
44171;34
44172;217
44173;200
44174;265
44175;160
44176;76
44177;140
44178;252
44179;76
44180;261
44181;245
44182;189
44183;189
44184;189
44185;170
44186;44
44187;48
44188;126
44189;243
44190;189
44191;149
44192;146
44193;116
44194;170
44195;248
44196;260
44197;1
44198;170
44199;34
44200;170
44201;24
44202;254
44203;156
44204;149
44205;228
44206;20
44207;91
44208;212
44209;176
44210;71
44211;284
44212;8
44213;242
44214;226
44215;36
44216;213
44217;137
44218;137
44219;83
44220;157
44221;160
44222;166
44223;44
44224;208
44225;189
44226;166
44227;189
44228;252
44229;166
44230;260
44231;20
44232;210
44233;140
44234;261
44235;261
44236;71
44237;156
44238;134
44239;149
44240;260
44241;189
44242;108
44243;48
44244;20
44245;170
44246;86
44247;245
44248;248
44249;242
44250;261
44251;243
44252;260
44253;260
44254;137
44255;87
44256;200
44257;245
44258;166
44259;71
44260;202
44261;189
44262;261
44263;235
44264;115
44265;83
44266;260
44267;261
44268;102
44269;156
44270;228
44271;288
44272;66
44273;242
44274;228
44275;166
44276;166
44277;83
44278;210
44279;248
44280;252
44281;140
44282;71
44283;112
44284;235
44285;146
44286;170
44287;252
44288;260
44289;24
44290;149
44291;166
44292;170
44293;170
44294;245
44295;129
44296;83
44297;38
44298;210
44299;149
44300;260
44301;260
44302;34
44303;166
44304;191
44305;170
44306;226
44307;189
44308;145
44309;87
44310;38
44311;201
44312;170
44313;156
44314;108
44315;83
44316;260
44317;149
44318;189
44319;243
44320;278
44321;235
44322;267
44323;235
44324;254
44325;14
44326;14
44327;210
44328;189
44329;137
44330;235
44331;176
44332;235
44333;170
44334;220
44335;16
44336;149
44337;189
44338;177
44339;166
44340;87
44341;160
44342;126
44343;277
44344;58
44345;245
44346;149
44347;254
44348;260
44349;277
44350;272
44351;228
44352;235
44353;260
44354;260
44355;145
44356;235
44357;83
44358;71
44359;189
44360;156
44361;202
44362;252
44363;166
44364;169
44365;71
44366;114
44367;133
44368;228
44369;40
44370;237
44371;40
44372;202
44373;112
44374;243
44375;51
44376;252
44377;145
44378;160
44379;243
44380;228
44381;86
44382;170
44383;149
44384;228
44385;71
44386;294
44387;120
44388;228
44389;149
44390;189
44391;7
44392;189
44393;238
44394;76
44395;149
44396;228
44397;149
44398;66
44399;189
44400;170
44401;105
44402;202
44403;44
44404;235
44405;183
44406;260
44407;189
44408;210
44409;266
44410;133
44411;20
44412;137
44413;166
44414;20
44415;261
44416;170
44417;189
44418;235
44419;71
44420;170
44421;248
44422;189
44423;260
44424;134
44425;210
44426;149
44427;170
44428;149
44429;112
44430;149
44431;261
44432;20
44433;284
44434;58
44435;20
44436;228
44437;166
44438;157
44439;248
44440;91
44441;137
44442;189
44443;149
44444;170
44445;166
44446;189
44447;133
44448;156
44449;40
44450;137
44451;189
44452;102
44453;166
44454;134
44455;245
44456;60
44457;60
44458;7
44459;202
44460;91
44461;189
44462;272
44463;201
44464;71
44465;10
44466;156
44467;16
44468;149
44469;260
44470;116
44471;294
44472;285
44473;145
44474;157
44475;228
44476;210
44477;280
44478;189
44479;228
44480;210
44481;294
44482;71
44483;115
44484;166
44485;148
44486;40
44487;245
44488;157
44489;191
44490;71
44491;66
44492;66
44493;48
44494;294
44495;237
44496;87
44497;128
44498;170
44499;149
44500;59
44501;189
44502;189
44503;280
44504;166
44505;86
44506;189
44507;105
44508;18
44509;166
44510;71
44511;20
44512;160
44513;34
44514;14
44515;228
44516;170
44517;170
44518;235
44519;159
44520;248
44521;83
44522;235
44523;91
44524;228
44525;48
44526;243
44527;166
44528;166
44529;221
44530;20
44531;48
44532;128
44533;166
44534;128
44535;134
44536;228
44537;235
44538;228
44539;44
44540;87
44541;20
44542;44
44543;266
44544;83
44545;16
44546;137
44547;189
44548;280
44549;228
44550;228
44551;40
44552;260
44553;83
44554;260
44555;149
44556;128
44557;157
44558;213
44559;133
44560;170
44561;208
44562;213
44563;266
44564;293
44565;79
44566;210
44567;260
44568;245
44569;149
44570;-1
44571;242
44572;189
44573;170
44574;166
44575;48
44576;198
44577;83
44578;235
44579;103
44580;20
44581;112
44582;235
44583;156
44584;220
44585;86
44586;235
44587;288
44588;20
44589;71
44590;114
44591;91
44592;228
44593;102
44594;228
44595;208
44596;208
44597;149
44598;228
44599;55
44600;260
44601;71
44602;14
44603;34
44604;208
44605;189
44606;192
44607;159
44608;189
44609;20
44610;260
44611;248
44612;248
44613;189
44614;20
44615;166
44616;260
44617;189
44618;286
44619;294
44620;252
44621;250
44622;192
44623;208
44624;260
44625;126
44626;245
44627;1
44628;126
44629;24
44630;146
44631;1
44632;235
44633;228
44634;146
44635;200
44636;200
44637;212
44638;71
44639;189
44640;189
44641;103
44642;98
44643;134
44644;189
44645;189
44646;40
44647;280
44648;34
44649;189
44650;189
44651;260
44652;31
44653;83
44654;286
44655;44
44656;170
44657;182
44658;134
44659;248
44660;252
44661;91
44662;83
44663;18
44664;16
44665;228
44666;156
44667;213
44668;170
44669;228
44670;189
44671;166
44672;228
44673;166
44674;272
44675;189
44676;252
44677;242
44678;217
44679;159
44680;228
44681;272
44682;202
44683;112
44684;134
44685;166
44686;282
44687;14
44688;102
44689;221
44690;166
44691;252
44692;71
44693;245
44694;260
44695;228
44696;183
44697;146
44698;208
44699;189
44700;234
44701;228
44702;86
44703;115
44704;267
44705;156
44706;71
44707;164
44708;149
44709;221
44710;48
44711;60
44712;126
44713;243
44714;260
44715;48
44716;55
44717;170
44718;24
44719;170
44720;170
44721;7
44722;170
44723;126
44724;21
44725;208
44726;189
44727;79
44728;102
44729;98
44730;149
44731;189
44732;44
44733;20
44734;160
44735;242
44736;145
44737;146
44738;166
44739;149
44740;267
44741;189
44742;189
44743;260
44744;220
44745;112
44746;235
44747;260
44748;44
44749;261
44750;156
44751;228
44752;252
44753;245
44754;189
44755;18
44756;228
44757;44
44758;248
44759;189
44760;83
44761;284
44762;1
44763;149
44764;96
44765;189
44766;237
44767;140
44768;248
44769;228
44770;1
44771;189
44772;248
44773;60
44774;48
44775;221
44776;120
44777;149
44778;71
44779;166
44780;231
44781;83
44782;44
44783;166
44784;214
44785;235
44786;71
44787;261
44788;192
44789;228
44790;112
44791;140
44792;228
44793;20
44794;294
44795;140
44796;156
44797;294
44798;189
44799;202
44800;157
44801;228
44802;189
44803;192
44804;235
44805;284
44806;210
44807;16
44808;166
44809;71
44810;243
44811;20
44812;36
44813;166
44814;208
44815;60
44816;83
44817;87
44818;157
44819;71
44820;7
44821;245
44822;166
44823;149
44824;97
44825;170
44826;266
44827;189
44828;146
44829;160
44830;166
44831;254
44832;145
44833;18
44834;60
44835;134
44836;210
44837;14
44838;83
44839;236
44840;160
44841;137
44842;201
44843;245
44844;202
44845;149
44846;112
44847;256
44848;252
44849;189
44850;242
44851;228
44852;245
44853;235
44854;115
44855;176
44856;156
44857;252
44858;260
44859;228
44860;156
44861;134
44862;226
44863;235
44864;280
44865;235
44866;114
44867;108
44868;87
44869;83
44870;272
44871;20
44872;248
44873;243
44874;277
44875;145
44876;228
44877;38
44878;285
44879;128
44880;134
44881;170
44882;202
44883;202
44884;112
44885;260
44886;228
44887;62
44888;83
44889;44
44890;44
44891;235
44892;189
44893;156
44894;252
44895;149
44896;148
44897;280
44898;51
44899;66
44900;192
44901;103
44902;71
44903;248
44904;145
44905;242
44906;105
44907;208
44908;228
44909;267
44910;189
44911;166
44912;201
44913;267
44914;228
44915;115
44916;166
44917;170
44918;145
44919;210
44920;242
44921;1
44922;170
44923;44
44924;260
44925;149
44926;164
44927;260
44928;248
44929;140
44930;160
44931;242
44932;149
44933;278
44934;20
44935;252
44936;20
44937;228
44938;170
44939;48
44940;210
44941;272
44942;189
44943;40
44944;170
44945;235
44946;238
44947;166
44948;237
44949;170
44950;83
44951;156
44952;260
44953;220
44954;46
44955;189
44956;189
44957;170
44958;156
44959;248
44960;189
44961;55
44962;133
44963;228
44964;83
44965;202
44966;83
44967;189
44968;248
44969;14
44970;284
44971;280
44972;160
44973;252
44974;149
44975;87
44976;285
44977;245
44978;248
44979;228
44980;83
44981;228
44982;53
44983;112
44984;248
44985;166
44986;62
44987;252
44988;266
44989;156
44990;4
44991;202
44992;166
44993;280
44994;252
44995;170
44996;228
44997;20
44998;55
44999;170
45000;202
45001;157
45002;192
45003;91
45004;133
45005;170
45006;226
45007;221
45008;228
45009;235
45010;284
45011;137
45012;170
45013;128
45014;177
45015;228
45016;260
45017;294
45018;156
45019;170
45020;46
45021;235
45022;252
45023;284
45024;285
45025;210
45026;176
45027;266
45028;134
45029;134
45030;14
45031;108
45032;170
45033;208
45034;166
45035;221
45036;7
45037;44
45038;103
45039;156
45040;73
45041;210
45042;218
45043;245
45044;189
45045;236
45046;133
45047;228
45048;83
45049;210
45050;210
45051;40
45052;252
45053;166
45054;189
45055;235
45056;278
45057;189
45058;248
45059;189
45060;60
45061;156
45062;145
45063;248
45064;189
45065;134
45066;285
45067;242
45068;156
45069;237
45070;226
45071;83
45072;134
45073;235
45074;235
45075;44
45076;189
45077;120
45078;252
45079;200
45080;177
45081;20
45082;48
45083;83
45084;148
45085;260
45086;189
45087;166
45088;157
45089;272
45090;83
45091;228
45092;126
45093;170
45094;46
45095;156
45096;170
45097;228
45098;252
45099;149
45100;166
45101;170
45102;128
45103;245
45104;183
45105;213
45106;284
45107;280
45108;170
45109;149
45110;128
45111;120
45112;83
45113;221
45114;189
45115;210
45116;166
45117;248
45118;166
45119;210
45120;189
45121;228
45122;177
45123;248
45124;44
45125;76
45126;156
45127;245
45128;66
45129;235
45130;91
45131;177
45132;200
45133;272
45134;146
45135;260
45136;116
45137;235
45138;170
45139;248
45140;149
45141;86
45142;228
45143;201
45144;202
45145;224
45146;260
45147;170
45148;210
45149;228
45150;254
45151;145
45152;60
45153;212
45154;146
45155;20
45156;189
45157;210
45158;166
45159;166
45160;149
45161;8
45162;114
45163;200
45164;242
45165;166
45166;48
45167;226
45168;83
45169;104
45170;71
45171;166
45172;286
45173;149
45174;20
45175;278
45176;51
45177;112
45178;214
45179;189
45180;166
45181;170
45182;60
45183;245
45184;199
45185;157
45186;145
45187;202
45188;134
45189;83
45190;213
45191;166
45192;134
45193;248
45194;48
45195;235
45196;260
45197;228
45198;252
45199;278
45200;166
45201;137
45202;120
45203;294
45204;112
45205;146
45206;34
45207;20
45208;156
45209;192
45210;59
45211;126
45212;149
45213;34
45214;60
45215;137
45216;87
45217;60
45218;183
45219;228
45220;189
45221;166
45222;96
45223;38
45224;260
45225;71
45226;166
45227;198
45228;189
45229;20
45230;102
45231;115
45232;285
45233;237
45234;228
45235;170
45236;58
45237;102
45238;149
45239;166
45240;146
45241;252
45242;210
45243;137
45244;134
45245;166
45246;83
45247;260
45248;170
45249;235
45250;189
45251;217
45252;228
45253;146
45254;189
45255;159
45256;288
45257;170
45258;149
45259;149
45260;294
45261;245
45262;134
45263;1
45264;170
45265;189
45266;102
45267;202
45268;83
45269;149
45270;245
45271;189
45272;166
45273;120
45274;108
45275;7
45276;235
45277;228
45278;86
45279;14
45280;226
45281;284
45282;60
45283;156
45284;245
45285;170
45286;235
45287;210
45288;260
45289;128
45290;166
45291;189
45292;221
45293;189
45294;266
45295;103
45296;1
45297;169
45298;202
45299;210
45300;60
45301;272
45302;170
45303;160
45304;261
45305;238
45306;285
45307;252
45308;166
45309;245
45310;260
45311;260
45312;156
45313;235
45314;166
45315;73
45316;166
45317;10
45318;71
45319;149
45320;114
45321;189
45322;226
45323;146
45324;40
45325;170
45326;1
45327;156
45328;51
45329;66
45330;226
45331;21
45332;160
45333;170
45334;146
45335;48
45336;288
45337;83
45338;189
45339;189
45340;288
45341;20
45342;170
45343;149
45344;177
45345;166
45346;71
45347;156
45348;18
45349;105
45350;157
45351;102
45352;20
45353;157
45354;235
45355;280
45356;102
45357;83
45358;202
45359;266
45360;228
45361;66
45362;237
45363;245
45364;284
45365;76
45366;252
45367;260
45368;189
45369;166
45370;226
45371;256
45372;243
45373;261
45374;134
45375;210
45376;235
45377;228
45378;202
45379;166
45380;156
45381;166
45382;277
45383;228
45384;87
45385;235
45386;189
45387;166
45388;245
45389;128
45390;237
45391;279
45392;170
45393;156
45394;83
45395;260
45396;272
45397;285
45398;235
45399;228
45400;120
45401;134
45402;66
45403;228
45404;18
45405;170
45406;11
45407;134
45408;66
45409;146
45410;242
45411;192
45412;248
45413;114
45414;294
45415;137
45416;189
45417;260
45418;250
45419;210
45420;210
45421;149
45422;280
45423;294
45424;102
45425;294
45426;166
45427;200
45428;44
45429;166
45430;-1
45431;134
45432;260
45433;235
45434;48
45435;248
45436;48
45437;156
45438;231
45439;260
45440;272
45441;280
45442;202
45443;294
45444;66
45445;237
45446;156
45447;235
45448;14
45449;170
45450;189
45451;202
45452;210
45453;245
45454;134
45455;40
45456;260
45457;103
45458;228
45459;124
45460;189
45461;58
45462;170
45463;14
45464;260
45465;58
45466;146
45467;149
45468;170
45469;166
45470;198
45471;189
45472;124
45473;71
45474;145
45475;237
45476;134
45477;242
45478;71
45479;137
45480;44
45481;71
45482;209
45483;160
45484;212
45485;112
45486;235
45487;48
45488;120
45489;46
45490;71
45491;245
45492;44
45493;228
45494;237
45495;103
45496;66
45497;228
45498;189
45499;170
45500;189
45501;285
45502;294
45503;137
45504;280
45505;140
45506;228
45507;1
45508;60
45509;133
45510;189
45511;66
45512;145
45513;48
45514;71
45515;261
45516;133
45517;83
45518;149
45519;149
45520;157
45521;102
45522;189
45523;10
45524;156
45525;44
45526;260
45527;189
45528;170
45529;235
45530;235
45531;133
45532;146
45533;260
45534;-1
45535;228
45536;156
45537;166
45538;220
45539;170
45540;149
45541;202
45542;265
45543;149
45544;279
45545;76
45546;103
45547;228
45548;189
45549;213
45550;134
45551;46
45552;11
45553;294
45554;66
45555;83
45556;279
45557;284
45558;189
45559;166
45560;278
45561;102
45562;166
45563;245
45564;210
45565;202
45566;260
45567;108
45568;210
45569;149
45570;260
45571;248
45572;208
45573;192
45574;245
45575;235
45576;260
45577;228
45578;8
45579;91
45580;134
45581;245
45582;237
45583;260
45584;210
45585;146
45586;228
45587;83
45588;260
45589;134
45590;126
45591;294
45592;254
45593;242
45594;170
45595;235
45596;134
45597;200
45598;170
45599;112
45600;112
45601;248
45602;260
45603;235
45604;83
45605;103
45606;20
45607;277
45608;284
45609;260
45610;202
45611;71
45612;277
45613;156
45614;191
45615;228
45616;189
45617;103
45618;202
45619;189
45620;48
45621;86
45622;71
45623;83
45624;228
45625;228
45626;149
45627;115
45628;76
45629;48
45630;210
45631;134
45632;248
45633;134
45634;189
45635;48
45636;170
45637;202
45638;79
45639;134
45640;37
45641;248
45642;149
45643;254
45644;48
45645;260
45646;83
45647;71
45648;210
45649;114
45650;149
45651;134
45652;189
45653;256
45654;10
45655;60
45656;265
45657;260
45658;267
45659;279
45660;156
45661;149
45662;145
45663;83
45664;192
45665;252
45666;260
45667;62
45668;261
45669;51
45670;137
45671;156
45672;133
45673;208
45674;228
45675;10
45676;200
45677;189
45678;-1
45679;177
45680;149
45681;-1
45682;260
45683;20
45684;160
45685;242
45686;66
45687;189
45688;137
45689;248
45690;166
45691;83
45692;177
45693;149
45694;34
45695;235
45696;137
45697;261
45698;192
45699;278
45700;156
45701;228
45702;149
45703;60
45704;76
45705;228
45706;18
45707;248
45708;83
45709;44
45710;285
45711;189
45712;242
45713;38
45714;234
45715;189
45716;170
45717;83
45718;202
45719;248
45720;87
45721;235
45722;120
45723;202
45724;80
45725;166
45726;83
45727;160
45728;286
45729;213
45730;44
45731;20
45732;115
45733;134
45734;189
45735;294
45736;34
45737;192
45738;254
45739;114
45740;210
45741;44
45742;235
45743;217
45744;128
45745;243
45746;20
45747;166
45748;235
45749;149
45750;202
45751;245
45752;48
45753;148
45754;24
45755;137
45756;166
45757;267
45758;71
45759;53
45760;189
45761;285
45762;166
45763;260
45764;66
45765;294
45766;126
45767;191
45768;261
45769;177
45770;166
45771;112
45772;66
45773;66
45774;224
45775;126
45776;235
45777;234
45778;228
45779;166
45780;228
45781;96
45782;149
45783;71
45784;87
45785;120
45786;71
45787;278
45788;166
45789;108
45790;208
45791;189
45792;189
45793;235
45794;48
45795;235
45796;228
45797;189
45798;189
45799;272
45800;20
45801;126
45802;108
45803;235
45804;189
45805;166
45806;114
45807;192
45808;87
45809;177
45810;267
45811;20
45812;248
45813;145
45814;245
45815;170
45816;189
45817;243
45818;189
45819;280
45820;235
45821;149
45822;170
45823;189
45824;149
45825;115
45826;83
45827;228
45828;87
45829;137
45830;48
45831;288
45832;79
45833;202
45834;285
45835;112
45836;189
45837;20
45838;166
45839;83
45840;59
45841;71
45842;228
45843;120
45844;294
45845;235
45846;126
45847;60
45848;242
45849;294
45850;166
45851;235
45852;149
45853;166
45854;189
45855;156
45856;228
45857;189
45858;243
45859;235
45860;189
45861;149
45862;228
45863;103
45864;228
45865;38
45866;60
45867;149
45868;237
45869;260
45870;235
45871;265
45872;102
45873;189
45874;170
45875;160
45876;11
45877;235
45878;170
45879;102
45880;102
45881;248
45882;278
45883;210
45884;71
45885;189
45886;228
45887;198
45888;228
45889;189
45890;189
45891;149
45892;156
45893;140
45894;228
45895;48
45896;83
45897;260
45898;189
45899;248
45900;134
45901;284
45902;243
45903;116
45904;266
45905;217
45906;228
45907;260
45908;210
45909;86
45910;86
45911;183
45912;166
45913;134
45914;59
45915;260
45916;235
45917;170
45918;71
45919;20
45920;248
45921;18
45922;213
45923;83
45924;133
45925;228
45926;166
45927;209
45928;87
45929;189
45930;228
45931;294
45932;201
45933;11
45934;189
45935;284
45936;102
45937;128
45938;261
45939;58
45940;166
45941;149
45942;189
45943;170
45944;166
45945;285
45946;192
45947;44
45948;189
45949;79
45950;170
45951;79
45952;71
45953;272
45954;83
45955;81
45956;200
45957;277
45958;192
45959;129
45960;166
45961;166
45962;1
45963;83
45964;79
45965;236
45966;40
45967;137
45968;166
45969;1
45970;189
45971;59
45972;108
45973;34
45974;149
45975;235
45976;235
45977;48
45978;134
45979;285
45980;20
45981;116
45982;40
45983;189
45984;177
45985;48
45986;60
45987;252
45988;242
45989;83
45990;294
45991;149
45992;189
45993;156
45994;146
45995;235
45996;228
45997;260
45998;96
45999;235
46000;189
46001;200
46002;170
46003;115
46004;194
46005;170
46006;18
46007;210
46008;166
46009;228
46010;115
46011;87
46012;170
46013;166
46014;285
46015;294
46016;66
46017;20
46018;210
46019;279
46020;11
46021;192
46022;189
46023;170
46024;83
46025;212
46026;149
46027;183
46028;79
46029;149
46030;160
46031;243
46032;146
46033;170
46034;189
46035;201
46036;114
46037;83
46038;137
46039;137
46040;242
46041;210
46042;228
46043;34
46044;83
46045;115
46046;170
46047;44
46048;18
46049;170
46050;105
46051;20
46052;245
46053;160
46054;156
46055;149
46056;116
46057;260
46058;170
46059;137
46060;71
46061;134
46062;218
46063;20
46064;189
46065;156
46066;200
46067;194
46068;71
46069;115
46070;200
46071;44
46072;228
46073;189
46074;285
46075;189
46076;228
46077;192
46078;145
46079;202
46080;97
46081;235
46082;202
46083;34
46084;166
46085;1
46086;235
46087;145
46088;170
46089;170
46090;83
46091;48
46092;166
46093;235
46094;189
46095;245
46096;189
46097;133
46098;210
46099;149
46100;243
46101;228
46102;214
46103;87
46104;201
46105;20
46106;208
46107;212
46108;126
46109;245
46110;260
46111;210
46112;83
46113;228
46114;156
46115;156
46116;146
46117;170
46118;234
46119;278
46120;170
46121;294
46122;260
46123;34
46124;201
46125;102
46126;114
46127;210
46128;48
46129;60
46130;166
46131;112
46132;160
46133;252
46134;182
46135;134
46136;7
46137;192
46138;189
46139;245
46140;166
46141;170
46142;189
46143;176
46144;228
46145;210
46146;176
46147;83
46148;189
46149;189
46150;-1
46151;134
46152;170
46153;20
46154;235
46155;189
46156;170
46157;166
46158;170
46159;156
46160;170
46161;102
46162;221
46163;148
46164;16
46165;148
46166;146
46167;137
46168;252
46169;245
46170;170
46171;224
46172;189
46173;71
46174;166
46175;284
46176;242
46177;189
46178;24
46179;166
46180;235
46181;260
46182;189
46183;159
46184;103
46185;87
46186;170
46187;160
46188;149
46189;189
46190;22
46191;228
46192;280
46193;189
46194;112
46195;245
46196;189
46197;210
46198;102
46199;129
46200;79
46201;83
46202;210
46203;83
46204;166
46205;60
46206;189
46207;213
46208;267
46209;60
46210;284
46211;200
46212;149
46213;48
46214;108
46215;59
46216;284
46217;166
46218;59
46219;248
46220;213
46221;156
46222;134
46223;140
46224;11
46225;189
46226;66
46227;249
46228;34
46229;242
46230;242
46231;248
46232;1
46233;166
46234;285
46235;120
46236;1
46237;170
46238;189
46239;189
46240;248
46241;252
46242;102
46243;228
46244;24
46245;248
46246;86
46247;238
46248;112
46249;149
46250;83
46251;87
46252;220
46253;235
46254;170
46255;156
46256;199
46257;156
46258;243
46259;189
46260;149
46261;189
46262;156
46263;228
46264;20
46265;260
46266;38
46267;25
46268;108
46269;228
46270;156
46271;221
46272;116
46273;48
46274;1
46275;133
46276;71
46277;228
46278;59
46279;260
46280;60
46281;156
46282;146
46283;134
46284;242
46285;46
46286;146
46287;134
46288;134
46289;71
46290;231
46291;170
46292;210
46293;235
46294;40
46295;87
46296;245
46297;76
46298;277
46299;79
46300;189
46301;71
46302;66
46303;137
46304;245
46305;235
46306;189
46307;226
46308;91
46309;25
46310;256
46311;200
46312;83
46313;242
46314;192
46315;157
46316;149
46317;285
46318;86
46319;156
46320;245
46321;8
46322;114
46323;256
46324;228
46325;280
46326;277
46327;192
46328;146
46329;200
46330;192
46331;137
46332;235
46333;189
46334;220
46335;149
46336;189
46337;231
46338;112
46339;34
46340;261
46341;213
46342;235
46343;210
46344;166
46345;189
46346;288
46347;83
46348;235
46349;159
46350;245
46351;166
46352;146
46353;235
46354;285
46355;105
46356;170
46357;202
46358;252
46359;83
46360;44
46361;248
46362;221
46363;198
46364;247
46365;149
46366;228
46367;294
46368;97
46369;86
46370;79
46371;228
46372;272
46373;16
46374;102
46375;105
46376;156
46377;102
46378;166
46379;166
46380;44
46381;189
46382;157
46383;218
46384;176
46385;210
46386;189
46387;48
46388;183
46389;156
46390;277
46391;112
46392;202
46393;220
46394;18
46395;149
46396;102
46397;235
46398;149
46399;235
46400;213
46401;115
46402;170
46403;157
46404;133
46405;235
46406;280
46407;288
46408;201
46409;189
46410;238
46411;242
46412;20
46413;146
46414;210
46415;192
46416;20
46417;86
46418;189
46419;189
46420;58
46421;166
46422;228
46423;170
46424;137
46425;170
46426;248
46427;1
46428;189
46429;243
46430;156
46431;48
46432;288
46433;1
46434;189
46435;189
46436;71
46437;137
46438;166
46439;228
46440;87
46441;157
46442;103
46443;235
46444;72
46445;228
46446;210
46447;189
46448;189
46449;40
46450;44
46451;83
46452;284
46453;294
46454;294
46455;261
46456;134
46457;149
46458;288
46459;-1
46460;11
46461;105
46462;11
46463;170
46464;245
46465;128
46466;156
46467;189
46468;156
46469;248
46470;58
46471;102
46472;149
46473;221
46474;149
46475;166
46476;189
46477;134
46478;210
46479;146
46480;189
46481;170
46482;294
46483;265
46484;277
46485;34
46486;286
46487;102
46488;14
46489;14
46490;160
46491;252
46492;170
46493;149
46494;103
46495;235
46496;237
46497;235
46498;149
46499;-1
46500;46
46501;166
46502;156
46503;48
46504;83
46505;228
46506;245
46507;252
46508;245
46509;166
46510;156
46511;202
46512;128
46513;166
46514;294
46515;294
46516;189
46517;235
46518;235
46519;40
46520;149
46521;40
46522;213
46523;48
46524;228
46525;228
46526;71
46527;48
46528;235
46529;134
46530;245
46531;183
46532;71
46533;149
46534;243
46535;177
46536;20
46537;48
46538;228
46539;209
46540;71
46541;235
46542;277
46543;156
46544;170
46545;137
46546;34
46547;14
46548;102
46549;228
46550;235
46551;243
46552;128
46553;226
46554;243
46555;176
46556;81
46557;260
46558;218
46559;228
46560;14
46561;149
46562;210
46563;166
46564;260
46565;221
46566;58
46567;284
46568;189
46569;71
46570;14
46571;228
46572;37
46573;149
46574;278
46575;228
46576;278
46577;83
46578;87
46579;134
46580;102
46581;59
46582;189
46583;44
46584;192
46585;209
46586;170
46587;220
46588;140
46589;208
46590;285
46591;245
46592;192
46593;156
46594;202
46595;166
46596;228
46597;214
46598;294
46599;210
46600;231
46601;242
46602;51
46603;177
46604;228
46605;228
46606;189
46607;83
46608;156
46609;66
46610;238
46611;243
46612;71
46613;217
46614;176
46615;166
46616;149
46617;44
46618;177
46619;62
46620;134
46621;-1
46622;59
46623;210
46624;133
46625;166
46626;210
46627;146
46628;66
46629;156
46630;71
46631;183
46632;189
46633;10
46634;182
46635;166
46636;280
46637;189
46638;285
46639;189
46640;139
46641;170
46642;128
46643;24
46644;278
46645;228
46646;210
46647;48
46648;189
46649;83
46650;234
46651;238
46652;44
46653;278
46654;217
46655;189
46656;260
46657;189
46658;83
46659;87
46660;58
46661;20
46662;285
46663;228
46664;44
46665;86
46666;201
46667;189
46668;157
46669;120
46670;1
46671;160
46672;160
46673;189
46674;252
46675;115
46676;4
46677;210
46678;170
46679;260
46680;228
46681;149
46682;76
46683;137
46684;220
46685;20
46686;285
46687;261
46688;192
46689;115
46690;156
46691;235
46692;235
46693;149
46694;235
46695;260
46696;218
46697;166
46698;38
46699;235
46700;53
46701;245
46702;278
46703;243
46704;140
46705;149
46706;133
46707;71
46708;133
46709;170
46710;183
46711;48
46712;60
46713;284
46714;170
46715;166
46716;243
46717;126
46718;263
46719;166
46720;83
46721;134
46722;228
46723;156
46724;189
46725;260
46726;115
46727;252
46728;213
46729;156
46730;156
46731;201
46732;71
46733;169
46734;156
46735;235
46736;250
46737;234
46738;18
46739;294
46740;284
46741;228
46742;284
46743;4
46744;71
46745;149
46746;284
46747;267
46748;228
46749;149
46750;146
46751;59
46752;235
46753;83
46754;157
46755;243
46756;189
46757;166
46758;83
46759;145
46760;149
46761;146
46762;189
46763;189
46764;260
46765;83
46766;71
46767;280
46768;87
46769;137
46770;87
46771;261
46772;149
46773;149
46774;156
46775;112
46776;189
46777;235
46778;66
46779;261
46780;189
46781;220
46782;60
46783;149
46784;228
46785;288
46786;202
46787;166
46788;166
46789;156
46790;228
46791;134
46792;189
46793;189
46794;149
46795;260
46796;87
46797;170
46798;189
46799;133
46800;149
46801;156
46802;238
46803;293
46804;112
46805;248
46806;83
46807;71
46808;126
46809;170
46810;160
46811;189
46812;224
46813;286
46814;24
46815;260
46816;44
46817;83
46818;83
46819;71
46820;260
46821;285
46822;140
46823;226
46824;156
46825;248
46826;260
46827;34
46828;265
46829;226
46830;243
46831;294
46832;146
46833;170
46834;260
46835;20
46836;83
46837;200
46838;157
46839;116
46840;266
46841;60
46842;260
46843;160
46844;210
46845;21
46846;210
46847;108
46848;189
46849;202
46850;260
46851;261
46852;83
46853;254
46854;83
46855;166
46856;149
46857;169
46858;149
46859;228
46860;260
46861;87
46862;235
46863;71
46864;189
46865;231
46866;66
46867;48
46868;228
46869;235
46870;34
46871;71
46872;189
46873;166
46874;248
46875;71
46876;44
46877;280
46878;260
46879;209
46880;134
46881;243
46882;71
46883;260
46884;260
46885;202
46886;71
46887;146
46888;208
46889;183
46890;140
46891;38
46892;189
46893;66
46894;20
46895;1
46896;133
46897;228
46898;156
46899;277
46900;87
46901;102
46902;183
46903;260
46904;149
46905;83
46906;79
46907;202
46908;208
46909;200
46910;277
46911;149
46912;214
46913;40
46914;189
46915;224
46916;224
46917;235
46918;235
46919;242
46920;14
46921;83
46922;83
46923;166
46924;208
46925;213
46926;140
46927;166
46928;44
46929;83
46930;16
46931;55
46932;235
46933;294
46934;20
46935;149
46936;245
46937;235
46938;260
46939;189
46940;40
46941;60
46942;21
46943;254
46944;252
46945;22
46946;237
46947;44
46948;235
46949;284
46950;228
46951;260
46952;189
46953;228
46954;149
46955;242
46956;189
46957;228
46958;114
46959;189
46960;189
46961;242
46962;156
46963;237
46964;189
46965;228
46966;192
46967;87
46968;48
46969;137
46970;44
46971;202
46972;60
46973;200
46974;260
46975;102
46976;192
46977;235
46978;210
46979;149
46980;248
46981;149
46982;189
46983;170
46984;149
46985;260
46986;208
46987;245
46988;38
46989;278
46990;145
46991;170
46992;200
46993;20
46994;189
46995;266
46996;60
46997;280
46998;145
46999;218
47000;83
47001;191
47002;83
47003;166
47004;228
47005;192
47006;294
47007;149
47008;213
47009;157
47010;170
47011;1
47012;83
47013;71
47014;248
47015;134
47016;149
47017;16
47018;166
47019;189
47020;189
47021;91
47022;7
47023;235
47024;235
47025;22
47026;210
47027;260
47028;236
47029;137
47030;133
47031;149
47032;182
47033;235
47034;115
47035;102
47036;83
47037;166
47038;235
47039;149
47040;242
47041;208
47042;252
47043;166
47044;44
47045;286
47046;71
47047;228
47048;245
47049;277
47050;112
47051;71
47052;248
47053;234
47054;214
47055;103
47056;237
47057;294
47058;34
47059;87
47060;242
47061;1
47062;18
47063;112
47064;160
47065;166
47066;149
47067;228
47068;245
47069;235
47070;20
47071;166
47072;245
47073;40
47074;156
47075;294
47076;149
47077;156
47078;278
47079;156
47080;170
47081;189
47082;156
47083;48
47084;237
47085;60
47086;134
47087;102
47088;59
47089;260
47090;266
47091;250
47092;166
47093;202
47094;250
47095;192
47096;166
47097;166
47098;20
47099;228
47100;170
47101;235
47102;149
47103;189
47104;189
47105;235
47106;170
47107;87
47108;208
47109;224
47110;189
47111;221
47112;87
47113;146
47114;160
47115;189
47116;235
47117;231
47118;115
47119;166
47120;220
47121;189
47122;210
47123;267
47124;237
47125;71
47126;189
47127;189
47128;60
47129;189
47130;48
47131;217
47132;11
47133;294
47134;254
47135;156
47136;159
47137;280
47138;243
47139;97
47140;166
47141;237
47142;66
47143;260
47144;243
47145;112
47146;166
47147;16
47148;16
47149;228
47150;200
47151;97
47152;170
47153;156
47154;149
47155;235
47156;248
47157;235
47158;252
47159;189
47160;156
47161;242
47162;156
47163;102
47164;228
47165;86
47166;238
47167;166
47168;236
47169;166
47170;38
47171;156
47172;170
47173;170
47174;51
47175;91
47176;217
47177;228
47178;129
47179;166
47180;221
47181;14
47182;34
47183;156
47184;38
47185;87
47186;170
47187;166
47188;228
47189;83
47190;170
47191;1
47192;149
47193;248
47194;8
47195;189
47196;149
47197;280
47198;76
47199;260
47200;156
47201;24
47202;146
47203;228
47204;243
47205;134
47206;170
47207;288
47208;228
47209;261
47210;210
47211;265
47212;40
47213;24
47214;217
47215;170
47216;44
47217;260
47218;104
47219;66
47220;228
47221;245
47222;260
47223;228
47224;71
47225;7
47226;235
47227;243
47228;14
47229;112
47230;192
47231;189
47232;149
47233;189
47234;228
47235;238
47236;252
47237;170
47238;1
47239;192
47240;221
47241;220
47242;66
47243;231
47244;83
47245;48
47246;157
47247;137
47248;18
47249;217
47250;76
47251;149
47252;210
47253;242
47254;260
47255;170
47256;189
47257;103
47258;76
47259;248
47260;210
47261;159
47262;192
47263;245
47264;112
47265;104
47266;20
47267;59
47268;120
47269;145
47270;210
47271;149
47272;149
47273;245
47274;20
47275;129
47276;228
47277;189
47278;166
47279;284
47280;60
47281;38
47282;248
47283;235
47284;228
47285;149
47286;170
47287;294
47288;228
47289;166
47290;20
47291;156
47292;20
47293;228
47294;71
47295;145
47296;294
47297;252
47298;146
47299;156
47300;213
47301;228
47302;183
47303;87
47304;189
47305;102
47306;8
47307;170
47308;83
47309;145
47310;160
47311;228
47312;177
47313;170
47314;170
47315;294
47316;220
47317;20
47318;83
47319;112
47320;66
47321;285
47322;149
47323;189
47324;156
47325;126
47326;272
47327;170
47328;170
47329;183
47330;189
47331;248
47332;280
47333;156
47334;245
47335;217
47336;231
47337;189
47338;83
47339;228
47340;177
47341;170
47342;210
47343;228
47344;134
47345;228
47346;182
47347;221
47348;108
47349;176
47350;202
47351;228
47352;4
47353;140
47354;228
47355;134
47356;20
47357;66
47358;189
47359;44
47360;242
47361;228
47362;285
47363;243
47364;284
47365;189
47366;228
47367;105
47368;252
47369;235
47370;156
47371;102
47372;170
47373;235
47374;149
47375;156
47376;220
47377;210
47378;20
47379;83
47380;217
47381;248
47382;149
47383;189
47384;221
47385;149
47386;282
47387;284
47388;83
47389;156
47390;48
47391;160
47392;166
47393;170
47394;189
47395;228
47396;170
47397;102
47398;242
47399;237
47400;286
47401;245
47402;213
47403;14
47404;149
47405;116
47406;192
47407;156
47408;228
47409;213
47410;81
47411;149
47412;146
47413;210
47414;62
47415;8
47416;46
47417;228
47418;242
47419;210
47420;156
47421;189
47422;242
47423;166
47424;208
47425;20
47426;189
47427;166
47428;83
47429;208
47430;183
47431;221
47432;245
47433;260
47434;134
47435;170
47436;20
47437;20
47438;260
47439;235
47440;189
47441;156
47442;189
47443;210
47444;177
47445;248
47446;189
47447;71
47448;235
47449;160
47450;228
47451;137
47452;252
47453;252
47454;245
47455;149
47456;235
47457;228
47458;228
47459;105
47460;235
47461;189
47462;243
47463;38
47464;83
47465;156
47466;266
47467;189
47468;248
47469;209
47470;20
47471;112
47472;166
47473;202
47474;280
47475;149
47476;108
47477;235
47478;248
47479;170
47480;208
47481;280
47482;112
47483;169
47484;137
47485;286
47486;116
47487;266
47488;284
47489;248
47490;242
47491;260
47492;81
47493;254
47494;228
47495;260
47496;284
47497;210
47498;218
47499;37
47500;166
47501;134
47502;228
47503;115
47504;189
47505;166
47506;55
47507;149
47508;248
47509;149
47510;96
47511;48
47512;156
47513;235
47514;58
47515;189
47516;210
47517;60
47518;208
47519;237
47520;228
47521;114
47522;228
47523;228
47524;71
47525;228
47526;170
47527;103
47528;170
47529;170
47530;149
47531;213
47532;59
47533;228
47534;14
47535;208
47536;208
47537;245
47538;189
47539;210
47540;220
47541;260
47542;1
47543;20
47544;115
47545;192
47546;46
47547;208
47548;55
47549;202
47550;189
47551;210
47552;11
47553;252
47554;22
47555;83
47556;177
47557;189
47558;149
47559;91
47560;102
47561;189
47562;170
47563;40
47564;294
47565;166
47566;105
47567;170
47568;260
47569;170
47570;217
47571;235
47572;166
47573;20
47574;149
47575;252
47576;170
47577;112
47578;66
47579;238
47580;213
47581;213
47582;210
47583;285
47584;156
47585;245
47586;213
47587;157
47588;112
47589;81
47590;7
47591;128
47592;228
47593;260
47594;245
47595;83
47596;149
47597;234
47598;260
47599;210
47600;212
47601;278
47602;248
47603;166
47604;128
47605;260
47606;182
47607;8
47608;228
47609;228
47610;115
47611;189
47612;235
47613;156
47614;245
47615;260
47616;46
47617;114
47618;235
47619;114
47620;149
47621;210
47622;62
47623;252
47624;1
47625;44
47626;164
47627;170
47628;133
47629;228
47630;228
47631;278
47632;133
47633;115
47634;40
47635;261
47636;189
47637;248
47638;149
47639;217
47640;202
47641;166
47642;189
47643;34
47644;34
47645;260
47646;243
47647;226
47648;40
47649;245
47650;20
47651;208
47652;20
47653;76
47654;224
47655;73
47656;146
47657;260
47658;280
47659;272
47660;202
47661;166
47662;170
47663;294
47664;260
47665;228
47666;189
47667;228
47668;285
47669;201
47670;228
47671;202
47672;228
47673;166
47674;272
47675;137
47676;286
47677;182
47678;112
47679;146
47680;46
47681;252
47682;228
47683;169
47684;166
47685;44
47686;210
47687;210
47688;83
47689;238
47690;245
47691;212
47692;218
47693;145
47694;103
47695;191
47696;128
47697;192
47698;104
47699;71
47700;166
47701;228
47702;83
47703;210
47704;214
47705;149
47706;145
47707;134
47708;145
47709;170
47710;210
47711;189
47712;126
47713;58
47714;86
47715;145
47716;34
47717;260
47718;189
47719;280
47720;20
47721;20
47722;62
47723;231
47724;149
47725;248
47726;149
47727;243
47728;14
47729;166
47730;133
47731;267
47732;235
47733;220
47734;134
47735;248
47736;294
47737;157
47738;166
47739;228
47740;189
47741;183
47742;228
47743;226
47744;280
47745;189
47746;166
47747;284
47748;228
47749;260
47750;189
47751;66
47752;71
47753;112
47754;228
47755;234
47756;210
47757;83
47758;198
47759;71
47760;189
47761;224
47762;133
47763;210
47764;40
47765;189
47766;192
47767;149
47768;226
47769;104
47770;208
47771;217
47772;189
47773;213
47774;189
47775;202
47776;202
47777;192
47778;189
47779;224
47780;235
47781;218
47782;60
47783;91
47784;108
47785;235
47786;202
47787;242
47788;170
47789;71
47790;149
47791;137
47792;243
47793;83
47794;87
47795;228
47796;280
47797;38
47798;114
47799;243
47800;60
47801;156
47802;260
47803;146
47804;189
47805;189
47806;87
47807;20
47808;44
47809;149
47810;134
47811;235
47812;59
47813;21
47814;228
47815;128
47816;189
47817;261
47818;285
47819;134
47820;20
47821;235
47822;228
47823;245
47824;202
47825;202
47826;71
47827;20
47828;294
47829;189
47830;166
47831;280
47832;285
47833;166
47834;192
47835;170
47836;266
47837;83
47838;294
47839;1
47840;71
47841;260
47842;231
47843;44
47844;208
47845;261
47846;265
47847;260
47848;145
47849;157
47850;260
47851;224
47852;288
47853;87
47854;228
47855;126
47856;44
47857;102
47858;198
47859;140
47860;60
47861;149
47862;221
47863;166
47864;294
47865;245
47866;245
47867;260
47868;1
47869;137
47870;20
47871;71
47872;189
47873;245
47874;146
47875;242
47876;278
47877;231
47878;242
47879;189
47880;228
47881;254
47882;166
47883;38
47884;10
47885;102
47886;83
47887;10
47888;60
47889;280
47890;149
47891;294
47892;76
47893;221
47894;285
47895;228
47896;294
47897;149
47898;218
47899;228
47900;235
47901;22
47902;287
47903;237
47904;91
47905;166
47906;266
47907;189
47908;14
47909;280
47910;126
47911;137
47912;149
47913;192
47914;166
47915;156
47916;201
47917;7
47918;76
47919;166
47920;208
47921;8
47922;170
47923;170
47924;156
47925;202
47926;210
47927;76
47928;156
47929;237
47930;189
47931;228
47932;248
47933;60
47934;261
47935;176
47936;129
47937;157
47938;170
47939;176
47940;245
47941;44
47942;237
47943;20
47944;112
47945;14
47946;278
47947;116
47948;134
47949;134
47950;189
47951;71
47952;156
47953;79
47954;44
47955;189
47956;266
47957;71
47958;245
47959;284
47960;248
47961;265
47962;83
47963;66
47964;166
47965;202
47966;148
47967;189
47968;252
47969;210
47970;189
47971;166
47972;149
47973;189
47974;60
47975;260
47976;242
47977;20
47978;58
47979;-1
47980;278
47981;235
47982;149
47983;220
47984;208
47985;210
47986;260
47987;91
47988;285
47989;66
47990;260
47991;260
47992;221
47993;198
47994;288
47995;79
47996;149
47997;18
47998;192
47999;224
48000;294
48001;166
48002;170
48003;34
48004;149
48005;242
48006;228
48007;83
48008;208
48009;252
48010;260
48011;108
48012;83
48013;284
48014;83
48015;71
48016;112
48017;228
48018;228
48019;260
48020;137
48021;137
48022;112
48023;73
48024;156
48025;145
48026;128
48027;189
48028;189
48029;228
48030;210
48031;280
48032;96
48033;228
48034;71
48035;170
48036;166
48037;18
48038;202
48039;14
48040;235
48041;213
48042;248
48043;189
48044;235
48045;103
48046;189
48047;156
48048;22
48049;112
48050;202
48051;44
48052;237
48053;242
48054;116
48055;145
48056;260
48057;177
48058;170
48059;280
48060;44
48061;38
48062;189
48063;235
48064;213
48065;248
48066;44
48067;235
48068;228
48069;137
48070;170
48071;210
48072;212
48073;170
48074;156
48075;183
48076;166
48077;87
48078;137
48079;189
48080;235
48081;220
48082;198
48083;189
48084;294
48085;83
48086;237
48087;294
48088;83
48089;48
48090;278
48091;170
48092;272
48093;294
48094;294
48095;71
48096;20
48097;245
48098;228
48099;217
48100;228
48101;254
48102;71
48103;149
48104;231
48105;148
48106;252
48107;228
48108;1
48109;126
48110;134
48111;48
48112;137
48113;7
48114;189
48115;149
48116;83
48117;146
48118;149
48119;294
48120;166
48121;24
48122;112
48123;278
48124;157
48125;189
48126;242
48127;235
48128;189
48129;228
48130;48
48131;149
48132;156
48133;235
48134;86
48135;189
48136;182
48137;156
48138;189
48139;224
48140;210
48141;202
48142;46
48143;170
48144;59
48145;260
48146;228
48147;146
48148;189
48149;108
48150;294
48151;133
48152;166
48153;137
48154;228
48155;166
48156;245
48157;129
48158;166
48159;160
48160;156
48161;103
48162;242
48163;254
48164;18
48165;71
48166;256
48167;248
48168;149
48169;160
48170;156
48171;170
48172;156
48173;170
48174;248
48175;245
48176;62
48177;120
48178;228
48179;245
48180;83
48181;245
48182;105
48183;156
48184;243
48185;228
48186;189
48187;217
48188;280
48189;176
48190;248
48191;237
48192;265
48193;280
48194;60
48195;279
48196;260
48197;71
48198;256
48199;91
48200;285
48201;-1
48202;120
48203;260
48204;189
48205;235
48206;260
48207;245
48208;14
48209;140
48210;191
48211;277
48212;260
48213;166
48214;189
48215;137
48216;62
48217;189
48218;245
48219;83
48220;98
48221;238
48222;145
48223;192
48224;83
48225;183
48226;294
48227;177
48228;149
48229;76
48230;242
48231;202
48232;24
48233;44
48234;83
48235;149
48236;189
48237;166
48238;228
48239;8
48240;189
48241;79
48242;236
48243;228
48244;20
48245;59
48246;245
48247;20
48248;7
48249;210
48250;277
48251;260
48252;294
48253;278
48254;149
48255;134
48256;116
48257;192
48258;200
48259;112
48260;76
48261;87
48262;60
48263;149
48264;260
48265;201
48266;166
48267;20
48268;20
48269;248
48270;294
48271;294
48272;294
48273;11
48274;59
48275;245
48276;228
48277;20
48278;256
48279;228
48280;86
48281;242
48282;280
48283;210
48284;137
48285;228
48286;83
48287;166
48288;280
48289;228
48290;202
48291;170
48292;170
48293;202
48294;261
48295;112
48296;83
48297;160
48298;245
48299;177
48300;134
48301;66
48302;149
48303;224
48304;192
48305;40
48306;228
48307;66
48308;112
48309;170
48310;83
48311;228
48312;170
48313;83
48314;156
48315;71
48316;105
48317;243
48318;86
48319;79
48320;59
48321;208
48322;134
48323;278
48324;234
48325;217
48326;66
48327;170
48328;208
48329;189
48330;280
48331;166
48332;201
48333;189
48334;86
48335;202
48336;71
48337;7
48338;149
48339;76
48340;134
48341;116
48342;260
48343;228
48344;242
48345;260
48346;166
48347;4
48348;170
48349;189
48350;140
48351;272
48352;237
48353;87
48354;20
48355;248
48356;294
48357;20
48358;114
48359;242
48360;166
48361;112
48362;228
48363;252
48364;156
48365;166
48366;228
48367;20
48368;7
48369;235
48370;44
48371;243
48372;260
48373;254
48374;248
48375;83
48376;189
48377;53
48378;189
48379;192
48380;20
48381;166
48382;284
48383;210
48384;149
48385;245
48386;260
48387;87
48388;260
48389;102
48390;228
48391;189
48392;1
48393;245
48394;245
48395;224
48396;1
48397;1
48398;210
48399;235
48400;189
48401;149
48402;294
48403;248
48404;228
48405;267
48406;228
48407;294
48408;20
48409;112
48410;83
48411;208
48412;261
48413;20
48414;71
48415;20
48416;44
48417;134
48418;260
48419;1
48420;170
48421;260
48422;177
48423;83
48424;1
48425;248
48426;44
48427;265
48428;112
48429;228
48430;294
48431;91
48432;91
48433;170
48434;149
48435;260
48436;252
48437;149
48438;228
48439;170
48440;285
48441;189
48442;97
48443;202
48444;198
48445;228
48446;149
48447;149
48448;156
48449;166
48450;243
48451;285
48452;20
48453;285
48454;7
48455;166
48456;133
48457;189
48458;280
48459;166
48460;189
48461;170
48462;58
48463;71
48464;260
48465;166
48466;294
48467;22
48468;1
48469;294
48470;192
48471;86
48472;160
48473;137
48474;133
48475;66
48476;48
48477;60
48478;79
48479;1
48480;213
48481;156
48482;166
48483;285
48484;265
48485;210
48486;280
48487;34
48488;59
48489;208
48490;228
48491;208
48492;220
48493;234
48494;202
48495;252
48496;189
48497;128
48498;149
48499;137
48500;44
48501;48
48502;166
48503;243
48504;285
48505;149
48506;183
48507;221
48508;166
48509;20
48510;245
48511;170
48512;40
48513;22
48514;284
48515;149
48516;137
48517;91
48518;170
48519;149
48520;256
48521;252
48522;14
48523;134
48524;170
48525;76
48526;182
48527;44
48528;20
48529;170
48530;83
48531;20
48532;133
48533;59
48534;170
48535;66
48536;210
48537;213
48538;217
48539;166
48540;189
48541;116
48542;140
48543;177
48544;284
48545;112
48546;294
48547;149
48548;228
48549;210
48550;213
48551;212
48552;280
48553;58
48554;189
48555;279
48556;83
48557;189
48558;58
48559;166
48560;170
48561;116
48562;228
48563;243
48564;91
48565;170
48566;86
48567;198
48568;137
48569;226
48570;248
48571;210
48572;71
48573;248
48574;156
48575;228
48576;221
48577;279
48578;200
48579;183
48580;166
48581;83
48582;79
48583;235
48584;18
48585;20
48586;40
48587;294
48588;4
48589;166
48590;248
48591;201
48592;14
48593;133
48594;245
48595;-1
48596;208
48597;60
48598;245
48599;134
48600;192
48601;134
48602;115
48603;71
48604;221
48605;86
48606;249
48607;243
48608;200
48609;228
48610;189
48611;245
48612;200
48613;210
48614;182
48615;260
48616;146
48617;189
48618;66
48619;96
48620;235
48621;170
48622;156
48623;166
48624;194
48625;280
48626;228
48627;202
48628;18
48629;200
48630;189
48631;166
48632;166
48633;102
48634;149
48635;235
48636;189
48637;137
48638;220
48639;48
48640;189
48641;280
48642;202
48643;170
48644;218
48645;166
48646;83
48647;149
48648;159
48649;189
48650;170
48651;116
48652;159
48653;294
48654;76
48655;149
48656;156
48657;83
48658;228
48659;245
48660;183
48661;200
48662;48
48663;115
48664;60
48665;48
48666;189
48667;235
48668;170
48669;34
48670;79
48671;156
48672;189
48673;166
48674;149
48675;245
48676;221
48677;210
48678;134
48679;228
48680;146
48681;189
48682;14
48683;294
48684;183
48685;20
48686;221
48687;177
48688;148
48689;189
48690;189
48691;189
48692;202
48693;149
48694;71
48695;189
48696;234
48697;166
48698;166
48699;260
48700;192
48701;235
48702;189
48703;280
48704;120
48705;60
48706;48
48707;217
48708;170
48709;260
48710;261
48711;202
48712;189
48713;91
48714;60
48715;247
48716;44
48717;202
48718;242
48719;242
48720;44
48721;189
48722;228
48723;149
48724;210
48725;98
48726;243
48727;200
48728;228
48729;103
48730;170
48731;38
48732;114
48733;228
48734;202
48735;294
48736;166
48737;103
48738;71
48739;160
48740;166
48741;59
48742;170
48743;140
48744;83
48745;242
48746;128
48747;20
48748;66
48749;189
48750;86
48751;160
48752;288
48753;189
48754;235
48755;242
48756;-1
48757;280
48758;280
48759;261
48760;245
48761;156
48762;166
48763;170
48764;260
48765;245
48766;231
48767;108
48768;149
48769;189
48770;189
48771;157
48772;170
48773;66
48774;252
48775;170
48776;83
48777;242
48778;157
48779;247
48780;10
48781;260
48782;20
48783;58
48784;133
48785;44
48786;170
48787;260
48788;277
48789;228
48790;294
48791;149
48792;245
48793;146
48794;248
48795;237
48796;166
48797;189
48798;183
48799;189
48800;114
48801;166
48802;245
48803;134
48804;248
48805;48
48806;189
48807;86
48808;102
48809;182
48810;248
48811;134
48812;228
48813;228
48814;98
48815;213
48816;66
48817;149
48818;217
48819;10
48820;34
48821;260
48822;157
48823;235
48824;71
48825;261
48826;71
48827;134
48828;189
48829;166
48830;245
48831;248
48832;40
48833;134
48834;87
48835;189
48836;120
48837;166
48838;252
48839;170
48840;139
48841;266
48842;189
48843;112
48844;166
48845;228
48846;280
48847;166
48848;189
48849;156
48850;20
48851;170
48852;44
48853;126
48854;86
48855;189
48856;8
48857;170
48858;149
48859;48
48860;149
48861;87
48862;105
48863;201
48864;231
48865;108
48866;242
48867;156
48868;260
48869;248
48870;60
48871;120
48872;20
48873;71
48874;170
48875;210
48876;189
48877;228
48878;116
48879;66
48880;112
48881;116
48882;137
48883;189
48884;252
48885;156
48886;149
48887;260
48888;156
48889;134
48890;105
48891;149
48892;134
48893;221
48894;149
48895;285
48896;83
48897;134
48898;83
48899;235
48900;201
48901;272
48902;134
48903;242
48904;243
48905;160
48906;252
48907;18
48908;252
48909;170
48910;18
48911;200
48912;91
48913;210
48914;214
48915;55
48916;189
48917;166
48918;242
48919;71
48920;208
48921;210
48922;58
48923;170
48924;115
48925;149
48926;156
48927;34
48928;102
48929;149
48930;220
48931;146
48932;228
48933;87
48934;260
48935;198
48936;192
48937;59
48938;189
48939;221
48940;128
48941;235
48942;134
48943;210
48944;38
48945;134
48946;34
48947;228
48948;170
48949;228
48950;166
48951;208
48952;1
48953;228
48954;202
48955;247
48956;287
48957;266
48958;170
48959;83
48960;116
48961;66
48962;228
48963;260
48964;213
48965;140
48966;278
48967;156
48968;166
48969;260
48970;20
48971;228
48972;157
48973;14
48974;176
48975;210
48976;112
48977;145
48978;182
48979;228
48980;166
48981;58
48982;189
48983;210
48984;22
48985;160
48986;260
48987;200
48988;83
48989;189
48990;170
48991;146
48992;-1
48993;278
48994;20
48995;170
48996;245
48997;166
48998;235
48999;20
49000;103
49001;137
49002;14
49003;137
49004;183
49005;260
49006;71
49007;235
49008;71
49009;40
49010;226
49011;277
49012;156
49013;248
49014;226
49015;166
49016;189
49017;228
49018;260
49019;116
49020;294
49021;170
49022;87
49023;134
49024;213
49025;20
49026;242
49027;231
49028;189
49029;266
49030;34
49031;237
49032;285
49033;228
49034;272
49035;228
49036;134
49037;177
49038;192
49039;149
49040;243
49041;48
49042;128
49043;-1
49044;192
49045;245
49046;189
49047;228
49048;48
49049;280
49050;71
49051;170
49052;134
49053;149
49054;235
49055;260
49056;189
49057;-1
49058;228
49059;202
49060;260
49061;261
49062;177
49063;102
49064;134
49065;14
49066;156
49067;238
49068;260
49069;267
49070;166
49071;87
49072;112
49073;149
49074;160
49075;156
49076;166
49077;48
49078;66
49079;102
49080;228
49081;149
49082;272
49083;235
49084;16
49085;235
49086;228
49087;213
49088;156
49089;245
49090;245
49091;46
49092;166
49093;243
49094;294
49095;156
49096;226
49097;146
49098;294
49099;217
49100;245
49101;71
49102;200
49103;134
49104;53
49105;10
49106;170
49107;91
49108;260
49109;228
49110;294
49111;20
49112;285
49113;133
49114;245
49115;242
49116;214
49117;252
49118;277
49119;260
49120;284
49121;137
49122;189
49123;224
49124;108
49125;20
49126;112
49127;278
49128;182
49129;114
49130;134
49131;189
49132;71
49133;71
49134;176
49135;81
49136;170
49137;220
49138;285
49139;24
49140;14
49141;166
49142;200
49143;189
49144;48
49145;228
49146;149
49147;1
49148;48
49149;245
49150;261
49151;83
49152;166
49153;126
49154;214
49155;53
49156;149
49157;278
49158;166
49159;86
49160;44
49161;51
49162;86
49163;210
49164;71
49165;260
49166;103
49167;134
49168;285
49169;213
49170;245
49171;166
49172;170
49173;245
49174;238
49175;208
49176;201
49177;59
49178;221
49179;260
49180;137
49181;285
49182;228
49183;166
49184;189
49185;228
49186;156
49187;137
49188;278
49189;189
49190;228
49191;66
49192;160
49193;260
49194;248
49195;149
49196;112
49197;149
49198;170
49199;71
49200;245
49201;228
49202;149
49203;133
49204;170
49205;220
49206;235
49207;133
49208;134
49209;87
49210;170
49211;245
49212;294
49213;245
49214;235
49215;115
49216;245
49217;170
49218;112
49219;285
49220;277
49221;201
49222;20
49223;71
49224;170
49225;228
49226;71
49227;34
49228;294
49229;170
49230;134
49231;166
49232;139
49233;192
49234;103
49235;48
49236;134
49237;58
49238;48
49239;14
49240;83
49241;228
49242;115
49243;166
49244;189
49245;210
49246;38
49247;189
49248;149
49249;164
49250;133
49251;81
49252;189
49253;149
49254;267
49255;221
49256;202
49257;60
49258;145
49259;221
49260;157
49261;170
49262;237
49263;87
49264;166
49265;160
49266;166
49267;140
49268;166
49269;149
49270;261
49271;146
49272;102
49273;66
49274;149
49275;166
49276;149
49277;140
49278;166
49279;48
49280;266
49281;53
49282;252
49283;228
49284;243
49285;133
49286;228
49287;149
49288;115
49289;245
49290;183
49291;112
49292;235
49293;48
49294;189
49295;261
49296;260
49297;224
49298;126
49299;252
49300;71
49301;212
49302;166
49303;170
49304;288
49305;166
49306;149
49307;115
49308;1
49309;149
49310;228
49311;210
49312;140
49313;87
49314;48
49315;248
49316;202
49317;134
49318;164
49319;261
49320;51
49321;156
49322;189
49323;20
49324;134
49325;260
49326;149
49327;114
49328;83
49329;288
49330;278
49331;202
49332;217
49333;166
49334;189
49335;149
49336;20
49337;248
49338;221
49339;156
49340;146
49341;149
49342;44
49343;60
49344;116
49345;149
49346;7
49347;260
49348;149
49349;91
49350;166
49351;166
49352;115
49353;170
49354;146
49355;160
49356;221
49357;260
49358;134
49359;176
49360;191
49361;20
49362;235
49363;83
49364;192
49365;177
49366;166
49367;285
49368;156
49369;242
49370;261
49371;58
49372;149
49373;248
49374;189
49375;260
49376;200
49377;22
49378;245
49379;48
49380;170
49381;166
49382;245
49383;228
49384;189
49385;38
49386;36
49387;134
49388;149
49389;267
49390;149
49391;14
49392;129
49393;14
49394;166
49395;14
49396;105
49397;217
49398;189
49399;134
49400;116
49401;166
49402;149
49403;260
49404;265
49405;189
49406;102
49407;213
49408;59
49409;159
49410;248
49411;214
49412;148
49413;235
49414;149
49415;200
49416;71
49417;228
49418;208
49419;294
49420;280
49421;20
49422;71
49423;243
49424;40
49425;237
49426;166
49427;210
49428;261
49429;14
49430;170
49431;91
49432;217
49433;134
49434;243
49435;170
49436;210
49437;192
49438;166
49439;48
49440;170
49441;208
49442;242
49443;228
49444;166
49445;120
49446;277
49447;277
49448;235
49449;189
49450;294
49451;40
49452;98
49453;235
49454;280
49455;261
49456;83
49457;242
49458;245
49459;235
49460;170
49461;226
49462;46
49463;71
49464;287
49465;166
49466;166
49467;149
49468;200
49469;210
49470;129
49471;235
49472;86
49473;149
49474;71
49475;235
49476;210
49477;166
49478;134
49479;260
49480;137
49481;189
49482;134
49483;166
49484;200
49485;260
49486;294
49487;86
49488;245
49489;71
49490;71
49491;166
49492;60
49493;280
49494;156
49495;20
49496;202
49497;66
49498;228
49499;83
49500;198
49501;116
49502;280
49503;115
49504;87
49505;217
49506;183
49507;198
49508;86
49509;256
49510;228
49511;189
49512;1
49513;108
49514;83
49515;58
49516;76
49517;285
49518;212
49519;252
49520;66
49521;87
49522;213
49523;189
49524;294
49525;59
49526;200
49527;189
49528;294
49529;189
49530;279
49531;156
49532;242
49533;115
49534;245
49535;234
49536;108
49537;228
49538;44
49539;166
49540;166
49541;48
49542;235
49543;157
49544;208
49545;294
49546;149
49547;217
49548;260
49549;170
49550;160
49551;243
49552;228
49553;237
49554;134
49555;228
49556;189
49557;252
49558;245
49559;189
49560;112
49561;166
49562;91
49563;133
49564;115
49565;235
49566;51
49567;166
49568;202
49569;218
49570;166
49571;202
49572;237
49573;18
49574;189
49575;210
49576;189
49577;156
49578;245
49579;189
49580;156
49581;22
49582;192
49583;189
49584;20
49585;159
49586;71
49587;21
49588;210
49589;245
49590;108
49591;137
49592;71
49593;245
49594;266
49595;170
49596;235
49597;149
49598;245
49599;60
49600;71
49601;177
49602;145
49603;243
49604;145
49605;146
49606;145
49607;83
49608;228
49609;280
49610;272
49611;149
49612;166
49613;60
49614;210
49615;245
49616;48
49617;228
49618;210
49619;166
49620;145
49621;166
49622;242
49623;79
49624;228
49625;209
49626;140
49627;1
49628;48
49629;166
49630;112
49631;148
49632;248
49633;228
49634;189
49635;189
49636;149
49637;112
49638;83
49639;243
49640;86
49641;166
49642;278
49643;44
49644;294
49645;260
49646;91
49647;48
49648;86
49649;120
49650;189
49651;60
49652;260
49653;137
49654;202
49655;235
49656;166
49657;228
49658;83
49659;189
49660;252
49661;243
49662;134
49663;214
49664;247
49665;266
49666;115
49667;235
49668;114
49669;170
49670;192
49671;83
49672;284
49673;228
49674;71
49675;134
49676;226
49677;87
49678;170
49679;248
49680;202
49681;145
49682;166
49683;134
49684;134
49685;235
49686;71
49687;189
49688;60
49689;228
49690;202
49691;228
49692;189
49693;170
49694;140
49695;256
49696;288
49697;149
49698;157
49699;157
49700;189
49701;1
49702;166
49703;112
49704;48
49705;260
49706;157
49707;80
49708;228
49709;260
49710;260
49711;16
49712;166
49713;202
49714;228
49715;260
49716;83
49717;112
49718;60
49719;285
49720;200
49721;166
49722;60
49723;248
49724;149
49725;66
49726;8
49727;149
49728;20
49729;14
49730;170
49731;228
49732;189
49733;134
49734;71
49735;247
49736;166
49737;86
49738;189
49739;234
49740;170
49741;38
49742;217
49743;189
49744;189
49745;159
49746;189
49747;294
49748;166
49749;105
49750;248
49751;170
49752;166
49753;51
49754;102
49755;189
49756;245
49757;183
49758;149
49759;245
49760;134
49761;156
49762;210
49763;284
49764;134
49765;235
49766;87
49767;248
49768;114
49769;24
49770;44
49771;34
49772;149
49773;260
49774;87
49775;14
49776;284
49777;71
49778;243
49779;236
49780;170
49781;16
49782;202
49783;272
49784;226
49785;166
49786;248
49787;44
49788;134
49789;97
49790;183
49791;252
49792;228
49793;48
49794;18
49795;71
49796;48
49797;48
49798;83
49799;228
49800;166
49801;112
49802;221
49803;284
49804;285
49805;228
49806;44
49807;126
49808;160
49809;140
49810;210
49811;51
49812;120
49813;252
49814;105
49815;212
49816;102
49817;14
49818;236
49819;149
49820;44
49821;120
49822;189
49823;189
49824;202
49825;1
49826;86
49827;189
49828;247
49829;228
49830;189
49831;156
49832;287
49833;149
49834;149
49835;252
49836;189
49837;228
49838;260
49839;76
49840;294
49841;245
49842;166
49843;221
49844;160
49845;133
49846;166
49847;210
49848;156
49849;272
49850;105
49851;243
49852;170
49853;160
49854;7
49855;166
49856;189
49857;248
49858;235
49859;66
49860;149
49861;235
49862;170
49863;55
49864;192
49865;83
49866;228
49867;260
49868;220
49869;14
49870;210
49871;71
49872;44
49873;294
49874;97
49875;200
49876;48
49877;260
49878;228
49879;284
49880;87
49881;170
49882;235
49883;112
49884;242
49885;170
49886;202
49887;114
49888;1
49889;224
49890;170
49891;189
49892;192
49893;280
49894;140
49895;115
49896;170
49897;14
49898;170
49899;149
49900;133
49901;210
49902;149
49903;128
49904;20
49905;235
49906;166
49907;40
49908;192
49909;235
49910;231
49911;260
49912;210
49913;248
49914;228
49915;231
49916;166
49917;261
49918;10
49919;280
49920;46
49921;248
49922;201
49923;7
49924;228
49925;170
49926;189
49927;228
49928;71
49929;137
49930;228
49931;44
49932;1
49933;245
49934;260
49935;24
49936;170
49937;20
49938;228
49939;134
49940;156
49941;252
49942;145
49943;217
49944;18
49945;149
49946;83
49947;235
49948;210
49949;104
49950;115
49951;170
49952;243
49953;237
49954;228
49955;235
49956;156
49957;213
49958;44
49959;284
49960;86
49961;86
49962;177
49963;200
49964;71
49965;170
49966;235
49967;1
49968;284
49969;145
49970;189
49971;192
49972;170
49973;189
49974;217
49975;156
49976;245
49977;272
49978;177
49979;226
49980;160
49981;280
49982;170
49983;170
49984;226
49985;235
49986;245
49987;202
49988;71
49989;166
49990;260
49991;228
49992;120
49993;228
49994;20
49995;81
49996;235
49997;83
49998;166
49999;76
50000;156
50001;228
50002;235
50003;245
50004;228
50005;189
50006;140
50007;166
50008;285
50009;7
50010;105
50011;137
50012;242
50013;177
50014;243
50015;217
50016;128
50017;71
50018;166
50019;285
50020;51
50021;34
50022;210
50023;83
50024;208
50025;189
50026;252
50027;166
50028;145
50029;242
50030;282
50031;228
50032;156
50033;83
50034;73
50035;189
50036;115
50037;260
50038;189
50039;228
50040;166
50041;261
50042;237
50043;245
50044;160
50045;177
50046;134
50047;86
50048;66
50049;294
50050;237
50051;200
50052;120
50053;134
50054;210
50055;133
50056;221
50057;166
50058;248
50059;210
50060;201
50061;243
50062;145
50063;112
50064;228
50065;212
50066;210
50067;218
50068;46
50069;294
50070;170
50071;166
50072;189
50073;149
50074;66
50075;285
50076;160
50077;60
50078;149
50079;235
50080;221
50081;114
50082;189
50083;210
50084;156
50085;86
50086;71
50087;228
50088;284
50089;71
50090;189
50091;156
50092;228
50093;252
50094;1
50095;252
50096;278
50097;245
50098;213
50099;221
50100;189
50101;235
50102;112
50103;189
50104;166
50105;266
50106;66
50107;137
50108;248
50109;76
50110;189
50111;170
50112;183
50113;286
50114;248
50115;238
50116;286
50117;20
50118;191
50119;213
50120;260
50121;170
50122;198
50123;71
50124;221
50125;81
50126;46
50127;261
50128;115
50129;228
50130;170
50131;48
50132;149
50133;235
50134;212
50135;248
50136;235
50137;245
50138;48
50139;71
50140;11
50141;170
50142;112
50143;62
50144;272
50145;202
50146;-1
50147;149
50148;228
50149;37
50150;277
50151;108
50152;228
50153;245
50154;38
50155;170
50156;189
50157;166
50158;252
50159;189
50160;166
50161;160
50162;189
50163;166
50164;218
50165;210
50166;1
50167;228
50168;170
50169;235
50170;210
50171;20
50172;60
50173;128
50174;134
50175;166
50176;189
50177;149
50178;24
50179;146
50180;40
50181;294
50182;137
50183;60
50184;236
50185;228
50186;164
50187;245
50188;235
50189;228
50190;210
50191;83
50192;1
50193;192
50194;66
50195;220
50196;145
50197;285
50198;245
50199;189
50200;245
50201;134
50202;115
50203;242
50204;260
50205;189
50206;280
50207;260
50208;231
50209;157
50210;279
50211;170
50212;134
50213;228
50214;228
50215;189
50216;166
50217;79
50218;235
50219;189
50220;166
50221;245
50222;189
50223;137
50224;96
50225;170
50226;120
50227;166
50228;149
50229;243
50230;228
50231;210
50232;148
50233;134
50234;189
50235;115
50236;202
50237;149
50238;234
50239;31
50240;212
50241;294
50242;149
50243;170
50244;261
50245;60
50246;221
50247;238
50248;156
50249;156
50250;177
50251;157
50252;170
50253;48
50254;48
50255;20
50256;83
50257;245
50258;112
50259;261
50260;228
50261;149
50262;214
50263;156
50264;134
50265;210
50266;83
50267;156
50268;231
50269;112
50270;103
50271;183
50272;235
50273;243
50274;235
50275;245
50276;91
50277;170
50278;192
50279;242
50280;235
50281;166
50282;248
50283;170
50284;14
50285;149
50286;284
50287;210
50288;157
50289;137
50290;254
50291;114
50292;71
50293;254
50294;261
50295;189
50296;149
50297;20
50298;189
50299;256
50300;66
50301;235
50302;170
50303;20
50304;156
50305;149
50306;134
50307;170
50308;260
50309;278
50310;260
50311;149
50312;231
50313;149
50314;71
50315;91
50316;149
50317;225
50318;228
50319;189
50320;221
50321;120
50322;76
50323;170
50324;20
50325;71
50326;260
50327;16
50328;148
50329;108
50330;189
50331;213
50332;260
50333;245
50334;228
50335;235
50336;20
50337;137
50338;220
50339;260
50340;228
50341;248
50342;149
50343;192
50344;166
50345;235
50346;81
50347;103
50348;260
50349;235
50350;285
50351;252
50352;248
50353;149
50354;177
50355;149
50356;51
50357;245
50358;242
50359;260
50360;83
50361;183
50362;210
50363;146
50364;226
50365;235
50366;260
50367;245
50368;228
50369;294
50370;192
50371;71
50372;217
50373;228
50374;134
50375;149
50376;198
50377;238
50378;210
50379;261
50380;86
50381;44
50382;34
50383;71
50384;260
50385;105
50386;166
50387;245
50388;80
50389;18
50390;71
50391;213
50392;202
50393;71
50394;294
50395;189
50396;243
50397;112
50398;137
50399;176
50400;252
50401;237
50402;198
50403;166
50404;48
50405;228
50406;245
50407;159
50408;208
50409;114
50410;133
50411;237
50412;245
50413;157
50414;59
50415;156
50416;228
50417;170
50418;201
50419;266
50420;156
50421;277
50422;126
50423;242
50424;261
50425;83
50426;237
50427;34
50428;228
50429;189
50430;46
50431;166
50432;66
50433;189
50434;148
50435;202
50436;137
50437;267
50438;129
50439;210
50440;237
50441;156
50442;166
50443;170
50444;294
50445;157
50446;103
50447;71
50448;166
50449;83
50450;252
50451;20
50452;66
50453;226
50454;91
50455;66
50456;86
50457;213
50458;146
50459;71
50460;137
50461;170
50462;166
50463;38
50464;14
50465;192
50466;245
50467;245
50468;245
50469;189
50470;166
50471;284
50472;202
50473;114
50474;235
50475;134
50476;156
50477;260
50478;224
50479;102
50480;157
50481;200
50482;284
50483;189
50484;261
50485;34
50486;166
50487;156
50488;140
50489;51
50490;134
50491;217
50492;221
50493;235
50494;128
50495;294
50496;189
50497;217
50498;166
50499;18
50500;72
50501;237
50502;71
50503;248
50504;210
50505;166
50506;248
50507;272
50508;91
50509;40
50510;114
50511;237
50512;191
50513;7
50514;189
50515;189
50516;202
50517;134
50518;260
50519;128
50520;210
50521;166
50522;149
50523;189
50524;189
50525;243
50526;156
50527;228
50528;228
50529;103
50530;116
50531;156
50532;34
50533;87
50534;235
50535;83
50536;59
50537;102
50538;108
50539;245
50540;170
50541;266
50542;284
50543;228
50544;192
50545;235
50546;260
50547;192
50548;177
50549;213
50550;170
50551;145
50552;228
50553;294
50554;278
50555;105
50556;145
50557;145
50558;126
50559;103
50560;189
50561;166
50562;252
50563;235
50564;200
50565;248
50566;242
50567;166
50568;103
50569;235
50570;261
50571;112
50572;48
50573;189
50574;202
50575;166
50576;79
50577;20
50578;48
50579;59
50580;218
50581;248
50582;228
50583;280
50584;189
50585;59
50586;86
50587;149
50588;71
50589;189
50590;260
50591;210
50592;34
50593;198
50594;133
50595;260
50596;210
50597;245
50598;177
50599;189
50600;60
50601;228
50602;166
50603;40
50604;260
50605;254
50606;133
50607;228
50608;114
50609;248
50610;220
50611;71
50612;228
50613;34
50614;189
50615;149
50616;87
50617;170
50618;285
50619;294
50620;149
50621;228
50622;134
50623;40
50624;210
50625;1
50626;213
50627;236
50628;149
50629;228
50630;280
50631;134
50632;60
50633;248
50634;235
50635;228
50636;224
50637;260
50638;34
50639;166
50640;260
50641;156
50642;156
50643;278
50644;260
50645;126
50646;228
50647;134
50648;160
50649;48
50650;149
50651;248
50652;235
50653;11
50654;139
50655;200
50656;166
50657;166
50658;59
50659;170
50660;189
50661;245
50662;103
50663;166
50664;210
50665;34
50666;91
50667;243
50668;189
50669;189
50670;234
50671;189
50672;202
50673;83
50674;149
50675;170
50676;44
50677;60
50678;243
50679;66
50680;170
50681;134
50682;137
50683;166
50684;224
50685;248
50686;182
50687;278
50688;266
50689;210
50690;1
50691;59
50692;210
50693;242
50694;137
50695;286
50696;228
50697;176
50698;208
50699;120
50700;112
50701;272
50702;114
50703;145
50704;294
50705;294
50706;209
50707;149
50708;114
50709;272
50710;220
50711;20
50712;112
50713;170
50714;189
50715;217
50716;242
50717;260
50718;242
50719;166
50720;133
50721;48
50722;235
50723;170
50724;243
50725;249
50726;235
50727;189
50728;48
50729;11
50730;83
50731;210
50732;34
50733;149
50734;284
50735;83
50736;237
50737;71
50738;242
50739;48
50740;236
50741;140
50742;202
50743;272
50744;252
50745;228
50746;217
50747;86
50748;145
50749;149
50750;209
50751;177
50752;114
50753;112
50754;44
50755;217
50756;87
50757;210
50758;245
50759;24
50760;170
50761;189
50762;140
50763;294
50764;247
50765;8
50766;280
50767;62
50768;149
50769;245
50770;96
50771;170
50772;245
50773;149
50774;202
50775;245
50776;149
50777;145
50778;285
50779;243
50780;182
50781;166
50782;166
50783;145
50784;245
50785;60
50786;83
50787;260
50788;87
50789;261
50790;235
50791;245
50792;243
50793;112
50794;189
50795;189
50796;133
50797;166
50798;149
50799;112
50800;294
50801;260
50802;14
50803;71
50804;166
50805;228
50806;242
50807;189
50808;83
50809;170
50810;242
50811;86
50812;287
50813;134
50814;166
50815;228
50816;156
50817;261
50818;202
50819;170
50820;73
50821;169
50822;242
50823;202
50824;24
50825;234
50826;48
50827;248
50828;149
50829;102
50830;8
50831;166
50832;170
50833;189
50834;272
50835;245
50836;202
50837;83
50838;294
50839;149
50840;235
50841;189
50842;149
50843;228
50844;231
50845;166
50846;102
50847;189
50848;112
50849;20
50850;267
50851;7
50852;87
50853;34
50854;245
50855;62
50856;260
50857;280
50858;44
50859;1
50860;191
50861;189
50862;228
50863;86
50864;252
50865;170
50866;137
50867;235
50868;60
50869;252
50870;53
50871;189
50872;24
50873;189
50874;189
50875;166
50876;208
50877;212
50878;189
50879;146
50880;228
50881;83
50882;166
50883;237
50884;228
50885;294
50886;170
50887;86
50888;156
50889;86
50890;260
50891;243
50892;60
50893;235
50894;177
50895;221
50896;71
50897;287
50898;252
50899;1
50900;170
50901;7
50902;235
50903;189
50904;149
50905;228
50906;228
50907;83
50908;189
50909;170
50910;156
50911;156
50912;83
50913;221
50914;198
50915;79
50916;149
50917;260
50918;189
50919;157
50920;245
50921;169
50922;71
50923;166
50924;235
50925;177
50926;134
50927;20
50928;1
50929;235
50930;189
50931;149
50932;208
50933;170
50934;214
50935;213
50936;189
50937;228
50938;62
50939;166
50940;220
50941;34
50942;221
50943;134
50944;137
50945;91
50946;242
50947;189
50948;166
50949;294
50950;149
50951;248
50952;166
50953;20
50954;166
50955;189
50956;170
50957;46
50958;294
50959;202
50960;189
50961;83
50962;208
50963;248
50964;170
50965;20
50966;189
50967;252
50968;285
50969;1
50970;208
50971;115
50972;243
50973;248
50974;245
50975;66
50976;102
50977;294
50978;192
50979;134
50980;260
50981;182
50982;60
50983;280
50984;228
50985;129
50986;120
50987;243
50988;149
50989;294
50990;208
50991;294
50992;260
50993;228
50994;48
50995;170
50996;248
50997;66
50998;48
50999;16
51000;114
51001;91
51002;261
51003;208
51004;245
51005;217
51006;210
51007;83
51008;46
51009;166
51010;260
51011;91
51012;189
51013;202
51014;242
51015;149
51016;252
51017;260
51018;149
51019;228
51020;170
51021;108
51022;260
51023;284
51024;189
51025;103
51026;210
51027;245
51028;149
51029;285
51030;86
51031;134
51032;189
51033;189
51034;86
51035;200
51036;272
51037;159
51038;76
51039;102
51040;166
51041;189
51042;149
51043;228
51044;25
51045;285
51046;133
51047;252
51048;166
51049;183
51050;228
51051;183
51052;11
51053;235
51054;76
51055;234
51056;48
51057;228
51058;102
51059;213
51060;105
51061;202
51062;-1
51063;166
51064;228
51065;235
51066;248
51067;71
51068;189
51069;231
51070;20
51071;44
51072;20
51073;166
51074;1
51075;243
51076;79
51077;83
51078;176
51079;278
51080;280
51081;83
51082;7
51083;210
51084;235
51085;260
51086;170
51087;177
51088;97
51089;294
51090;284
51091;210
51092;156
51093;16
51094;170
51095;235
51096;112
51097;189
51098;58
51099;284
51100;252
51101;228
51102;245
51103;18
51104;170
51105;260
51106;166
51107;235
51108;1
51109;22
51110;260
51111;66
51112;294
51113;149
51114;228
51115;134
51116;166
51117;200
51118;228
51119;20
51120;83
51121;40
51122;71
51123;278
51124;128
51125;284
51126;20
51127;103
51128;228
51129;221
51130;280
51131;234
51132;189
51133;170
51134;149
51135;202
51136;48
51137;170
51138;228
51139;228
51140;59
51141;243
51142;96
51143;267
51144;59
51145;166
51146;243
51147;248
51148;166
51149;166
51150;112
51151;210
51152;149
51153;114
51154;137
51155;120
51156;156
51157;234
51158;213
51159;149
51160;134
51161;149
51162;192
51163;189
51164;221
51165;149
51166;133
51167;116
51168;210
51169;248
51170;87
51171;83
51172;108
51173;20
51174;44
51175;156
51176;284
51177;170
51178;277
51179;189
51180;66
51181;183
51182;288
51183;189
51184;149
51185;166
51186;81
51187;189
51188;213
51189;166
51190;59
51191;170
51192;145
51193;170
51194;66
51195;213
51196;105
51197;183
51198;137
51199;245
51200;254
51201;228
51202;149
51203;170
51204;235
51205;86
51206;20
51207;235
51208;166
51209;108
51210;134
51211;166
51212;166
51213;231
51214;235
51215;149
51216;91
51217;228
51218;170
51219;137
51220;170
51221;260
51222;245
51223;280
51224;260
51225;224
51226;108
51227;245
51228;200
51229;44
51230;189
51231;235
51232;140
51233;226
51234;145
51235;228
51236;261
51237;166
51238;20
51239;149
51240;282
51241;221
51242;146
51243;81
51244;209
51245;86
51246;48
51247;105
51248;260
51249;235
51250;177
51251;149
51252;189
51253;228
51254;228
51255;226
51256;160
51257;166
51258;245
51259;83
51260;235
51261;280
51262;235
51263;280
51264;83
51265;170
51266;228
51267;156
51268;105
51269;235
51270;80
51271;242
51272;71
51273;66
51274;243
51275;183
51276;97
51277;260
51278;137
51279;20
51280;248
51281;156
51282;170
51283;210
51284;134
51285;157
51286;112
51287;200
51288;137
51289;176
51290;213
51291;170
51292;228
51293;245
51294;199
51295;267
51296;285
51297;189
51298;248
51299;166
51300;189
51301;59
51302;48
51303;202
51304;245
51305;44
51306;140
51307;228
51308;252
51309;202
51310;285
51311;182
51312;1
51313;243
51314;183
51315;83
51316;48
51317;14
51318;1
51319;201
51320;34
51321;189
51322;149
51323;170
51324;235
51325;285
51326;243
51327;83
51328;128
51329;221
51330;294
51331;66
51332;108
51333;103
51334;128
51335;189
51336;252
51337;139
51338;137
51339;252
51340;169
51341;83
51342;231
51343;198
51344;252
51345;156
51346;58
51347;137
51348;166
51349;170
51350;37
51351;170
51352;189
51353;170
51354;183
51355;116
51356;83
51357;189
51358;235
51359;189
51360;260
51361;156
51362;284
51363;245
51364;248
51365;149
51366;213
51367;166
51368;58
51369;235
51370;115
51371;189
51372;260
51373;183
51374;156
51375;71
51376;166
51377;112
51378;252
51379;202
51380;83
51381;112
51382;34
51383;44
51384;149
51385;140
51386;22
51387;284
51388;156
51389;71
51390;221
51391;243
51392;140
51393;133
51394;210
51395;245
51396;170
51397;166
51398;83
51399;231
51400;224
51401;20
51402;112
51403;210
51404;243
51405;248
51406;254
51407;139
51408;22
51409;260
51410;71
51411;208
51412;137
51413;146
51414;228
51415;189
51416;228
51417;245
51418;189
51419;166
51420;272
51421;221
51422;166
51423;189
51424;243
51425;170
51426;192
51427;235
51428;1
51429;235
51430;266
51431;149
51432;87
51433;112
51434;156
51435;105
51436;126
51437;166
51438;228
51439;59
51440;18
51441;83
51442;182
51443;166
51444;189
51445;228
51446;266
51447;280
51448;218
51449;76
51450;183
51451;71
51452;228
51453;156
51454;237
51455;156
51456;248
51457;228
51458;278
51459;245
51460;164
51461;156
51462;272
51463;208
51464;134
51465;83
51466;237
51467;37
51468;235
51469;226
51470;24
51471;202
51472;285
51473;44
51474;156
51475;137
51476;149
51477;189
51478;245
51479;218
51480;242
51481;189
51482;235
51483;145
51484;126
51485;280
51486;59
51487;149
51488;71
51489;160
51490;210
51491;294
51492;166
51493;176
51494;235
51495;260
51496;166
51497;71
51498;166
51499;20
51500;189
51501;166
51502;128
51503;182
51504;245
51505;97
51506;294
51507;134
51508;83
51509;170
51510;149
51511;192
51512;1
51513;248
51514;284
51515;71
51516;189
51517;228
51518;189
51519;272
51520;242
51521;284
51522;112
51523;20
51524;71
51525;189
51526;228
51527;279
51528;183
51529;245
51530;228
51531;60
51532;156
51533;256
51534;166
51535;242
51536;189
51537;102
51538;145
51539;208
51540;149
51541;60
51542;228
51543;228
51544;192
51545;245
51546;235
51547;129
51548;220
51549;-1
51550;83
51551;243
51552;20
51553;149
51554;133
51555;-1
51556;134
51557;277
51558;260
51559;145
51560;220
51561;284
51562;20
51563;235
51564;79
51565;137
51566;71
51567;146
51568;189
51569;71
51570;210
51571;128
51572;139
51573;189
51574;213
51575;260
51576;83
51577;7
51578;189
51579;71
51580;235
51581;177
51582;149
51583;243
51584;44
51585;260
51586;260
51587;217
51588;260
51589;116
51590;267
51591;166
51592;60
51593;156
51594;60
51595;208
51596;170
51597;228
51598;126
51599;220
51600;189
51601;86
51602;38
51603;280
51604;48
51605;98
51606;166
51607;98
51608;202
51609;137
51610;250
51611;166
51612;86
51613;237
51614;189
51615;115
51616;140
51617;156
51618;133
51619;114
51620;228
51621;212
51622;114
51623;189
51624;149
51625;294
51626;157
51627;177
51628;267
51629;245
51630;220
51631;228
51632;235
51633;210
51634;112
51635;242
51636;126
51637;242
51638;228
51639;189
51640;102
51641;20
51642;278
51643;235
51644;166
51645;53
51646;44
51647;228
51648;126
51649;91
51650;170
51651;48
51652;60
51653;48
51654;83
51655;217
51656;201
51657;189
51658;228
51659;20
51660;201
51661;228
51662;201
51663;86
51664;170
51665;7
51666;202
51667;140
51668;145
51669;16
51670;170
51671;256
51672;102
51673;149
51674;83
51675;217
51676;87
51677;228
51678;261
51679;112
51680;201
51681;20
51682;20
51683;149
51684;294
51685;166
51686;228
51687;243
51688;166
51689;102
51690;166
51691;189
51692;202
51693;202
51694;189
51695;145
51696;98
51697;245
51698;189
51699;280
51700;53
51701;252
51702;260
51703;189
51704;114
51705;228
51706;294
51707;220
51708;145
51709;294
51710;260
51711;156
51712;210
51713;20
51714;189
51715;234
51716;228
51717;137
51718;242
51719;228
51720;160
51721;83
51722;261
51723;139
51724;260
51725;213
51726;278
51727;166
51728;83
51729;200
51730;228
51731;166
51732;48
51733;293
51734;44
51735;189
51736;202
51737;166
51738;34
51739;260
51740;40
51741;210
51742;277
51743;189
51744;4
51745;267
51746;20
51747;261
51748;166
51749;220
51750;282
51751;261
51752;226
51753;102
51754;170
51755;189
51756;149
51757;245
51758;83
51759;102
51760;235
51761;129
51762;140
51763;112
51764;224
51765;189
51766;252
51767;71
51768;149
51769;212
51770;149
51771;149
51772;294
51773;157
51774;220
51775;237
51776;102
51777;260
51778;189
51779;228
51780;189
51781;166
51782;160
51783;221
51784;248
51785;260
51786;208
51787;189
51788;228
51789;83
51790;170
51791;210
51792;146
51793;189
51794;221
51795;235
51796;189
51797;220
51798;60
51799;170
51800;228
51801;145
51802;145
51803;284
51804;280
51805;71
51806;226
51807;260
51808;285
51809;282
51810;83
51811;134
51812;20
51813;58
51814;228
51815;146
51816;285
51817;166
51818;213
51819;87
51820;235
51821;261
51822;266
51823;14
51824;287
51825;237
51826;214
51827;137
51828;220
51829;40
51830;267
51831;170
51832;157
51833;220
51834;260
51835;83
51836;156
51837;79
51838;261
51839;20
51840;157
51841;221
51842;228
51843;200
51844;34
51845;248
51846;20
51847;149
51848;228
51849;208
51850;189
51851;202
51852;46
51853;189
51854;228
51855;235
51856;14
51857;166
51858;235
51859;48
51860;115
51861;201
51862;228
51863;170
51864;83
51865;189
51866;133
51867;166
51868;242
51869;183
51870;248
51871;235
51872;254
51873;102
51874;261
51875;170
51876;245
51877;58
51878;192
51879;149
51880;210
51881;20
51882;189
51883;170
51884;166
51885;228
51886;134
51887;8
51888;294
51889;38
51890;36
51891;170
51892;156
51893;228
51894;260
51895;149
51896;66
51897;235
51898;157
51899;137
51900;105
51901;260
51902;134
51903;83
51904;102
51905;243
51906;237
51907;71
51908;149
51909;83
51910;83
51911;34
51912;243
51913;20
51914;263
51915;280
51916;189
51917;149
51918;278
51919;60
51920;242
51921;149
51922;210
51923;242
51924;245
51925;166
51926;170
51927;200
51928;209
51929;103
51930;235
51931;60
51932;103
51933;189
51934;260
51935;83
51936;261
51937;166
51938;71
51939;235
51940;156
51941;224
51942;210
51943;86
51944;189
51945;235
51946;20
51947;103
51948;228
51949;86
51950;235
51951;87
51952;-1
51953;58
51954;7
51955;252
51956;170
51957;71
51958;166
51959;34
51960;192
51961;170
51962;156
51963;86
51964;20
51965;128
51966;189
51967;38
51968;294
51969;189
51970;76
51971;91
51972;228
51973;166
51974;231
51975;71
51976;105
51977;160
51978;146
51979;189
51980;189
51981;235
51982;189
51983;248
51984;133
51985;170
51986;210
51987;166
51988;189
51989;166
51990;160
51991;87
51992;170
51993;149
51994;48
51995;202
51996;71
51997;261
51998;34
51999;245
52000;286
52001;20
52002;280
52003;159
52004;170
52005;126
52006;149
52007;245
52008;261
52009;66
52010;91
52011;156
52012;156
52013;189
52014;228
52015;266
52016;112
52017;83
52018;286
52019;208
52020;210
52021;210
52022;278
52023;189
52024;170
52025;235
52026;1
52027;202
52028;228
52029;134
52030;235
52031;48
52032;260
52033;228
52034;245
52035;166
52036;245
52037;160
52038;60
52039;44
52040;210
52041;228
52042;294
52043;133
52044;170
52045;48
52046;285
52047;200
52048;228
52049;260
52050;145
52051;235
52052;170
52053;189
52054;189
52055;76
52056;280
52057;149
52058;133
52059;170
52060;280
52061;71
52062;20
52063;76
52064;228
52065;166
52066;116
52067;252
52068;76
52069;83
52070;38
52071;202
52072;210
52073;83
52074;228
52075;243
52076;189
52077;44
52078;145
52079;170
52080;166
52081;145
52082;210
52083;156
52084;228
52085;116
52086;260
52087;134
52088;133
52089;183
52090;189
52091;228
52092;40
52093;48
52094;73
52095;37
52096;60
52097;79
52098;248
52099;280
52100;126
52101;245
52102;14
52103;170
52104;191
52105;189
52106;191
52107;-1
52108;260
52109;20
52110;235
52111;189
52112;71
52113;212
52114;66
52115;254
52116;189
52117;267
52118;277
52119;120
52120;71
52121;170
52122;245
52123;221
52124;189
52125;83
52126;133
52127;149
52128;146
52129;87
52130;170
52131;285
52132;170
52133;140
52134;213
52135;83
52136;245
52137;252
52138;86
52139;145
52140;170
52141;294
52142;189
52143;156
52144;243
52145;71
52146;260
52147;79
52148;217
52149;86
52150;170
52151;48
52152;108
52153;245
52154;48
52155;21
52156;286
52157;134
52158;170
52159;189
52160;134
52161;20
52162;228
52163;76
52164;166
52165;149
52166;245
52167;189
52168;1
52169;280
52170;40
52171;44
52172;247
52173;235
52174;189
52175;285
52176;183
52177;228
52178;18
52179;189
52180;146
52181;235
52182;137
52183;140
52184;243
52185;134
52186;83
52187;20
52188;137
52189;221
52190;284
52191;189
52192;166
52193;248
52194;248
52195;8
52196;248
52197;149
52198;189
52199;210
52200;260
52201;210
52202;209
52203;245
52204;277
52205;189
52206;234
52207;137
52208;104
52209;71
52210;20
52211;60
52212;235
52213;126
52214;189
52215;235
52216;8
52217;192
52218;235
52219;228
52220;157
52221;228
52222;87
52223;98
52224;294
52225;83
52226;235
52227;170
52228;189
52229;83
52230;202
52231;294
52232;235
52233;189
52234;228
52235;60
52236;71
52237;242
52238;166
52239;248
52240;170
52241;166
52242;189
52243;248
52244;243
52245;285
52246;71
52247;183
52248;201
52249;189
52250;235
52251;37
52252;1
52253;60
52254;83
52255;1
52256;112
52257;213
52258;126
52259;83
52260;137
52261;243
52262;245
52263;210
52264;145
52265;145
52266;34
52267;105
52268;134
52269;183
52270;48
52271;189
52272;156
52273;245
52274;256
52275;48
52276;140
52277;252
52278;260
52279;248
52280;166
52281;149
52282;114
52283;149
52284;183
52285;284
52286;235
52287;294
52288;60
52289;83
52290;228
52291;87
52292;228
52293;280
52294;243
52295;189
52296;114
52297;22
52298;156
52299;272
52300;245
52301;294
52302;20
52303;210
52304;170
52305;228
52306;169
52307;91
52308;71
52309;189
52310;198
52311;166
52312;260
52313;157
52314;166
52315;37
52316;208
52317;170
52318;245
52319;228
52320;104
52321;235
52322;34
52323;108
52324;156
52325;248
52326;51
52327;166
52328;260
52329;189
52330;235
52331;156
52332;248
52333;236
52334;137
52335;209
52336;189
52337;91
52338;248
52339;60
52340;294
52341;189
52342;48
52343;112
52344;200
52345;44
52346;104
52347;156
52348;149
52349;245
52350;71
52351;7
52352;242
52353;212
52354;44
52355;14
52356;235
52357;156
52358;243
52359;166
52360;170
52361;294
52362;170
52363;149
52364;137
52365;285
52366;213
52367;213
52368;221
52369;210
52370;164
52371;55
52372;260
52373;83
52374;-1
52375;228
52376;71
52377;71
52378;248
52379;208
52380;137
52381;20
52382;170
52383;170
52384;243
52385;202
52386;261
52387;272
52388;166
52389;210
52390;280
52391;140
52392;1
52393;83
52394;48
52395;156
52396;285
52397;105
52398;236
52399;149
52400;189
52401;166
52402;83
52403;231
52404;208
52405;124
52406;248
52407;189
52408;166
52409;261
52410;198
52411;46
52412;218
52413;210
52414;245
52415;280
52416;170
52417;228
52418;96
52419;189
52420;202
52421;210
52422;245
52423;177
52424;20
52425;166
52426;228
52427;114
52428;272
52429;134
52430;102
52431;44
52432;37
52433;228
52434;20
52435;170
52436;285
52437;228
52438;228
52439;83
52440;156
52441;48
52442;166
52443;189
52444;66
52445;235
52446;170
52447;294
52448;149
52449;156
52450;34
52451;243
52452;146
52453;71
52454;242
52455;189
52456;103
52457;59
52458;34
52459;48
52460;182
52461;83
52462;8
52463;46
52464;71
52465;272
52466;238
52467;245
52468;228
52469;217
52470;242
52471;250
52472;260
52473;260
52474;166
52475;272
52476;104
52477;260
52478;245
52479;228
52480;83
52481;280
52482;170
52483;198
52484;189
52485;260
52486;7
52487;149
52488;236
52489;71
52490;137
52491;248
52492;166
52493;189
52494;146
52495;83
52496;170
52497;208
52498;235
52499;189
52500;202
52501;134
52502;134
52503;263
52504;267
52505;243
52506;248
52507;217
52508;235
52509;198
52510;260
52511;60
52512;156
52513;137
52514;133
52515;235
52516;210
52517;102
52518;280
52519;134
52520;170
52521;228
52522;280
52523;102
52524;170
52525;71
52526;128
52527;133
52528;128
52529;189
52530;58
52531;145
52532;189
52533;208
52534;250
52535;79
52536;102
52537;228
52538;71
52539;285
52540;189
52541;189
52542;129
52543;189
52544;170
52545;71
52546;210
52547;156
52548;266
52549;183
52550;7
52551;156
52552;157
52553;189
52554;177
52555;242
52556;44
52557;237
52558;260
52559;71
52560;1
52561;86
52562;120
52563;278
52564;208
52565;189
52566;176
52567;235
52568;280
52569;202
52570;260
52571;267
52572;44
52573;166
52574;98
52575;149
52576;71
52577;252
52578;231
52579;252
52580;140
52581;133
52582;20
52583;160
52584;189
52585;166
52586;18
52587;38
52588;242
52589;177
52590;134
52591;210
52592;62
52593;71
52594;76
52595;170
52596;228
52597;210
52598;83
52599;265
52600;192
52601;189
52602;71
52603;252
52604;115
52605;294
52606;249
52607;166
52608;260
52609;245
52610;221
52611;58
52612;242
52613;134
52614;160
52615;166
52616;254
52617;248
52618;149
52619;294
52620;156
52621;286
52622;160
52623;210
52624;260
52625;48
52626;149
52627;242
52628;11
52629;202
52630;220
52631;166
52632;189
52633;201
52634;267
52635;83
52636;37
52637;177
52638;112
52639;115
52640;170
52641;115
52642;133
52643;242
52644;83
52645;156
52646;280
52647;191
52648;20
52649;260
52650;170
52651;170
52652;221
52653;285
52654;224
52655;228
52656;145
52657;145
52658;228
52659;248
52660;38
52661;237
52662;189
52663;248
52664;166
52665;120
52666;243
52667;189
52668;20
52669;189
52670;278
52671;149
52672;145
52673;189
52674;34
52675;189
52676;228
52677;149
52678;170
52679;156
52680;183
52681;103
52682;252
52683;149
52684;260
52685;20
52686;149
52687;112
52688;235
52689;40
52690;166
52691;145
52692;156
52693;285
52694;288
52695;260
52696;46
52697;62
52698;76
52699;128
52700;145
52701;156
52702;189
52703;245
52704;170
52705;252
52706;58
52707;134
52708;83
52709;170
52710;83
52711;112
52712;208
52713;256
52714;108
52715;260
52716;44
52717;166
52718;260
52719;71
52720;189
52721;210
52722;140
52723;228
52724;62
52725;108
52726;133
52727;210
52728;48
52729;201
52730;217
52731;166
52732;170
52733;235
52734;120
52735;189
52736;236
52737;149
52738;146
52739;260
52740;228
52741;71
52742;213
52743;86
52744;134
52745;228
52746;248
52747;112
52748;210
52749;294
52750;112
52751;149
52752;149
52753;245
52754;260
52755;149
52756;146
52757;189
52758;18
52759;140
52760;213
52761;134
52762;189
52763;228
52764;245
52765;156
52766;10
52767;146
52768;116
52769;210
52770;71
52771;96
52772;83
52773;1
52774;166
52775;254
52776;221
52777;235
52778;55
52779;228
52780;200
52781;189
52782;235
52783;156
52784;260
52785;248
52786;260
52787;159
52788;83
52789;228
52790;260
52791;202
52792;170
52793;224
52794;210
52795;79
52796;60
52797;139
52798;112
52799;166
52800;210
52801;44
52802;183
52803;156
52804;228
52805;128
52806;83
52807;228
52808;189
52809;156
52810;237
52811;34
52812;170
52813;157
52814;170
52815;134
52816;189
52817;210
52818;200
52819;261
52820;157
52821;86
52822;79
52823;126
52824;243
52825;235
52826;278
52827;170
52828;267
52829;243
52830;83
52831;235
52832;120
52833;260
52834;18
52835;134
52836;210
52837;217
52838;134
52839;166
52840;182
52841;235
52842;189
52843;58
52844;146
52845;254
52846;128
52847;260
52848;112
52849;237
52850;116
52851;146
52852;248
52853;83
52854;170
52855;277
52856;149
52857;254
52858;210
52859;256
52860;254
52861;87
52862;170
52863;149
52864;226
52865;208
52866;156
52867;149
52868;157
52869;260
52870;137
52871;260
52872;189
52873;214
52874;71
52875;285
52876;149
52877;71
52878;228
52879;16
52880;198
52881;149
52882;265
52883;44
52884;166
52885;166
52886;134
52887;16
52888;272
52889;156
52890;210
52891;189
52892;226
52893;44
52894;213
52895;260
52896;280
52897;285
52898;200
52899;20
52900;248
52901;137
52902;183
52903;128
52904;228
52905;198
52906;-1
52907;189
52908;59
52909;81
52910;83
52911;210
52912;228
52913;146
52914;189
52915;157
52916;112
52917;112
52918;280
52919;170
52920;137
52921;242
52922;224
52923;149
52924;146
52925;148
52926;134
52927;189
52928;20
52929;235
52930;137
52931;149
52932;134
52933;228
52934;48
52935;198
52936;189
52937;235
52938;115
52939;83
52940;189
52941;170
52942;112
52943;220
52944;248
52945;157
52946;214
52947;243
52948;149
52949;202
52950;261
52951;60
52952;235
52953;231
52954;170
52955;149
52956;48
52957;182
52958;166
52959;213
52960;272
52961;189
52962;198
52963;260
52964;73
52965;166
52966;102
52967;210
52968;278
52969;157
52970;202
52971;120
52972;183
52973;202
52974;221
52975;189
52976;189
52977;166
52978;272
52979;1
52980;166
52981;189
52982;189
52983;260
52984;189
52985;112
52986;149
52987;237
52988;66
52989;220
52990;115
52991;170
52992;235
52993;166
52994;228
52995;254
52996;48
52997;14
52998;83
52999;76
53000;149
53001;280
53002;157
53003;71
53004;166
53005;166
53006;260
53007;34
53008;252
53009;235
53010;83
53011;86
53012;252
53013;189
53014;83
53015;159
53016;137
53017;102
53018;189
53019;103
53020;145
53021;166
53022;103
53023;202
53024;210
53025;245
53026;103
53027;277
53028;260
53029;133
53030;278
53031;66
53032;189
53033;189
53034;192
53035;189
53036;134
53037;83
53038;156
53039;79
53040;200
53041;248
53042;71
53043;177
53044;200
53045;226
53046;286
53047;170
53048;260
53049;83
53050;156
53051;48
53052;140
53053;51
53054;149
53055;245
53056;260
53057;137
53058;192
53059;128
53060;242
53061;294
53062;189
53063;170
53064;260
53065;166
53066;30
53067;212
53068;189
53069;170
53070;254
53071;260
53072;137
53073;248
53074;254
53075;261
53076;134
53077;149
53078;228
53079;34
53080;277
53081;288
53082;210
53083;221
53084;189
53085;157
53086;243
53087;59
53088;235
53089;217
53090;192
53091;20
53092;87
53093;210
53094;48
53095;228
53096;260
53097;145
53098;166
53099;286
53100;208
53101;170
53102;210
53103;124
53104;235
53105;20
53106;34
53107;149
53108;114
53109;166
53110;80
53111;108
53112;189
53113;137
53114;128
53115;83
53116;287
53117;228
53118;76
53119;242
53120;189
53121;261
53122;102
53123;8
53124;226
53125;183
53126;208
53127;260
53128;226
53129;220
53130;245
53131;177
53132;71
53133;235
53134;284
53135;248
53136;170
53137;248
53138;189
53139;170
53140;277
53141;192
53142;235
53143;76
53144;228
53145;200
53146;14
53147;260
53148;115
53149;83
53150;245
53151;129
53152;120
53153;210
53154;129
53155;245
53156;170
53157;134
53158;40
53159;134
53160;248
53161;285
53162;189
53163;59
53164;189
53165;249
53166;71
53167;254
53168;214
53169;44
53170;248
53171;224
53172;160
53173;1
53174;286
53175;210
53176;83
53177;189
53178;7
53179;166
53180;34
53181;285
53182;116
53183;177
53184;294
53185;14
53186;149
53187;183
53188;112
53189;170
53190;112
53191;60
53192;242
53193;252
53194;48
53195;170
53196;149
53197;267
53198;156
53199;166
53200;202
53201;176
53202;200
53203;60
53204;46
53205;243
53206;260
53207;189
53208;149
53209;256
53210;235
53211;235
53212;156
53213;166
53214;245
53215;83
53216;278
53217;48
53218;260
53219;170
53220;228
53221;285
53222;71
53223;189
53224;189
53225;217
53226;76
53227;254
53228;189
53229;226
53230;192
53231;71
53232;145
53233;166
53234;18
53235;134
53236;114
53237;260
53238;134
53239;14
53240;71
53241;83
53242;71
53243;120
53244;133
53245;108
53246;245
53247;96
53248;1
53249;34
53250;248
53251;265
53252;235
53253;145
53254;134
53255;166
53256;260
53257;252
53258;79
53259;170
53260;221
53261;294
53262;140
53263;189
53264;102
53265;228
53266;133
53267;261
53268;242
53269;170
53270;149
53271;170
53272;114
53273;40
53274;128
53275;220
53276;294
53277;170
53278;217
53279;166
53280;210
53281;112
53282;166
53283;277
53284;250
53285;149
53286;91
53287;83
53288;146
53289;170
53290;243
53291;294
53292;235
53293;156
53294;-1
53295;134
53296;228
53297;112
53298;166
53299;71
53300;86
53301;34
53302;166
53303;86
53304;177
53305;112
53306;182
53307;166
53308;71
53309;260
53310;102
53311;285
53312;149
53313;260
53314;252
53315;59
53316;284
53317;294
53318;189
53319;201
53320;66
53321;83
53322;134
53323;252
53324;170
53325;245
53326;238
53327;278
53328;86
53329;202
53330;10
53331;254
53332;149
53333;210
53334;66
53335;128
53336;208
53337;124
53338;24
53339;235
53340;202
53341;8
53342;60
53343;189
53344;245
53345;149
53346;228
53347;285
53348;149
53349;59
53350;261
53351;260
53352;202
53353;87
53354;189
53355;22
53356;156
53357;176
53358;114
53359;20
53360;34
53361;170
53362;112
53363;228
53364;252
53365;87
53366;235
53367;170
53368;156
53369;149
53370;166
53371;235
53372;228
53373;170
53374;235
53375;10
53376;235
53377;146
53378;71
53379;140
53380;245
53381;48
53382;189
53383;213
53384;166
53385;59
53386;210
53387;182
53388;83
53389;16
53390;189
53391;238
53392;166
53393;250
53394;285
53395;-1
53396;260
53397;189
53398;287
53399;102
53400;182
53401;83
53402;156
53403;243
53404;182
53405;20
53406;170
53407;21
53408;37
53409;228
53410;189
53411;31
53412;20
53413;149
53414;71
53415;137
53416;166
53417;260
53418;228
53419;294
53420;87
53421;221
53422;189
53423;266
53424;146
53425;217
53426;16
53427;266
53428;266
53429;134
53430;166
53431;235
53432;1
53433;129
53434;228
53435;149
53436;34
53437;79
53438;170
53439;137
53440;235
53441;252
53442;145
53443;235
53444;261
53445;140
53446;237
53447;146
53448;51
53449;71
53450;170
53451;192
53452;189
53453;157
53454;58
53455;294
53456;189
53457;182
53458;83
53459;279
53460;228
53461;149
53462;86
53463;285
53464;250
53465;287
53466;170
53467;1
53468;149
53469;228
53470;213
53471;217
53472;189
53473;166
53474;86
53475;192
53476;156
53477;166
53478;182
53479;76
53480;228
53481;294
53482;242
53483;156
53484;228
53485;260
53486;294
53487;224
53488;108
53489;284
53490;235
53491;1
53492;20
53493;202
53494;260
53495;-1
53496;149
53497;116
53498;294
53499;60
53500;220
53501;146
53502;20
53503;182
53504;189
53505;112
53506;235
53507;115
53508;285
53509;170
53510;166
53511;217
53512;285
53513;156
53514;260
53515;200
53516;149
53517;20
53518;83
53519;86
53520;48
53521;170
53522;66
53523;189
53524;248
53525;210
53526;112
53527;102
53528;288
53529;71
53530;146
53531;228
53532;166
53533;245
53534;260
53535;44
53536;210
53537;210
53538;242
53539;166
53540;149
53541;66
53542;137
53543;294
53544;11
53545;86
53546;160
53547;260
53548;192
53549;156
53550;228
53551;20
53552;48
53553;231
53554;46
53555;228
53556;46
53557;166
53558;226
53559;96
53560;170
53561;170
53562;1
53563;208
53564;170
53565;66
53566;66
53567;234
53568;245
53569;280
53570;208
53571;192
53572;183
53573;210
53574;44
53575;242
53576;112
53577;20
53578;83
53579;221
53580;285
53581;217
53582;221
53583;166
53584;170
53585;24
53586;83
53587;83
53588;228
53589;189
53590;248
53591;189
53592;156
53593;189
53594;189
53595;20
53596;149
53597;189
53598;260
53599;83
53600;71
53601;20
53602;189
53603;210
53604;260
53605;103
53606;272
53607;228
53608;189
53609;60
53610;170
53611;260
53612;134
53613;189
53614;108
53615;102
53616;166
53617;220
53618;170
53619;182
53620;260
53621;254
53622;228
53623;83
53624;235
53625;58
53626;183
53627;83
53628;146
53629;242
53630;235
53631;156
53632;156
53633;189
53634;235
53635;51
53636;149
53637;228
53638;228
53639;134
53640;243
53641;228
53642;149
53643;189
53644;102
53645;149
53646;166
53647;156
53648;11
53649;202
53650;170
53651;213
53652;48
53653;260
53654;242
53655;20
53656;166
53657;14
53658;183
53659;277
53660;79
53661;62
53662;245
53663;71
53664;149
53665;114
53666;83
53667;254
53668;214
53669;59
53670;1
53671;248
53672;170
53673;224
53674;248
53675;210
53676;66
53677;261
53678;24
53679;284
53680;284
53681;140
53682;112
53683;243
53684;166
53685;71
53686;149
53687;245
53688;228
53689;189
53690;48
53691;116
53692;129
53693;1
53694;166
53695;189
53696;177
53697;60
53698;228
53699;108
53700;248
53701;235
53702;208
53703;189
53704;248
53705;170
53706;20
53707;228
53708;102
53709;189
53710;170
53711;83
53712;183
53713;149
53714;224
53715;170
53716;260
53717;235
53718;83
53719;261
53720;81
53721;114
53722;189
53723;139
53724;128
53725;183
53726;170
53727;149
53728;202
53729;183
53730;66
53731;156
53732;170
53733;38
53734;48
53735;228
53736;170
53737;105
53738;200
53739;189
53740;208
53741;71
53742;134
53743;235
53744;133
53745;71
53746;201
53747;243
53748;200
53749;200
53750;245
53751;156
53752;166
53753;128
53754;166
53755;48
53756;44
53757;228
53758;170
53759;83
53760;261
53761;156
53762;129
53763;102
53764;218
53765;137
53766;86
53767;189
53768;189
53769;134
53770;112
53771;71
53772;260
53773;226
53774;51
53775;202
53776;217
53777;1
53778;228
53779;80
53780;149
53781;83
53782;112
53783;149
53784;146
53785;228
53786;166
53787;228
53788;58
53789;1
53790;44
53791;146
53792;242
53793;156
53794;284
53795;105
53796;254
53797;228
53798;228
53799;170
53800;149
53801;183
53802;48
53803;148
53804;102
53805;166
53806;189
53807;189
53808;245
53809;224
53810;11
53811;166
53812;245
53813;212
53814;192
53815;145
53816;149
53817;166
53818;83
53819;228
53820;245
53821;237
53822;261
53823;200
53824;38
53825;243
53826;166
53827;189
53828;14
53829;294
53830;252
53831;84
53832;156
53833;261
53834;192
53835;114
53836;200
53837;149
53838;260
53839;14
53840;146
53841;137
53842;134
53843;245
53844;112
53845;44
53846;189
53847;166
53848;284
53849;16
53850;202
53851;245
53852;81
53853;83
53854;83
53855;189
53856;210
53857;156
53858;170
53859;260
53860;200
53861;44
53862;189
53863;170
53864;192
53865;170
53866;272
53867;170
53868;44
53869;285
53870;192
53871;148
53872;140
53873;1
53874;294
53875;60
53876;170
53877;149
53878;208
53879;170
53880;58
53881;189
53882;112
53883;44
53884;166
53885;202
53886;164
53887;87
53888;220
53889;228
53890;214
53891;243
53892;272
53893;278
53894;60
53895;20
53896;102
53897;228
53898;170
53899;114
53900;200
53901;210
53902;228
53903;134
53904;176
53905;137
53906;213
53907;243
53908;228
53909;83
53910;210
53911;149
53912;260
53913;189
53914;183
53915;226
53916;16
53917;20
53918;189
53919;243
53920;112
53921;10
53922;213
53923;228
53924;260
53925;202
53926;183
53927;71
53928;248
53929;166
53930;102
53931;189
53932;261
53933;210
53934;189
53935;71
53936;83
53937;34
53938;22
53939;202
53940;133
53941;284
53942;189
53943;170
53944;146
53945;170
53946;213
53947;166
53948;238
53949;183
53950;83
53951;294
53952;266
53953;170
53954;170
53955;14
53956;160
53957;149
53958;248
53959;189
53960;115
53961;260
53962;34
53963;170
53964;149
53965;235
53966;252
53967;34
53968;170
53969;221
53970;252
53971;228
53972;210
53973;44
53974;159
53975;137
53976;48
53977;37
53978;-1
53979;189
53980;160
53981;48
53982;228
53983;156
53984;7
53985;202
53986;71
53987;220
53988;170
53989;189
53990;285
53991;59
53992;166
53993;294
53994;213
53995;210
53996;18
53997;156
53998;91
53999;260
54000;156
54001;83
54002;18
54003;213
54004;260
54005;115
54006;140
54007;102
54008;237
54009;242
54010;156
54011;133
54012;145
54013;248
54014;280
54015;14
54016;170
54017;284
54018;170
54019;254
54020;189
54021;134
54022;146
54023;220
54024;34
54025;134
54026;83
54027;71
54028;235
54029;134
54030;189
54031;157
54032;71
54033;192
54034;20
54035;115
54036;34
54037;83
54038;189
54039;192
54040;83
54041;76
54042;228
54043;44
54044;105
54045;66
54046;157
54047;160
54048;278
54049;103
54050;159
54051;192
54052;71
54053;166
54054;231
54055;192
54056;7
54057;243
54058;228
54059;245
54060;146
54061;86
54062;228
54063;149
54064;48
54065;263
54066;76
54067;44
54068;182
54069;140
54070;112
54071;189
54072;170
54073;226
54074;260
54075;134
54076;235
54077;220
54078;156
54079;210
54080;278
54081;277
54082;83
54083;71
54084;235
54085;189
54086;48
54087;170
54088;252
54089;166
54090;248
54091;202
54092;202
54093;285
54094;149
54095;221
54096;166
54097;44
54098;114
54099;103
54100;210
54101;220
54102;83
54103;210
54104;226
54105;265
54106;212
54107;60
54108;83
54109;248
54110;260
54111;120
54112;137
54113;129
54114;170
54115;62
54116;166
54117;228
54118;166
54119;128
54120;189
54121;189
54122;189
54123;97
54124;83
54125;189
54126;58
54127;134
54128;210
54129;149
54130;261
54131;83
54132;214
54133;210
54134;192
54135;192
54136;231
54137;248
54138;189
54139;220
54140;192
54141;149
54142;146
54143;44
54144;202
54145;115
54146;71
54147;272
54148;189
54149;228
54150;103
54151;202
54152;86
54153;217
54154;14
54155;192
54156;170
54157;248
54158;228
54159;285
54160;189
54161;133
54162;145
54163;210
54164;11
54165;20
54166;170
54167;102
54168;166
54169;59
54170;157
54171;177
54172;18
54173;87
54174;235
54175;235
54176;260
54177;156
54178;235
54179;48
54180;62
54181;226
54182;242
54183;83
54184;278
54185;133
54186;139
54187;242
54188;252
54189;248
54190;228
54191;189
54192;149
54193;170
54194;166
54195;170
54196;228
54197;83
54198;189
54199;149
54200;53
54201;157
54202;226
54203;83
54204;189
54205;189
54206;220
54207;189
54208;166
54209;80
54210;220
54211;114
54212;235
54213;228
54214;189
54215;189
54216;235
54217;40
54218;250
54219;228
54220;156
54221;166
54222;176
54223;189
54224;228
54225;102
54226;166
54227;228
54228;210
54229;202
54230;170
54231;149
54232;294
54233;250
54234;86
54235;156
54236;235
54237;220
54238;133
54239;166
54240;210
54241;284
54242;87
54243;189
54244;192
54245;134
54246;170
54247;18
54248;157
54249;149
54250;182
54251;83
54252;261
54253;149
54254;260
54255;139
54256;189
54257;53
54258;189
54259;243
54260;51
54261;189
54262;170
54263;166
54264;166
54265;228
54266;202
54267;189
54268;286
54269;149
54270;14
54271;192
54272;189
54273;201
54274;104
54275;235
54276;149
54277;134
54278;261
54279;20
54280;86
54281;10
54282;66
54283;116
54284;166
54285;202
54286;228
54287;288
54288;280
54289;189
54290;166
54291;217
54292;201
54293;228
54294;183
54295;189
54296;294
54297;201
54298;183
54299;59
54300;87
54301;221
54302;189
54303;228
54304;248
54305;133
54306;189
54307;228
54308;226
54309;214
54310;260
54311;272
54312;228
54313;183
54314;220
54315;83
54316;248
54317;166
54318;280
54319;157
54320;177
54321;20
54322;170
54323;228
54324;133
54325;217
54326;228
54327;285
54328;248
54329;156
54330;220
54331;66
54332;20
54333;210
54334;189
54335;235
54336;71
54337;235
54338;166
54339;160
54340;221
54341;226
54342;156
54343;201
54344;260
54345;265
54346;38
54347;248
54348;156
54349;260
54350;189
54351;279
54352;189
54353;83
54354;166
54355;228
54356;11
54357;58
54358;137
54359;87
54360;260
54361;189
54362;243
54363;133
54364;294
54365;91
54366;213
54367;228
54368;198
54369;21
54370;87
54371;108
54372;166
54373;198
54374;71
54375;10
54376;235
54377;282
54378;83
54379;140
54380;133
54381;34
54382;235
54383;228
54384;189
54385;145
54386;146
54387;108
54388;192
54389;266
54390;166
54391;221
54392;189
54393;48
54394;11
54395;166
54396;149
54397;170
54398;166
54399;60
54400;149
54401;285
54402;261
54403;157
54404;149
54405;59
54406;294
54407;34
54408;66
54409;278
54410;48
54411;48
54412;149
54413;189
54414;272
54415;278
54416;243
54417;44
54418;208
54419;236
54420;228
54421;55
54422;46
54423;170
54424;183
54425;146
54426;221
54427;221
54428;86
54429;156
54430;189
54431;86
54432;245
54433;245
54434;248
54435;48
54436;284
54437;280
54438;14
54439;252
54440;134
54441;284
54442;128
54443;166
54444;189
54445;284
54446;210
54447;213
54448;228
54449;210
54450;235
54451;189
54452;71
54453;235
54454;242
54455;166
54456;284
54457;228
54458;210
54459;217
54460;235
54461;120
54462;126
54463;166
54464;116
54465;235
54466;189
54467;235
54468;59
54469;237
54470;44
54471;116
54472;210
54473;112
54474;294
54475;83
54476;140
54477;38
54478;156
54479;189
54480;83
54481;134
54482;260
54483;198
54484;200
54485;48
54486;105
54487;115
54488;189
54489;189
54490;228
54491;200
54492;114
54493;210
54494;48
54495;148
54496;20
54497;261
54498;1
54499;156
54500;235
54501;228
54502;242
54503;217
54504;235
54505;149
54506;245
54507;38
54508;149
54509;242
54510;71
54511;133
54512;280
54513;213
54514;189
54515;235
54516;18
54517;221
54518;242
54519;231
54520;134
54521;252
54522;170
54523;263
54524;189
54525;260
54526;46
54527;226
54528;260
54529;156
54530;224
54531;189
54532;71
54533;228
54534;189
54535;235
54536;228
54537;189
54538;66
54539;91
54540;166
54541;59
54542;252
54543;105
54544;265
54545;83
54546;210
54547;24
54548;210
54549;189
54550;243
54551;260
54552;137
54553;149
54554;166
54555;280
54556;156
54557;40
54558;245
54559;48
54560;83
54561;145
54562;228
54563;14
54564;114
54565;214
54566;14
54567;224
54568;243
54569;189
54570;261
54571;137
54572;156
54573;260
54574;46
54575;103
54576;189
54577;189
54578;44
54579;112
54580;252
54581;20
54582;1
54583;202
54584;189
54585;210
54586;166
54587;134
54588;213
54589;220
54590;137
54591;20
54592;170
54593;224
54594;277
54595;76
54596;252
54597;189
54598;134
54599;189
54600;189
54601;260
54602;189
54603;228
54604;170
54605;166
54606;261
54607;189
54608;149
54609;260
54610;280
54611;192
54612;234
54613;166
54614;189
54615;170
54616;60
54617;160
54618;285
54619;115
54620;286
54621;189
54622;189
54623;294
54624;83
54625;245
54626;149
54627;166
54628;189
54629;156
54630;62
54631;294
54632;59
54633;214
54634;208
54635;170
54636;34
54637;156
54638;248
54639;170
54640;34
54641;224
54642;245
54643;71
54644;37
54645;166
54646;166
54647;192
54648;191
54649;34
54650;46
54651;20
54652;200
54653;126
54654;71
54655;261
54656;266
54657;200
54658;183
54659;210
54660;71
54661;189
54662;228
54663;294
54664;260
54665;1
54666;202
54667;261
54668;83
54669;112
54670;24
54671;228
54672;166
54673;170
54674;228
54675;272
54676;192
54677;60
54678;280
54679;112
54680;245
54681;189
54682;183
54683;170
54684;248
54685;280
54686;280
54687;137
54688;7
54689;237
54690;260
54691;20
54692;79
54693;149
54694;120
54695;134
54696;112
54697;285
54698;44
54699;114
54700;245
54701;228
54702;228
54703;48
54704;170
54705;24
54706;38
54707;146
54708;66
54709;260
54710;228
54711;177
54712;156
54713;228
54714;71
54715;198
54716;177
54717;102
54718;51
54719;245
54720;254
54721;200
54722;210
54723;260
54724;156
54725;11
54726;18
54727;62
54728;14
54729;252
54730;189
54731;210
54732;213
54733;189
54734;-1
54735;260
54736;166
54737;280
54738;55
54739;166
54740;20
54741;228
54742;140
54743;260
54744;189
54745;51
54746;243
54747;254
54748;252
54749;137
54750;166
54751;228
54752;176
54753;183
54754;103
54755;170
54756;235
54757;245
54758;149
54759;228
54760;248
54761;228
54762;58
54763;210
54764;149
54765;245
54766;189
54767;10
54768;87
54769;145
54770;280
54771;256
54772;260
54773;277
54774;256
54775;252
54776;189
54777;221
54778;228
54779;170
54780;34
54781;128
54782;112
54783;112
54784;149
54785;189
54786;166
54787;149
54788;115
54789;284
54790;235
54791;260
54792;87
54793;129
54794;210
54795;192
54796;83
54797;133
54798;189
54799;248
54800;83
54801;243
54802;151
54803;287
54804;145
54805;248
54806;245
54807;71
54808;235
54809;66
54810;260
54811;245
54812;166
54813;44
54814;20
54815;37
54816;243
54817;260
54818;280
54819;189
54820;166
54821;242
54822;166
54823;66
54824;24
54825;134
54826;243
54827;46
54828;248
54829;166
54830;284
54831;210
54832;149
54833;226
54834;228
54835;213
54836;157
54837;134
54838;170
54839;210
54840;149
54841;288
54842;260
54843;115
54844;170
54845;182
54846;71
54847;60
54848;103
54849;294
54850;226
54851;228
54852;87
54853;228
54854;71
54855;71
54856;228
54857;201
54858;260
54859;25
54860;137
54861;22
54862;38
54863;166
54864;261
54865;137
54866;148
54867;189
54868;170
54869;228
54870;294
54871;166
54872;210
54873;105
54874;149
54875;170
54876;208
54877;189
54878;235
54879;200
54880;120
54881;183
54882;71
54883;286
54884;248
54885;279
54886;137
54887;213
54888;59
54889;14
54890;210
54891;157
54892;228
54893;228
54894;243
54895;79
54896;242
54897;137
54898;87
54899;112
54900;228
54901;149
54902;156
54903;83
54904;209
54905;87
54906;235
54907;266
54908;247
54909;34
54910;294
54911;60
54912;44
54913;228
54914;14
54915;231
54916;231
54917;114
54918;192
54919;245
54920;10
54921;250
54922;170
54923;22
54924;202
54925;134
54926;55
54927;83
54928;20
54929;149
54930;149
54931;285
54932;210
54933;189
54934;14
54935;166
54936;189
54937;235
54938;137
54939;228
54940;228
54941;44
54942;228
54943;37
54944;243
54945;212
54946;160
54947;189
54948;149
54949;228
54950;149
54951;189
54952;170
54953;245
54954;83
54955;189
54956;294
54957;236
54958;71
54959;210
54960;166
54961;83
54962;108
54963;209
54964;7
54965;248
54966;198
54967;183
54968;210
54969;86
54970;91
54971;242
54972;263
54973;294
54974;237
54975;170
54976;86
54977;20
54978;192
54979;248
54980;235
54981;278
54982;166
54983;284
54984;156
54985;166
54986;235
54987;210
54988;149
54989;170
54990;83
54991;284
54992;245
54993;228
54994;192
54995;102
54996;189
54997;44
54998;170
54999;149
55000;294
55001;294
55002;71
55003;243
55004;134
55005;83
55006;48
55007;189
55008;20
55009;221
55010;285
55011;245
55012;202
55013;248
55014;40
55015;20
55016;112
55017;72
55018;208
55019;208
55020;189
55021;210
55022;228
55023;71
55024;103
55025;170
55026;134
55027;248
55028;71
55029;83
55030;189
55031;108
55032;189
55033;228
55034;60
55035;210
55036;137
55037;166
55038;71
55039;221
55040;20
55041;217
55042;108
55043;128
55044;170
55045;263
55046;112
55047;228
55048;228
55049;104
55050;40
55051;18
55052;170
55053;189
55054;260
55055;235
55056;294
55057;156
55058;278
55059;284
55060;285
55061;20
55062;59
55063;157
55064;83
55065;221
55066;71
55067;183
55068;267
55069;149
55070;76
55071;242
55072;265
55073;156
55074;189
55075;189
55076;189
55077;260
55078;44
55079;166
55080;44
55081;260
55082;166
55083;221
55084;228
55085;59
55086;166
55087;182
55088;260
55089;137
55090;120
55091;71
55092;83
55093;149
55094;243
55095;242
55096;261
55097;60
55098;38
55099;202
55100;228
55101;134
55102;189
55103;134
55104;189
55105;252
55106;189
55107;201
55108;134
55109;248
55110;71
55111;146
55112;237
55113;76
55114;170
55115;149
55116;146
55117;285
55118;189
55119;170
55120;228
55121;170
55122;133
55123;248
55124;279
55125;149
55126;235
55127;71
55128;66
55129;177
55130;260
55131;170
55132;58
55133;170
55134;1
55135;280
55136;189
55137;157
55138;60
55139;71
55140;134
55141;129
55142;83
55143;108
55144;220
55145;280
55146;228
55147;116
55148;8
55149;189
55150;83
55151;248
55152;156
55153;192
55154;260
55155;260
55156;166
55157;20
55158;149
55159;48
55160;170
55161;83
55162;149
55163;210
55164;20
55165;126
55166;200
55167;200
55168;284
55169;189
55170;250
55171;237
55172;20
55173;166
55174;170
55175;210
55176;156
55177;166
55178;210
55179;149
55180;170
55181;191
55182;260
55183;267
55184;166
55185;189
55186;71
55187;213
55188;189
55189;202
55190;34
55191;83
55192;260
55193;189
55194;170
55195;149
55196;58
55197;245
55198;286
55199;213
55200;134
55201;245
55202;248
55203;235
55204;62
55205;14
55206;140
55207;48
55208;260
55209;182
55210;265
55211;235
55212;120
55213;133
55214;8
55215;169
55216;221
55217;208
55218;228
55219;38
55220;20
55221;189
55222;166
55223;280
55224;112
55225;20
55226;245
55227;112
55228;202
55229;183
55230;235
55231;189
55232;294
55233;58
55234;60
55235;228
55236;189
55237;248
55238;71
55239;149
55240;248
55241;260
55242;79
55243;243
55244;272
55245;170
55246;248
55247;149
55248;285
55249;245
55250;149
55251;192
55252;86
55253;228
55254;60
55255;243
55256;236
55257;189
55258;166
55259;10
55260;176
55261;20
55262;183
55263;48
55264;166
55265;202
55266;145
55267;192
55268;149
55269;170
55270;129
55271;256
55272;170
55273;24
55274;235
55275;20
55276;8
55277;102
55278;245
55279;189
55280;189
55281;170
55282;265
55283;250
55284;245
55285;38
55286;58
55287;86
55288;248
55289;260
55290;71
55291;58
55292;137
55293;134
55294;134
55295;189
55296;76
55297;83
55298;235
55299;55
55300;243
55301;245
55302;189
55303;112
55304;112
55305;170
55306;189
55307;228
55308;14
55309;198
55310;1
55311;288
55312;260
55313;189
55314;235
55315;287
55316;189
55317;140
55318;71
55319;170
55320;189
55321;202
55322;149
55323;208
55324;146
55325;260
55326;260
55327;137
55328;20
55329;166
55330;210
55331;228
55332;149
55333;1
55334;128
55335;286
55336;170
55337;166
55338;149
55339;243
55340;58
55341;149
55342;44
55343;48
55344;44
55345;102
55346;236
55347;189
55348;245
55349;294
55350;199
55351;170
55352;134
55353;83
55354;44
55355;108
55356;71
55357;20
55358;221
55359;40
55360;7
55361;221
55362;226
55363;137
55364;245
55365;189
55366;189
55367;208
55368;189
55369;254
55370;166
55371;128
55372;159
55373;156
55374;166
55375;284
55376;280
55377;11
55378;170
55379;228
55380;182
55381;260
55382;166
55383;177
55384;149
55385;189
55386;266
55387;261
55388;189
55389;83
55390;201
55391;183
55392;245
55393;182
55394;189
55395;156
55396;189
55397;189
55398;288
55399;189
55400;294
55401;189
55402;126
55403;166
55404;170
55405;156
55406;226
55407;210
55408;48
55409;156
55410;145
55411;166
55412;137
55413;87
55414;235
55415;14
55416;114
55417;44
55418;34
55419;170
55420;261
55421;243
55422;1
55423;102
55424;210
55425;166
55426;228
55427;235
55428;200
55429;189
55430;260
55431;183
55432;226
55433;280
55434;235
55435;157
55436;103
55437;294
55438;146
55439;242
55440;260
55441;202
55442;170
55443;284
55444;210
55445;146
55446;189
55447;66
55448;133
55449;133
55450;83
55451;202
55452;189
55453;170
55454;189
55455;71
55456;170
55457;140
55458;166
55459;44
55460;228
55461;189
55462;248
55463;157
55464;192
55465;166
55466;235
55467;228
55468;235
55469;208
55470;198
55471;189
55472;170
55473;280
55474;20
55475;210
55476;115
55477;242
55478;189
55479;189
55480;237
55481;156
55482;238
55483;86
55484;156
55485;102
55486;202
55487;40
55488;71
55489;53
55490;226
55491;145
55492;156
55493;71
55494;71
55495;285
55496;189
55497;170
55498;278
55499;149
55500;145
55501;166
55502;235
55503;198
55504;20
55505;66
55506;166
55507;112
55508;83
55509;202
55510;1
55511;202
55512;48
55513;166
55514;128
55515;79
55516;189
55517;189
55518;189
55519;280
55520;112
55521;76
55522;166
55523;189
55524;224
55525;285
55526;261
55527;284
55528;231
55529;260
55530;112
55531;189
55532;60
55533;86
55534;34
55535;48
55536;156
55537;157
55538;192
55539;156
55540;20
55541;280
55542;235
55543;234
55544;149
55545;170
55546;66
55547;112
55548;60
55549;218
55550;189
55551;115
55552;177
55553;208
55554;60
55555;224
55556;170
55557;294
55558;252
55559;126
55560;156
55561;149
55562;170
55563;228
55564;260
55565;252
55566;44
55567;166
55568;166
55569;189
55570;243
55571;59
55572;228
55573;208
55574;71
55575;189
55576;34
55577;156
55578;235
55579;71
55580;221
55581;228
55582;134
55583;96
55584;260
55585;48
55586;237
55587;1
55588;134
55589;170
55590;189
55591;228
55592;71
55593;260
55594;235
55595;252
55596;261
55597;18
55598;48
55599;201
55600;24
55601;18
55602;83
55603;166
55604;228
55605;20
55606;272
55607;86
55608;170
55609;248
55610;7
55611;137
55612;220
55613;166
55614;170
55615;208
55616;260
55617;210
55618;243
55619;243
55620;60
55621;221
55622;280
55623;293
55624;87
55625;293
55626;170
55627;112
55628;237
55629;137
55630;192
55631;245
55632;36
55633;79
55634;189
55635;91
55636;192
55637;228
55638;133
55639;103
55640;60
55641;20
55642;245
55643;128
55644;157
55645;170
55646;71
55647;149
55648;177
55649;210
55650;170
55651;170
55652;156
55653;243
55654;83
55655;166
55656;62
55657;59
55658;249
55659;83
55660;228
55661;18
55662;248
55663;245
55664;170
55665;228
55666;242
55667;237
55668;201
55669;260
55670;279
55671;265
55672;137
55673;260
55674;260
55675;252
55676;208
55677;170
55678;20
55679;284
55680;286
55681;129
55682;103
55683;189
55684;48
55685;40
55686;228
55687;134
55688;260
55689;183
55690;48
55691;189
55692;260
55693;134
55694;248
55695;170
55696;189
55697;192
55698;217
55699;285
55700;256
55701;170
55702;24
55703;156
55704;245
55705;248
55706;166
55707;170
55708;261
55709;277
55710;60
55711;71
55712;38
55713;284
55714;202
55715;38
55716;137
55717;134
55718;272
55719;36
55720;235
55721;189
55722;231
55723;231
55724;245
55725;83
55726;20
55727;288
55728;170
55729;267
55730;189
55731;58
55732;272
55733;149
55734;294
55735;261
55736;105
55737;134
55738;114
55739;260
55740;242
55741;71
55742;34
55743;137
55744;242
55745;210
55746;169
55747;260
55748;245
55749;228
55750;189
55751;133
55752;112
55753;83
55754;235
55755;166
55756;200
55757;245
55758;1
55759;112
55760;87
55761;71
55762;60
55763;18
55764;115
55765;164
55766;277
55767;242
55768;-1
55769;34
55770;16
55771;288
55772;51
55773;140
55774;156
55775;260
55776;170
55777;265
55778;18
55779;137
55780;189
55781;87
55782;146
55783;235
55784;38
55785;189
55786;170
55787;24
55788;71
55789;170
55790;170
55791;157
55792;166
55793;83
55794;71
55795;149
55796;266
55797;48
55798;208
55799;189
55800;254
55801;235
55802;272
55803;202
55804;20
55805;87
55806;170
55807;231
55808;166
55809;124
55810;71
55811;286
55812;112
55813;260
55814;83
55815;272
55816;198
55817;170
55818;145
55819;40
55820;79
55821;87
55822;260
55823;183
55824;120
55825;280
55826;170
55827;166
55828;83
55829;166
55830;14
55831;235
55832;267
55833;248
55834;200
55835;260
55836;91
55837;228
55838;189
55839;228
55840;201
55841;169
55842;159
55843;60
55844;170
55845;34
55846;189
55847;58
55848;128
55849;277
55850;177
55851;192
55852;277
55853;177
55854;189
55855;170
55856;237
55857;235
55858;71
55859;192
55860;22
55861;208
55862;170
55863;280
55864;156
55865;189
55866;236
55867;252
55868;20
55869;252
55870;189
55871;210
55872;189
55873;209
55874;83
55875;242
55876;145
55877;166
55878;228
55879;235
55880;149
55881;59
55882;44
55883;1
55884;71
55885;189
55886;83
55887;245
55888;87
55889;202
55890;170
55891;238
55892;214
55893;1
55894;228
55895;108
55896;134
55897;156
55898;71
55899;76
55900;108
55901;166
55902;108
55903;98
55904;166
55905;146
55906;20
55907;235
55908;228
55909;126
55910;105
55911;91
55912;112
55913;102
55914;235
55915;189
55916;242
55917;228
55918;102
55919;166
55920;146
55921;280
55922;294
55923;34
55924;228
55925;260
55926;278
55927;284
55928;166
55929;48
55930;245
55931;170
55932;170
55933;218
55934;284
55935;235
55936;128
55937;91
55938;170
55939;189
55940;189
55941;192
55942;189
55943;221
55944;25
55945;46
55946;170
55947;44
55948;71
55949;235
55950;149
55951;294
55952;149
55953;280
55954;146
55955;166
55956;-1
55957;189
55958;284
55959;20
55960;192
55961;20
55962;83
55963;192
55964;245
55965;228
55966;254
55967;128
55968;256
55969;-1
55970;81
55971;134
55972;149
55973;102
55974;221
55975;59
55976;192
55977;248
55978;20
55979;87
55980;156
55981;156
55982;189
55983;134
55984;252
55985;149
55986;148
55987;102
55988;60
55989;166
55990;235
55991;149
55992;252
55993;166
55994;228
55995;210
55996;46
55997;40
55998;294
55999;170
56000;145
56001;280
56002;243
56003;228
56004;284
56005;284
56006;133
56007;235
56008;140
56009;199
56010;245
56011;278
56012;149
56013;156
56014;176
56015;208
56016;59
56017;134
56018;149
56019;231
56020;245
56021;166
56022;243
56023;83
56024;128
56025;170
56026;252
56027;20
56028;149
56029;83
56030;170
56031;189
56032;76
56033;25
56034;210
56035;24
56036;189
56037;148
56038;105
56039;228
56040;83
56041;166
56042;294
56043;46
56044;59
56045;44
56046;86
56047;170
56048;280
56049;189
56050;284
56051;221
56052;192
56053;128
56054;260
56055;86
56056;34
56057;102
56058;133
56059;266
56060;149
56061;1
56062;234
56063;261
56064;235
56065;44
56066;134
56067;1
56068;44
56069;11
56070;83
56071;137
56072;145
56073;97
56074;156
56075;146
56076;146
56077;256
56078;83
56079;148
56080;71
56081;166
56082;166
56083;149
56084;285
56085;243
56086;128
56087;294
56088;170
56089;221
56090;248
56091;83
56092;166
56093;217
56094;170
56095;149
56096;166
56097;260
56098;235
56099;260
56100;250
56101;260
56102;79
56103;91
56104;228
56105;189
56106;248
56107;285
56108;66
56109;166
56110;137
56111;134
56112;200
56113;-1
56114;189
56115;126
56116;170
56117;170
56118;228
56119;166
56120;228
56121;228
56122;24
56123;83
56124;210
56125;66
56126;166
56127;83
56128;105
56129;208
56130;134
56131;189
56132;102
56133;60
56134;86
56135;44
56136;31
56137;294
56138;96
56139;116
56140;249
56141;166
56142;294
56143;248
56144;252
56145;248
56146;228
56147;235
56148;166
56149;263
56150;1
56151;20
56152;156
56153;202
56154;189
56155;242
56156;48
56157;221
56158;294
56159;248
56160;200
56161;260
56162;156
56163;34
56164;280
56165;170
56166;170
56167;261
56168;20
56169;166
56170;20
56171;40
56172;294
56173;210
56174;189
56175;20
56176;166
56177;228
56178;176
56179;202
56180;189
56181;166
56182;228
56183;210
56184;278
56185;183
56186;1
56187;112
56188;48
56189;235
56190;166
56191;294
56192;245
56193;245
56194;245
56195;210
56196;170
56197;115
56198;159
56199;170
56200;46
56201;260
56202;248
56203;252
56204;112
56205;284
56206;282
56207;260
56208;228
56209;201
56210;60
56211;166
56212;83
56213;145
56214;235
56215;242
56216;280
56217;210
56218;20
56219;235
56220;83
56221;44
56222;243
56223;176
56224;71
56225;221
56226;248
56227;53
56228;112
56229;170
56230;260
56231;248
56232;149
56233;156
56234;149
56235;228
56236;228
56237;87
56238;8
56239;210
56240;183
56241;176
56242;245
56243;221
56244;166
56245;235
56246;245
56247;166
56248;210
56249;170
56250;145
56251;261
56252;24
56253;170
56254;91
56255;243
56256;228
56257;112
56258;228
56259;254
56260;217
56261;48
56262;83
56263;149
56264;149
56265;189
56266;272
56267;91
56268;201
56269;71
56270;210
56271;288
56272;103
56273;210
56274;18
56275;189
56276;189
56277;83
56278;238
56279;260
56280;189
56281;284
56282;210
56283;282
56284;170
56285;272
56286;60
56287;170
56288;248
56289;260
56290;44
56291;149
56292;14
56293;160
56294;170
56295;149
56296;71
56297;214
56298;224
56299;40
56300;112
56301;20
56302;272
56303;243
56304;44
56305;285
56306;108
56307;280
56308;189
56309;149
56310;210
56311;166
56312;202
56313;46
56314;20
56315;210
56316;282
56317;149
56318;170
56319;166
56320;221
56321;105
56322;40
56323;156
56324;183
56325;87
56326;228
56327;134
56328;137
56329;242
56330;189
56331;44
56332;137
56333;149
56334;182
56335;60
56336;278
56337;149
56338;34
56339;228
56340;18
56341;166
56342;189
56343;210
56344;260
56345;224
56346;166
56347;1
56348;260
56349;243
56350;183
56351;149
56352;156
56353;201
56354;202
56355;183
56356;220
56357;277
56358;48
56359;145
56360;166
56361;235
56362;228
56363;156
56364;235
56365;260
56366;148
56367;277
56368;38
56369;278
56370;20
56371;48
56372;157
56373;148
56374;20
56375;252
56376;201
56377;192
56378;260
56379;71
56380;170
56381;189
56382;156
56383;98
56384;83
56385;228
56386;288
56387;38
56388;243
56389;137
56390;60
56391;14
56392;44
56393;8
56394;235
56395;44
56396;202
56397;189
56398;157
56399;189
56400;194
56401;149
56402;177
56403;189
56404;210
56405;146
56406;228
56407;242
56408;83
56409;170
56410;166
56411;277
56412;46
56413;202
56414;10
56415;248
56416;200
56417;235
56418;235
56419;170
56420;170
56421;170
56422;140
56423;129
56424;134
56425;284
56426;20
56427;192
56428;235
56429;192
56430;166
56431;160
56432;97
56433;234
56434;114
56435;137
56436;58
56437;128
56438;210
56439;112
56440;159
56441;260
56442;7
56443;189
56444;189
56445;71
56446;170
56447;200
56448;245
56449;228
56450;237
56451;48
56452;221
56453;156
56454;133
56455;38
56456;189
56457;235
56458;71
56459;189
56460;71
56461;202
56462;189
56463;248
56464;166
56465;60
56466;71
56467;66
56468;272
56469;201
56470;98
56471;235
56472;14
56473;228
56474;16
56475;228
56476;83
56477;149
56478;134
56479;83
56480;166
56481;157
56482;221
56483;83
56484;189
56485;228
56486;170
56487;115
56488;166
56489;55
56490;261
56491;128
56492;228
56493;284
56494;166
56495;149
56496;149
56497;166
56498;20
56499;260
56500;160
56501;48
56502;11
56503;126
56504;44
56505;20
56506;86
56507;210
56508;170
56509;261
56510;261
56511;260
56512;170
56513;34
56514;260
56515;170
56516;224
56517;166
56518;189
56519;170
56520;60
56521;228
56522;156
56523;48
56524;20
56525;46
56526;170
56527;208
56528;228
56529;149
56530;252
56531;166
56532;116
56533;18
56534;-1
56535;221
56536;66
56537;66
56538;20
56539;228
56540;183
56541;160
56542;48
56543;243
56544;156
56545;294
56546;166
56547;71
56548;40
56549;260
56550;189
56551;48
56552;201
56553;201
56554;242
56555;18
56556;228
56557;149
56558;170
56559;228
56560;20
56561;34
56562;228
56563;102
56564;170
56565;248
56566;226
56567;212
56568;108
56569;286
56570;221
56571;210
56572;83
56573;201
56574;235
56575;228
56576;60
56577;208
56578;166
56579;260
56580;102
56581;266
56582;170
56583;220
56584;235
56585;228
56586;71
56587;36
56588;220
56589;148
56590;71
56591;20
56592;126
56593;48
56594;228
56595;170
56596;210
56597;71
56598;192
56599;242
56600;213
56601;210
56602;38
56603;83
56604;166
56605;134
56606;134
56607;170
56608;248
56609;260
56610;213
56611;102
56612;156
56613;189
56614;202
56615;221
56616;189
56617;157
56618;245
56619;156
56620;294
56621;224
56622;242
56623;14
56624;166
56625;210
56626;34
56627;228
56628;149
56629;156
56630;217
56631;166
56632;133
56633;86
56634;76
56635;166
56636;40
56637;24
56638;280
56639;86
56640;133
56641;260
56642;260
56643;140
56644;228
56645;260
56646;170
56647;198
56648;189
56649;189
56650;228
56651;134
56652;156
56653;44
56654;156
56655;24
56656;133
56657;285
56658;71
56659;228
56660;83
56661;224
56662;149
56663;272
56664;217
56665;38
56666;137
56667;139
56668;260
56669;166
56670;261
56671;145
56672;231
56673;120
56674;66
56675;213
56676;157
56677;200
56678;228
56679;189
56680;228
56681;102
56682;208
56683;71
56684;260
56685;156
56686;252
56687;7
56688;267
56689;243
56690;202
56691;58
56692;20
56693;34
56694;221
56695;71
56696;243
56697;86
56698;285
56699;166
56700;134
56701;166
56702;245
56703;210
56704;208
56705;235
56706;224
56707;170
56708;34
56709;126
56710;189
56711;260
56712;166
56713;217
56714;83
56715;149
56716;220
56717;248
56718;200
56719;108
56720;20
56721;149
56722;170
56723;156
56724;189
56725;166
56726;71
56727;87
56728;60
56729;102
56730;76
56731;189
56732;202
56733;139
56734;226
56735;201
56736;149
56737;156
56738;248
56739;1
56740;34
56741;189
56742;40
56743;228
56744;7
56745;146
56746;235
56747;260
56748;228
56749;294
56750;160
56751;146
56752;105
56753;160
56754;140
56755;96
56756;220
56757;146
56758;210
56759;189
56760;83
56761;243
56762;86
56763;20
56764;133
56765;263
56766;261
56767;159
56768;166
56769;261
56770;156
56771;189
56772;87
56773;156
56774;71
56775;83
56776;202
56777;231
56778;228
56779;245
56780;83
56781;201
56782;10
56783;192
56784;294
56785;7
56786;20
56787;166
56788;14
56789;217
56790;280
56791;248
56792;189
56793;44
56794;213
56795;260
56796;189
56797;83
56798;189
56799;170
56800;235
56801;235
56802;293
56803;202
56804;189
56805;260
56806;170
56807;87
56808;192
56809;245
56810;83
56811;200
56812;228
56813;83
56814;170
56815;149
56816;166
56817;183
56818;189
56819;149
56820;134
56821;66
56822;149
56823;156
56824;228
56825;66
56826;146
56827;231
56828;166
56829;210
56830;66
56831;16
56832;294
56833;170
56834;114
56835;14
56836;260
56837;242
56838;208
56839;189
56840;189
56841;210
56842;156
56843;7
56844;228
56845;272
56846;176
56847;71
56848;105
56849;221
56850;245
56851;280
56852;224
56853;83
56854;212
56855;137
56856;105
56857;71
56858;260
56859;228
56860;7
56861;228
56862;277
56863;189
56864;170
56865;202
56866;166
56867;149
56868;71
56869;128
56870;224
56871;260
56872;198
56873;46
56874;189
56875;278
56876;18
56877;228
56878;235
56879;242
56880;149
56881;112
56882;58
56883;235
56884;134
56885;149
56886;210
56887;280
56888;20
56889;192
56890;170
56891;170
56892;217
56893;59
56894;128
56895;112
56896;294
56897;133
56898;189
56899;228
56900;166
56901;228
56902;11
56903;66
56904;228
56905;213
56906;87
56907;238
56908;149
56909;166
56910;218
56911;189
56912;166
56913;34
56914;235
56915;149
56916;112
56917;224
56918;60
56919;71
56920;156
56921;235
56922;170
56923;148
56924;145
56925;202
56926;220
56927;228
56928;83
56929;256
56930;149
56931;134
56932;221
56933;266
56934;210
56935;252
56936;91
56937;294
56938;189
56939;248
56940;228
56941;46
56942;126
56943;235
56944;20
56945;285
56946;157
56947;192
56948;278
56949;48
56950;176
56951;170
56952;189
56953;14
56954;272
56955;71
56956;280
56957;76
56958;170
56959;38
56960;108
56961;134
56962;243
56963;221
56964;265
56965;235
56966;20
56967;260
56968;46
56969;170
56970;189
56971;189
56972;252
56973;228
56974;48
56975;202
56976;202
56977;252
56978;189
56979;235
56980;228
56981;71
56982;149
56983;237
56984;192
56985;103
56986;235
56987;170
56988;210
56989;156
56990;235
56991;284
56992;208
56993;71
56994;134
56995;260
56996;189
56997;44
56998;37
56999;134
57000;294
57001;200
57002;46
57003;73
57004;145
57005;44
57006;146
57007;252
57008;103
57009;59
57010;159
57011;228
57012;189
57013;7
57014;103
57015;102
57016;156
57017;140
57018;189
57019;137
57020;166
57021;237
57022;83
57023;83
57024;284
57025;134
57026;189
57027;245
57028;210
57029;170
57030;133
57031;170
57032;128
57033;189
57034;228
57035;260
57036;170
57037;126
57038;156
57039;91
57040;252
57041;-1
57042;235
57043;248
57044;166
57045;170
57046;228
57047;260
57048;60
57049;170
57050;166
57051;228
57052;294
57053;112
57054;103
57055;260
57056;213
57057;134
57058;53
57059;228
57060;102
57061;166
57062;192
57063;235
57064;46
57065;278
57066;60
57067;149
57068;183
57069;294
57070;245
57071;60
57072;228
57073;86
57074;210
57075;149
57076;294
57077;91
57078;166
57079;294
57080;189
57081;252
57082;260
57083;221
57084;189
57085;260
57086;209
57087;235
57088;79
57089;134
57090;170
57091;22
57092;228
57093;44
57094;149
57095;91
57096;149
57097;166
57098;170
57099;235
57100;285
57101;166
57102;149
57103;18
57104;235
57105;284
57106;214
57107;137
57108;201
57109;224
57110;170
57111;252
57112;112
57113;202
57114;189
57115;228
57116;189
57117;252
57118;235
57119;245
57120;108
57121;210
57122;112
57123;170
57124;280
57125;272
57126;284
57127;20
57128;210
57129;96
57130;134
57131;51
57132;189
57133;228
57134;46
57135;228
57136;228
57137;59
57138;189
57139;278
57140;20
57141;86
57142;149
57143;37
57144;83
57145;280
57146;189
57147;294
57148;294
57149;248
57150;176
57151;236
57152;166
57153;189
57154;149
57155;108
57156;149
57157;245
57158;166
57159;192
57160;210
57161;228
57162;288
57163;129
57164;115
57165;243
57166;177
57167;245
57168;156
57169;79
57170;189
57171;83
57172;112
57173;284
57174;1
57175;189
57176;202
57177;200
57178;134
57179;261
57180;120
57181;189
57182;260
57183;260
57184;280
57185;228
57186;189
57187;189
57188;228
57189;189
57190;166
57191;284
57192;282
57193;137
57194;170
57195;166
57196;235
57197;243
57198;272
57199;166
57200;235
57201;91
57202;235
57203;4
57204;278
57205;20
57206;245
57207;134
57208;228
57209;18
57210;170
57211;238
57212;248
57213;156
57214;102
57215;280
57216;208
57217;115
57218;46
57219;201
57220;38
57221;235
57222;228
57223;279
57224;189
57225;294
57226;149
57227;280
57228;261
57229;189
57230;59
57231;214
57232;14
57233;146
57234;137
57235;224
57236;157
57237;83
57238;189
57239;166
57240;243
57241;217
57242;217
57243;115
57244;44
57245;129
57246;87
57247;189
57248;129
57249;170
57250;140
57251;156
57252;260
57253;260
57254;235
57255;210
57256;97
57257;228
57258;83
57259;261
57260;86
57261;170
57262;170
57263;20
57264;252
57265;170
57266;189
57267;166
57268;170
57269;137
57270;217
57271;252
57272;87
57273;242
57274;245
57275;284
57276;134
57277;189
57278;231
57279;248
57280;60
57281;40
57282;1
57283;120
57284;166
57285;228
57286;66
57287;115
57288;224
57289;210
57290;237
57291;126
57292;260
57293;156
57294;235
57295;265
57296;10
57297;134
57298;76
57299;48
57300;114
57301;21
57302;228
57303;71
57304;146
57305;71
57306;260
57307;108
57308;156
57309;226
57310;285
57311;260
57312;260
57313;198
57314;260
57315;254
57316;38
57317;248
57318;237
57319;285
57320;66
57321;87
57322;21
57323;166
57324;60
57325;210
57326;221
57327;252
57328;200
57329;285
57330;71
57331;170
57332;156
57333;284
57334;137
57335;48
57336;210
57337;48
57338;228
57339;285
57340;71
57341;14
57342;149
57343;243
57344;87
57345;48
57346;243
57347;79
57348;129
57349;189
57350;55
57351;128
57352;252
57353;228
57354;228
57355;189
57356;236
57357;243
57358;115
57359;166
57360;192
57361;248
57362;189
57363;60
57364;170
57365;44
57366;112
57367;248
57368;14
57369;108
57370;235
57371;189
57372;242
57373;38
57374;166
57375;156
57376;137
57377;156
57378;83
57379;238
57380;235
57381;71
57382;103
57383;189
57384;105
57385;260
57386;237
57387;254
57388;105
57389;228
57390;260
57391;20
57392;210
57393;128
57394;183
57395;37
57396;265
57397;48
57398;217
57399;149
57400;166
57401;44
57402;189
57403;170
57404;83
57405;242
57406;260
57407;166
57408;71
57409;254
57410;149
57411;156
57412;235
57413;189
57414;133
57415;252
57416;60
57417;260
57418;145
57419;228
57420;256
57421;87
57422;148
57423;280
57424;200
57425;157
57426;24
57427;18
57428;149
57429;170
57430;149
57431;266
57432;242
57433;137
57434;112
57435;20
57436;103
57437;83
57438;228
57439;48
57440;280
57441;198
57442;245
57443;266
57444;266
57445;166
57446;86
57447;237
57448;71
57449;149
57450;248
57451;228
57452;236
57453;212
57454;166
57455;102
57456;245
57457;221
57458;166
57459;126
57460;231
57461;248
57462;256
57463;242
57464;156
57465;48
57466;209
57467;189
57468;34
57469;170
57470;228
57471;170
57472;189
57473;234
57474;198
57475;284
57476;210
57477;10
57478;149
57479;191
57480;114
57481;272
57482;149
57483;157
57484;71
57485;134
57486;10
57487;243
57488;235
57489;189
57490;31
57491;170
57492;137
57493;245
57494;235
57495;256
57496;149
57497;272
57498;280
57499;133
57500;157
57501;148
57502;228
57503;149
57504;55
57505;210
57506;103
57507;157
57508;228
57509;102
57510;134
57511;44
57512;170
57513;280
57514;286
57515;48
57516;38
57517;20
57518;245
57519;66
57520;137
57521;280
57522;170
57523;210
57524;202
57525;228
57526;48
57527;166
57528;182
57529;248
57530;166
57531;149
57532;170
57533;242
57534;71
57535;71
57536;252
57537;189
57538;40
57539;228
57540;210
57541;112
57542;48
57543;228
57544;284
57545;60
57546;228
57547;228
57548;114
57549;245
57550;157
57551;228
57552;156
57553;260
57554;134
57555;46
57556;149
57557;248
57558;166
57559;134
57560;260
57561;170
57562;86
57563;114
57564;217
57565;156
57566;189
57567;228
57568;294
57569;170
57570;210
57571;170
57572;91
57573;149
57574;105
57575;210
57576;133
57577;51
57578;83
57579;104
57580;237
57581;235
57582;166
57583;86
57584;252
57585;210
57586;248
57587;278
57588;166
57589;166
57590;189
57591;71
57592;260
57593;37
57594;1
57595;44
57596;284
57597;134
57598;170
57599;166
57600;235
57601;228
57602;71
57603;133
57604;192
57605;189
57606;134
57607;285
57608;260
57609;228
57610;48
57611;133
57612;133
57613;170
57614;202
57615;48
57616;137
57617;260
57618;134
57619;120
57620;236
57621;236
57622;48
57623;170
57624;166
57625;189
57626;189
57627;160
57628;189
57629;48
57630;242
57631;247
57632;228
57633;157
57634;79
57635;170
57636;134
57637;149
57638;83
57639;284
57640;260
57641;62
57642;200
57643;7
57644;137
57645;261
57646;60
57647;260
57648;210
57649;112
57650;280
57651;245
57652;234
57653;102
57654;234
57655;134
57656;235
57657;166
57658;248
57659;166
57660;250
57661;129
57662;189
57663;60
57664;160
57665;156
57666;189
57667;20
57668;189
57669;14
57670;71
57671;189
57672;202
57673;248
57674;134
57675;235
57676;129
57677;272
57678;189
57679;146
57680;235
57681;112
57682;228
57683;170
57684;228
57685;189
57686;1
57687;160
57688;20
57689;294
57690;71
57691;71
57692;66
57693;280
57694;189
57695;83
57696;166
57697;40
57698;159
57699;228
57700;48
57701;261
57702;156
57703;83
57704;261
57705;87
57706;71
57707;245
57708;228
57709;202
57710;231
57711;228
57712;38
57713;79
57714;83
57715;294
57716;189
57717;189
57718;120
57719;183
57720;59
57721;140
57722;209
57723;235
57724;189
57725;83
57726;286
57727;189
57728;192
57729;212
57730;189
57731;228
57732;115
57733;86
57734;228
57735;96
57736;254
57737;156
57738;128
57739;170
57740;133
57741;235
57742;189
57743;87
57744;189
57745;248
57746;83
57747;235
57748;83
57749;189
57750;235
57751;210
57752;66
57753;170
57754;198
57755;86
57756;148
57757;189
57758;166
57759;124
57760;252
57761;156
57762;66
57763;87
57764;218
57765;191
57766;34
57767;260
57768;134
57769;71
57770;243
57771;105
57772;267
57773;260
57774;208
57775;277
57776;265
57777;288
57778;189
57779;156
57780;170
57781;38
57782;228
57783;169
57784;248
57785;83
57786;149
57787;189
57788;228
57789;217
57790;189
57791;243
57792;166
57793;210
57794;76
57795;189
57796;228
57797;71
57798;228
57799;260
57800;166
57801;157
57802;134
57803;60
57804;128
57805;166
57806;228
57807;71
57808;166
57809;235
57810;170
57811;83
57812;228
57813;149
57814;183
57815;177
57816;260
57817;112
57818;7
57819;260
57820;189
57821;166
57822;166
57823;235
57824;280
57825;48
57826;14
57827;189
57828;76
57829;71
57830;189
57831;170
57832;198
57833;115
57834;149
57835;149
57836;134
57837;34
57838;134
57839;210
57840;86
57841;146
57842;210
57843;235
57844;170
57845;189
57846;44
57847;272
57848;235
57849;218
57850;166
57851;20
57852;284
57853;189
57854;217
57855;59
57856;137
57857;38
57858;228
57859;202
57860;149
57861;160
57862;294
57863;102
57864;278
57865;170
57866;81
57867;86
57868;228
57869;105
57870;228
57871;170
57872;228
57873;218
57874;60
57875;128
57876;189
57877;156
57878;71
57879;192
57880;243
57881;294
57882;149
57883;156
57884;60
57885;278
57886;294
57887;228
57888;235
57889;217
57890;128
57891;201
57892;149
57893;24
57894;245
57895;189
57896;189
57897;102
57898;260
57899;114
57900;183
57901;248
57902;210
57903;166
57904;189
57905;126
57906;48
57907;192
57908;149
57909;202
57910;235
57911;183
57912;260
57913;170
57914;285
57915;278
57916;177
57917;242
57918;48
57919;59
57920;83
57921;265
57922;103
57923;115
57924;261
57925;245
57926;115
57927;40
57928;76
57929;105
57930;260
57931;71
57932;210
57933;252
57934;170
57935;189
57936;1
57937;210
57938;112
57939;149
57940;189
57941;217
57942;287
57943;166
57944;34
57945;280
57946;245
57947;1
57948;189
57949;243
57950;83
57951;189
57952;140
57953;294
57954;160
57955;71
57956;156
57957;66
57958;145
57959;287
57960;66
57961;189
57962;103
57963;226
57964;189
57965;159
57966;189
57967;71
57968;7
57969;235
57970;129
57971;294
57972;287
57973;60
57974;294
57975;166
57976;128
57977;128
57978;228
57979;245
57980;14
57981;189
57982;40
57983;44
57984;149
57985;58
57986;238
57987;146
57988;133
57989;210
57990;277
57991;248
57992;170
57993;221
57994;166
57995;235
57996;261
57997;1
57998;71
57999;280
58000;265
58001;166
58002;265
58003;202
58004;137
58005;44
58006;189
58007;20
58008;134
58009;134
58010;192
58011;224
58012;170
58013;149
58014;115
58015;266
58016;7
58017;189
58018;149
58019;238
58020;133
58021;245
58022;212
58023;149
58024;228
58025;60
58026;59
58027;10
58028;137
58029;294
58030;149
58031;48
58032;260
58033;280
58034;189
58035;224
58036;62
58037;18
58038;20
58039;284
58040;60
58041;228
58042;285
58043;115
58044;260
58045;210
58046;176
58047;221
58048;149
58049;294
58050;51
58051;260
58052;83
58053;71
58054;166
58055;34
58056;243
58057;202
58058;137
58059;210
58060;48
58061;189
58062;48
58063;59
58064;260
58065;183
58066;79
58067;177
58068;228
58069;149
58070;280
58071;252
58072;103
58073;170
58074;202
58075;14
58076;83
58077;242
58078;248
58079;235
58080;166
58081;243
58082;226
58083;293
58084;166
58085;210
58086;217
58087;261
58088;115
58089;112
58090;149
58091;189
58092;46
58093;170
58094;228
58095;245
58096;278
58097;86
58098;149
58099;37
58100;66
58101;261
58102;235
58103;44
58104;48
58105;87
58106;189
58107;228
58108;170
58109;189
58110;115
58111;16
58112;242
58113;170
58114;260
58115;102
58116;133
58117;189
58118;133
58119;20
58120;245
58121;228
58122;133
58123;260
58124;228
58125;166
58126;83
58127;245
58128;228
58129;228
58130;71
58131;237
58132;177
58133;189
58134;248
58135;146
58136;83
58137;260
58138;170
58139;83
58140;170
58141;220
58142;202
58143;237
58144;83
58145;134
58146;79
58147;170
58148;91
58149;210
58150;48
58151;166
58152;189
58153;183
58154;183
58155;182
58156;71
58157;235
58158;83
58159;34
58160;189
58161;170
58162;24
58163;20
58164;210
58165;83
58166;221
58167;202
58168;280
58169;87
58170;242
58171;115
58172;86
58173;38
58174;294
58175;18
58176;252
58177;149
58178;134
58179;166
58180;260
58181;294
58182;44
58183;256
58184;189
58185;86
58186;59
58187;189
58188;189
58189;170
58190;170
58191;252
58192;248
58193;221
58194;71
58195;146
58196;166
58197;149
58198;96
58199;83
58200;170
58201;91
58202;208
58203;137
58204;129
58205;20
58206;245
58207;146
58208;261
58209;133
58210;228
58211;170
58212;18
58213;137
58214;228
58215;20
58216;159
58217;134
58218;18
58219;166
58220;228
58221;44
58222;183
58223;170
58224;189
58225;202
58226;260
58227;260
58228;108
58229;1
58230;38
58231;228
58232;120
58233;87
58234;280
58235;183
58236;48
58237;170
58238;237
58239;252
58240;44
58241;91
58242;260
58243;189
58244;265
58245;160
58246;208
58247;248
58248;170
58249;189
58250;228
58251;46
58252;71
58253;245
58254;11
58255;124
58256;21
58257;228
58258;60
58259;170
58260;166
58261;254
58262;189
58263;166
58264;86
58265;254
58266;189
58267;112
58268;288
58269;137
58270;36
58271;59
58272;128
58273;164
58274;260
58275;149
58276;145
58277;242
58278;60
58279;243
58280;83
58281;285
58282;71
58283;189
58284;208
58285;245
58286;83
58287;120
58288;294
58289;44
58290;250
58291;208
58292;87
58293;261
58294;202
58295;79
58296;71
58297;170
58298;285
58299;260
58300;231
58301;260
58302;66
58303;285
58304;210
58305;220
58306;248
58307;236
58308;60
58309;192
58310;245
58311;284
58312;38
58313;260
58314;14
58315;189
58316;44
58317;202
58318;44
58319;128
58320;18
58321;126
58322;202
58323;242
58324;228
58325;134
58326;164
58327;284
58328;149
58329;156
58330;166
58331;260
58332;261
58333;235
58334;87
58335;277
58336;189
58337;71
58338;59
58339;263
58340;145
58341;189
58342;38
58343;254
58344;266
58345;166
58346;208
58347;166
58348;170
58349;228
58350;71
58351;208
58352;44
58353;260
58354;83
58355;166
58356;24
58357;83
58358;145
58359;189
58360;137
58361;72
58362;157
58363;87
58364;260
58365;260
58366;248
58367;140
58368;235
58369;83
58370;1
58371;198
58372;245
58373;166
58374;149
58375;266
58376;83
58377;108
58378;20
58379;242
58380;156
58381;18
58382;237
58383;149
58384;79
58385;189
58386;146
58387;170
58388;128
58389;71
58390;213
58391;86
58392;149
58393;91
58394;228
58395;71
58396;228
58397;242
58398;182
58399;242
58400;237
58401;102
58402;134
58403;58
58404;209
58405;260
58406;145
58407;166
58408;137
58409;133
58410;102
58411;248
58412;87
58413;213
58414;235
58415;209
58416;192
58417;170
58418;210
58419;228
58420;284
58421;96
58422;236
58423;189
58424;221
58425;189
58426;114
58427;272
58428;166
58429;20
58430;166
58431;71
58432;260
58433;83
58434;243
58435;210
58436;156
58437;208
58438;189
58439;134
58440;235
58441;31
58442;40
58443;183
58444;148
58445;213
58446;252
58447;228
58448;252
58449;166
58450;228
58451;166
58452;103
58453;237
58454;228
58455;140
58456;213
58457;260
58458;170
58459;189
58460;166
58461;40
58462;102
58463;58
58464;1
58465;170
58466;237
58467;260
58468;160
58469;40
58470;278
58471;126
58472;170
58473;202
58474;-1
58475;235
58476;170
58477;280
58478;48
58479;235
58480;166
58481;248
58482;24
58483;248
58484;134
58485;284
58486;149
58487;83
58488;149
58489;189
58490;34
58491;210
58492;189
58493;189
58494;252
58495;252
58496;170
58497;208
58498;53
58499;105
58500;200
58501;83
58502;245
58503;87
58504;192
58505;198
58506;228
58507;170
58508;149
58509;294
58510;235
58511;81
58512;242
58513;71
58514;126
58515;248
58516;208
58517;44
58518;170
58519;91
58520;62
58521;71
58522;294
58523;209
58524;156
58525;112
58526;189
58527;1
58528;66
58529;189
58530;280
58531;245
58532;48
58533;235
58534;145
58535;210
58536;220
58537;83
58538;134
58539;235
58540;224
58541;156
58542;157
58543;157
58544;202
58545;170
58546;235
58547;71
58548;44
58549;189
58550;228
58551;260
58552;48
58553;260
58554;272
58555;260
58556;280
58557;145
58558;260
58559;112
58560;237
58561;128
58562;209
58563;112
58564;170
58565;221
58566;294
58567;102
58568;24
58569;115
58570;247
58571;81
58572;14
58573;156
58574;79
58575;166
58576;83
58577;250
58578;200
58579;128
58580;71
58581;245
58582;189
58583;8
58584;265
58585;145
58586;280
58587;83
58588;213
58589;20
58590;234
58591;83
58592;103
58593;86
58594;156
58595;189
58596;166
58597;149
58598;242
58599;243
58600;234
58601;114
58602;200
58603;160
58604;242
58605;112
58606;149
58607;235
58608;192
58609;285
58610;189
58611;248
58612;156
58613;14
58614;71
58615;83
58616;228
58617;228
58618;156
58619;156
58620;40
58621;189
58622;134
58623;226
58624;71
58625;126
58626;170
58627;277
58628;210
58629;177
58630;134
58631;183
58632;248
58633;83
58634;166
58635;170
58636;272
58637;260
58638;238
58639;245
58640;260
58641;73
58642;139
58643;148
58644;24
58645;235
58646;83
58647;133
58648;228
58649;166
58650;71
58651;137
58652;228
58653;8
58654;261
58655;210
58656;24
58657;83
58658;228
58659;166
58660;83
58661;189
58662;103
58663;34
58664;86
58665;34
58666;166
58667;62
58668;189
58669;183
58670;189
58671;170
58672;170
58673;189
58674;112
58675;156
58676;189
58677;248
58678;140
58679;189
58680;149
58681;189
58682;120
58683;183
58684;62
58685;166
58686;228
58687;166
58688;189
58689;285
58690;189
58691;166
58692;115
58693;260
58694;248
58695;243
58696;149
58697;34
58698;8
58699;170
58700;87
58701;200
58702;134
58703;166
58704;87
58705;228
58706;177
58707;192
58708;254
58709;115
58710;248
58711;149
58712;34
58713;20
58714;189
58715;235
58716;176
58717;226
58718;86
58719;51
58720;120
58721;145
58722;87
58723;245
58724;245
58725;105
58726;166
58727;170
58728;166
58729;189
58730;189
58731;252
58732;71
58733;149
58734;208
58735;228
58736;156
58737;146
58738;156
58739;18
58740;20
58741;260
58742;189
58743;189
58744;245
58745;149
58746;294
58747;156
58748;149
58749;260
58750;48
58751;166
58752;235
58753;170
58754;166
58755;83
58756;20
58757;166
58758;238
58759;202
58760;189
58761;210
58762;83
58763;228
58764;189
58765;176
58766;76
58767;83
58768;170
58769;149
58770;156
58771;210
58772;280
58773;71
58774;126
58775;102
58776;146
58777;139
58778;210
58779;71
58780;294
58781;210
58782;134
58783;134
58784;91
58785;159
58786;189
58787;83
58788;260
58789;129
58790;252
58791;228
58792;218
58793;126
58794;267
58795;254
58796;20
58797;189
58798;133
58799;248
58800;210
58801;112
58802;248
58803;38
58804;102
58805;261
58806;149
58807;120
58808;81
58809;183
58810;221
58811;37
58812;228
58813;228
58814;105
58815;20
58816;112
58817;210
58818;160
58819;149
58820;284
58821;40
58822;71
58823;260
58824;272
58825;228
58826;210
58827;201
58828;115
58829;149
58830;189
58831;44
58832;210
58833;243
58834;86
58835;272
58836;294
58837;260
58838;189
58839;149
58840;166
58841;183
58842;34
58843;160
58844;166
58845;157
58846;134
58847;91
58848;228
58849;278
58850;260
58851;4
58852;102
58853;83
58854;83
58855;83
58856;71
58857;114
58858;210
58859;294
58860;149
58861;11
58862;294
58863;137
58864;105
58865;40
58866;102
58867;71
58868;149
58869;201
58870;284
58871;48
58872;231
58873;226
58874;128
58875;166
58876;166
58877;149
58878;285
58879;272
58880;140
58881;189
58882;260
58883;243
58884;133
58885;44
58886;22
58887;285
58888;37
58889;76
58890;235
58891;87
58892;177
58893;260
58894;189
58895;83
58896;156
58897;133
58898;115
58899;149
58900;133
58901;71
58902;202
58903;166
58904;20
58905;170
58906;263
58907;170
58908;16
58909;14
58910;44
58911;220
58912;221
58913;189
58914;235
58915;40
58916;137
58917;134
58918;83
58919;86
58920;210
58921;260
58922;221
58923;210
58924;166
58925;217
58926;166
58927;149
58928;166
58929;226
58930;170
58931;149
58932;133
58933;157
58934;71
58935;102
58936;60
58937;266
58938;20
58939;148
58940;189
58941;189
58942;20
58943;245
58944;126
58945;242
58946;145
58947;156
58948;114
58949;243
58950;278
58951;166
58952;156
58953;128
58954;235
58955;137
58956;20
58957;108
58958;277
58959;248
58960;260
58961;166
58962;235
58963;60
58964;166
58965;189
58966;156
58967;7
58968;213
58969;149
58970;134
58971;260
58972;294
58973;260
58974;202
58975;170
58976;134
58977;210
58978;182
58979;157
58980;149
58981;128
58982;140
58983;228
58984;284
58985;71
58986;176
58987;237
58988;148
58989;44
58990;189
58991;83
58992;105
58993;243
58994;220
58995;66
58996;166
58997;149
58998;284
58999;209
59000;183
59001;157
59002;189
59003;51
59004;83
59005;83
59006;208
59007;263
59008;128
59009;228
59010;280
59011;166
59012;243
59013;242
59014;83
59015;170
59016;210
59017;228
59018;170
59019;210
59020;166
59021;202
59022;261
59023;170
59024;62
59025;228
59026;55
59027;228
59028;284
59029;112
59030;228
59031;20
59032;48
59033;166
59034;192
59035;108
59036;166
59037;160
59038;18
59039;60
59040;228
59041;189
59042;189
59043;166
59044;71
59045;189
59046;160
59047;149
59048;235
59049;248
59050;71
59051;166
59052;156
59053;189
59054;260
59055;115
59056;261
59057;71
59058;83
59059;189
59060;20
59061;44
59062;176
59063;156
59064;254
59065;248
59066;234
59067;20
59068;200
59069;243
59070;170
59071;71
59072;202
59073;146
59074;208
59075;20
59076;228
59077;183
59078;166
59079;242
59080;71
59081;53
59082;160
59083;20
59084;235
59085;217
59086;213
59087;20
59088;166
59089;235
59090;217
59091;76
59092;220
59093;278
59094;235
59095;83
59096;149
59097;260
59098;278
59099;228
59100;145
59101;129
59102;170
59103;134
59104;260
59105;202
59106;105
59107;166
59108;176
59109;156
59110;134
59111;235
59112;284
59113;192
59114;159
59115;60
59116;120
59117;156
59118;166
59119;260
59120;248
59121;149
59122;287
59123;214
59124;189
59125;46
59126;214
59127;189
59128;235
59129;228
59130;260
59131;189
59132;221
59133;183
59134;71
59135;209
59136;134
59137;200
59138;166
59139;83
59140;38
59141;44
59142;166
59143;235
59144;243
59145;137
59146;280
59147;164
59148;189
59149;245
59150;20
59151;243
59152;44
59153;157
59154;170
59155;140
59156;58
59157;280
59158;243
59159;285
59160;220
59161;183
59162;149
59163;235
59164;192
59165;210
59166;16
59167;134
59168;208
59169;71
59170;248
59171;20
59172;170
59173;189
59174;166
59175;156
59176;108
59177;104
59178;170
59179;252
59180;71
59181;228
59182;160
59183;248
59184;189
59185;149
59186;102
59187;166
59188;278
59189;189
59190;210
59191;156
59192;177
59193;218
59194;157
59195;166
59196;189
59197;156
59198;280
59199;139
59200;235
59201;221
59202;260
59203;156
59204;166
59205;71
59206;201
59207;156
59208;164
59209;157
59210;166
59211;214
59212;228
59213;112
59214;242
59215;60
59216;102
59217;134
59218;228
59219;243
59220;34
59221;156
59222;183
59223;86
59224;261
59225;228
59226;86
59227;156
59228;210
59229;245
59230;231
59231;224
59232;79
59233;16
59234;252
59235;221
59236;228
59237;260
59238;285
59239;202
59240;220
59241;228
59242;170
59243;189
59244;38
59245;157
59246;208
59247;166
59248;166
59249;294
59250;202
59251;21
59252;91
59253;36
59254;228
59255;234
59256;96
59257;97
59258;149
59259;83
59260;189
59261;1
59262;156
59263;115
59264;245
59265;248
59266;235
59267;96
59268;149
59269;156
59270;38
59271;189
59272;261
59273;149
59274;166
59275;189
59276;48
59277;79
59278;243
59279;149
59280;71
59281;102
59282;166
59283;48
59284;252
59285;83
59286;134
59287;218
59288;166
59289;209
59290;71
59291;192
59292;248
59293;189
59294;157
59295;243
59296;87
59297;235
59298;140
59299;243
59300;280
59301;156
59302;156
59303;228
59304;243
59305;280
59306;112
59307;166
59308;177
59309;145
59310;189
59311;228
59312;87
59313;156
59314;7
59315;20
59316;228
59317;71
59318;20
59319;48
59320;20
59321;189
59322;108
59323;126
59324;83
59325;146
59326;248
59327;254
59328;191
59329;149
59330;189
59331;237
59332;83
59333;221
59334;285
59335;134
59336;48
59337;137
59338;133
59339;149
59340;170
59341;208
59342;243
59343;149
59344;260
59345;86
59346;189
59347;284
59348;91
59349;228
59350;189
59351;189
59352;176
59353;156
59354;210
59355;280
59356;156
59357;254
59358;156
59359;228
59360;189
59361;166
59362;189
59363;221
59364;272
59365;210
59366;166
59367;14
59368;260
59369;148
59370;44
59371;189
59372;235
59373;248
59374;228
59375;202
59376;156
59377;256
59378;189
59379;260
59380;134
59381;48
59382;145
59383;166
59384;189
59385;83
59386;213
59387;20
59388;108
59389;248
59390;210
59391;20
59392;235
59393;83
59394;71
59395;134
59396;48
59397;242
59398;236
59399;79
59400;228
59401;266
59402;235
59403;7
59404;208
59405;228
59406;284
59407;149
59408;208
59409;266
59410;149
59411;210
59412;134
59413;157
59414;242
59415;280
59416;248
59417;201
59418;140
59419;66
59420;242
59421;209
59422;201
59423;20
59424;189
59425;102
59426;189
59427;112
59428;267
59429;66
59430;102
59431;208
59432;20
59433;235
59434;261
59435;228
59436;170
59437;176
59438;202
59439;192
59440;14
59441;294
59442;91
59443;156
59444;228
59445;242
59446;149
59447;31
59448;278
59449;228
59450;294
59451;83
59452;221
59453;156
59454;115
59455;149
59456;20
59457;189
59458;236
59459;108
59460;149
59461;228
59462;235
59463;149
59464;201
59465;166
59466;231
59467;34
59468;66
59469;83
59470;198
59471;189
59472;248
59473;228
59474;166
59475;242
59476;91
59477;11
59478;228
59479;189
59480;237
59481;7
59482;34
59483;91
59484;7
59485;202
59486;235
59487;86
59488;210
59489;201
59490;280
59491;34
59492;210
59493;293
59494;260
59495;83
59496;285
59497;242
59498;126
59499;210
59500;146
59501;235
59502;20
59503;134
59504;59
59505;256
59506;166
59507;284
59508;228
59509;157
59510;37
59511;202
59512;228
59513;66
59514;115
59515;149
59516;170
59517;166
59518;156
59519;11
59520;34
59521;149
59522;170
59523;218
59524;83
59525;235
59526;182
59527;252
59528;260
59529;170
59530;252
59531;261
59532;208
59533;189
59534;112
59535;202
59536;189
59537;145
59538;189
59539;294
59540;235
59541;237
59542;189
59543;208
59544;128
59545;137
59546;170
59547;279
59548;200
59549;66
59550;189
59551;149
59552;261
59553;235
59554;208
59555;228
59556;189
59557;228
59558;166
59559;20
59560;103
59561;156
59562;228
59563;134
59564;22
59565;102
59566;278
59567;166
59568;189
59569;46
59570;156
59571;252
59572;34
59573;170
59574;248
59575;170
59576;260
59577;48
59578;83
59579;213
59580;137
59581;294
59582;170
59583;237
59584;103
59585;228
59586;71
59587;146
59588;7
59589;245
59590;108
59591;16
59592;166
59593;260
59594;243
59595;256
59596;226
59597;160
59598;48
59599;260
59600;149
59601;213
59602;228
59603;294
59604;278
59605;83
59606;231
59607;189
59608;133
59609;166
59610;189
59611;189
59612;166
59613;235
59614;202
59615;112
59616;146
59617;149
59618;166
59619;237
59620;40
59621;189
59622;134
59623;126
59624;294
59625;20
59626;166
59627;189
59628;149
59629;166
59630;71
59631;210
59632;210
59633;260
59634;137
59635;87
59636;128
59637;189
59638;170
59639;48
59640;71
59641;202
59642;228
59643;252
59644;149
59645;34
59646;254
59647;210
59648;182
59649;189
59650;189
59651;208
59652;51
59653;280
59654;252
59655;71
59656;261
59657;189
59658;189
59659;146
59660;252
59661;58
59662;166
59663;114
59664;166
59665;260
59666;214
59667;221
59668;166
59669;7
59670;235
59671;238
59672;134
59673;228
59674;133
59675;228
59676;157
59677;149
59678;200
59679;202
59680;156
59681;189
59682;134
59683;189
59684;252
59685;243
59686;214
59687;235
59688;134
59689;149
59690;245
59691;156
59692;189
59693;260
59694;60
59695;224
59696;228
59697;272
59698;114
59699;71
59700;48
59701;149
59702;14
59703;166
59704;96
59705;189
59706;285
59707;-1
59708;134
59709;214
59710;126
59711;228
59712;228
59713;60
59714;260
59715;278
59716;189
59717;137
59718;62
59719;102
59720;24
59721;71
59722;71
59723;134
59724;260
59725;58
59726;243
59727;228
59728;170
59729;260
59730;260
59731;134
59732;248
59733;210
59734;166
59735;170
59736;189
59737;114
59738;146
59739;228
59740;170
59741;140
59742;210
59743;189
59744;170
59745;149
59746;58
59747;48
59748;189
59749;236
59750;40
59751;31
59752;149
59753;137
59754;86
59755;166
59756;248
59757;44
59758;20
59759;134
59760;287
59761;221
59762;277
59763;149
59764;166
59765;170
59766;189
59767;210
59768;44
59769;217
59770;108
59771;228
59772;260
59773;228
59774;60
59775;44
59776;248
59777;86
59778;44
59779;210
59780;60
59781;149
59782;200
59783;60
59784;280
59785;294
59786;105
59787;294
59788;83
59789;115
59790;294
59791;228
59792;266
59793;103
59794;1
59795;231
59796;157
59797;252
59798;160
59799;284
59800;267
59801;87
59802;156
59803;260
59804;228
59805;280
59806;170
59807;261
59808;83
59809;221
59810;280
59811;149
59812;228
59813;40
59814;114
59815;137
59816;231
59817;170
59818;228
59819;114
59820;160
59821;170
59822;189
59823;20
59824;284
59825;20
59826;208
59827;189
59828;226
59829;149
59830;166
59831;170
59832;192
59833;248
59834;189
59835;126
59836;87
59837;108
59838;192
59839;260
59840;134
59841;149
59842;260
59843;261
59844;260
59845;228
59846;280
59847;21
59848;156
59849;189
59850;134
59851;235
59852;86
59853;34
59854;189
59855;83
59856;189
59857;170
59858;237
59859;252
59860;213
59861;217
59862;189
59863;210
59864;10
59865;235
59866;294
59867;263
59868;170
59869;103
59870;210
59871;260
59872;166
59873;156
59874;267
59875;189
59876;210
59877;133
59878;256
59879;235
59880;235
59881;166
59882;189
59883;149
59884;237
59885;60
59886;133
59887;145
59888;254
59889;102
59890;228
59891;189
59892;235
59893;76
59894;189
59895;83
59896;228
59897;286
59898;115
59899;60
59900;114
59901;210
59902;48
59903;137
59904;55
59905;170
59906;20
59907;166
59908;71
59909;166
59910;189
59911;166
59912;237
59913;134
59914;245
59915;176
59916;237
59917;245
59918;260
59919;170
59920;265
59921;134
59922;145
59923;254
59924;34
59925;149
59926;44
59927;228
59928;243
59929;-1
59930;260
59931;189
59932;97
59933;83
59934;254
59935;243
59936;149
59937;252
59938;260
59939;191
59940;166
59941;217
59942;38
59943;189
59944;21
59945;280
59946;294
59947;235
59948;228
59949;260
59950;265
59951;228
59952;210
59953;183
59954;170
59955;-1
59956;103
59957;60
59958;228
59959;124
59960;228
59961;210
59962;166
59963;189
59964;83
59965;62
59966;103
59967;228
59968;213
59969;48
59970;108
59971;254
59972;285
59973;20
59974;71
59975;286
59976;242
59977;20
59978;134
59979;71
59980;176
59981;208
59982;189
59983;149
59984;212
59985;102
59986;245
59987;40
59988;20
59989;46
59990;170
59991;228
59992;102
59993;242
59994;37
59995;260
59996;234
59997;260
59998;284
59999;166
60000;108
60001;149
60002;285
60003;156
60004;252
60005;280
60006;156
60007;245
60008;133
60009;108
60010;189
60011;55
60012;235
60013;44
60014;254
60015;149
60016;200
60017;177
60018;170
60019;170
60020;91
60021;10
60022;200
60023;137
60024;103
60025;260
60026;71
60027;242
60028;277
60029;202
60030;260
60031;208
60032;202
60033;166
60034;235
60035;189
60036;149
60037;228
60038;166
60039;149
60040;210
60041;189
60042;20
60043;60
60044;86
60045;242
60046;228
60047;46
60048;166
60049;66
60050;83
60051;272
60052;112
60053;156
60054;294
60055;228
60056;235
60057;212
60058;112
60059;228
60060;133
60061;260
60062;134
60063;86
60064;260
60065;248
60066;189
60067;134
60068;235
60069;235
60070;149
60071;261
60072;115
60073;156
60074;214
60075;137
60076;71
60077;83
60078;149
60079;294
60080;254
60081;20
60082;200
60083;237
60084;86
60085;170
60086;248
60087;166
60088;60
60089;20
60090;235
60091;210
60092;256
60093;278
60094;170
60095;245
60096;252
60097;24
60098;20
60099;114
60100;149
60101;202
60102;20
60103;294
60104;170
60105;260
60106;157
60107;156
60108;112
60109;38
60110;200
60111;192
60112;189
60113;245
60114;210
60115;166
60116;160
60117;145
60118;235
60119;170
60120;189
60121;189
60122;156
60123;243
60124;254
60125;104
60126;71
60127;71
60128;202
60129;228
60130;156
60131;210
60132;149
60133;189
60134;112
60135;44
60136;260
60137;228
60138;284
60139;245
60140;115
60141;149
60142;18
60143;217
60144;18
60145;202
60146;248
60147;83
60148;248
60149;170
60150;83
60151;159
60152;166
60153;248
60154;236
60155;228
60156;235
60157;228
60158;254
60159;260
60160;160
60161;156
60162;102
60163;83
60164;202
60165;112
60166;200
60167;170
60168;228
60169;102
60170;235
60171;149
60172;48
60173;133
60174;191
60175;210
60176;20
60177;20
60178;235
60179;170
60180;250
60181;245
60182;245
60183;213
60184;156
60185;210
60186;149
60187;20
60188;210
60189;83
60190;243
60191;235
60192;156
60193;228
60194;166
60195;148
60196;170
60197;248
60198;208
60199;189
60200;71
60201;46
60202;189
60203;189
60204;208
60205;48
60206;294
60207;1
60208;212
60209;260
60210;183
60211;242
60212;228
60213;189
60214;234
60215;166
60216;129
60217;83
60218;137
60219;285
60220;83
60221;228
60222;235
60223;236
60224;228
60225;166
60226;14
60227;235
60228;166
60229;83
60230;245
60231;192
60232;149
60233;160
60234;210
60235;245
60236;250
60237;20
60238;189
60239;76
60240;267
60241;87
60242;66
60243;243
60244;254
60245;71
60246;87
60247;260
60248;58
60249;145
60250;245
60251;248
60252;217
60253;87
60254;285
60255;156
60256;277
60257;103
60258;71
60259;134
60260;145
60261;210
60262;235
60263;137
60264;20
60265;71
60266;156
60267;112
60268;146
60269;71
60270;294
60271;103
60272;202
60273;231
60274;48
60275;248
60276;114
60277;112
60278;46
60279;170
60280;294
60281;242
60282;112
60283;250
60284;228
60285;166
60286;228
60287;260
60288;128
60289;149
60290;71
60291;260
60292;228
60293;86
60294;87
60295;189
60296;210
60297;66
60298;176
60299;198
60300;40
60301;137
60302;260
60303;16
60304;235
60305;260
60306;217
60307;156
60308;87
60309;226
60310;156
60311;228
60312;60
60313;200
60314;189
60315;134
60316;243
60317;183
60318;189
60319;280
60320;248
60321;252
60322;170
60323;83
60324;156
60325;217
60326;137
60327;189
60328;83
60329;71
60330;145
60331;134
60332;228
60333;71
60334;189
60335;278
60336;76
60337;189
60338;218
60339;59
60340;235
60341;228
60342;71
60343;228
60344;149
60345;242
60346;235
60347;228
60348;242
60349;44
60350;149
60351;87
60352;134
60353;166
60354;87
60355;7
60356;166
60357;189
60358;166
60359;20
60360;189
60361;266
60362;120
60363;210
60364;81
60365;235
60366;248
60367;189
60368;133
60369;183
60370;189
60371;115
60372;166
60373;38
60374;285
60375;248
60376;8
60377;260
60378;228
60379;228
60380;242
60381;294
60382;76
60383;170
60384;235
60385;145
60386;245
60387;44
60388;210
60389;284
60390;247
60391;71
60392;134
60393;170
60394;40
60395;260
60396;112
60397;160
60398;294
60399;202
60400;156
60401;134
60402;86
60403;105
60404;170
60405;183
60406;134
60407;71
60408;18
60409;217
60410;260
60411;177
60412;1
60413;210
60414;40
60415;91
60416;166
60417;294
60418;91
60419;18
60420;166
60421;189
60422;116
60423;140
60424;133
60425;198
60426;145
60427;97
60428;210
60429;260
60430;210
60431;166
60432;126
60433;149
60434;83
60435;149
60436;58
60437;7
60438;235
60439;137
60440;112
60441;285
60442;182
60443;146
60444;157
60445;128
60446;183
60447;156
60448;59
60449;166
60450;189
60451;170
60452;260
60453;149
60454;278
60455;210
60456;34
60457;72
60458;218
60459;170
60460;202
60461;105
60462;245
60463;189
60464;71
60465;213
60466;71
60467;149
60468;252
60469;1
60470;170
60471;120
60472;112
60473;83
60474;112
60475;44
60476;-1
60477;149
60478;278
60479;156
60480;189
60481;245
60482;237
60483;140
60484;137
60485;71
60486;235
60487;170
60488;149
60489;280
60490;166
60491;252
60492;134
60493;189
60494;22
60495;294
60496;91
60497;156
60498;210
60499;189
60500;243
60501;139
60502;134
60503;102
60504;228
60505;145
60506;170
60507;213
60508;294
60509;170
60510;40
60511;18
60512;105
60513;149
60514;44
60515;71
60516;166
60517;254
60518;44
60519;280
60520;189
60521;189
60522;166
60523;156
60524;137
60525;220
60526;83
60527;265
60528;243
60529;149
60530;146
60531;10
60532;260
60533;294
60534;228
60535;71
60536;137
60537;214
60538;133
60539;210
60540;280
60541;20
60542;189
60543;217
60544;170
60545;202
60546;112
60547;166
60548;83
60549;189
60550;71
60551;46
60552;235
60553;285
60554;134
60555;40
60556;252
60557;86
60558;137
60559;10
60560;294
60561;166
60562;218
60563;235
60564;166
60565;126
60566;189
60567;228
60568;189
60569;128
60570;189
60571;20
60572;48
60573;103
60574;40
60575;34
60576;202
60577;91
60578;189
60579;-1
60580;166
60581;252
60582;140
60583;189
60584;170
60585;48
60586;260
60587;189
60588;224
60589;79
60590;115
60591;170
60592;252
60593;60
60594;102
60595;14
60596;137
60597;120
60598;214
60599;208
60600;48
60601;170
60602;189
60603;235
60604;44
60605;189
60606;166
60607;159
60608;108
60609;108
60610;192
60611;170
60612;133
60613;156
60614;149
60615;157
60616;149
60617;228
60618;177
60619;156
60620;134
60621;294
60622;235
60623;245
60624;34
60625;71
60626;18
60627;170
60628;102
60629;20
60630;48
60631;112
60632;278
60633;149
60634;235
60635;242
60636;10
60637;120
60638;48
60639;112
60640;228
60641;149
60642;156
60643;189
60644;260
60645;260
60646;245
60647;115
60648;261
60649;149
60650;166
60651;134
60652;191
60653;243
60654;137
60655;293
60656;277
60657;260
60658;170
60659;261
60660;261
60661;36
60662;24
60663;166
60664;189
60665;170
60666;256
60667;166
60668;140
60669;83
60670;183
60671;149
60672;148
60673;115
60674;34
60675;87
60676;170
60677;31
60678;149
60679;214
60680;86
60681;228
60682;18
60683;189
60684;134
60685;228
60686;277
60687;189
60688;189
60689;20
60690;189
60691;166
60692;210
60693;280
60694;189
60695;60
60696;192
60697;44
60698;108
60699;166
60700;16
60701;156
60702;248
60703;140
60704;71
60705;44
60706;149
60707;252
60708;71
60709;245
60710;18
60711;294
60712;237
60713;261
60714;228
60715;166
60716;189
60717;59
60718;284
60719;201
60720;248
60721;228
60722;146
60723;284
60724;60
60725;210
60726;1
60727;7
60728;189
60729;267
60730;71
60731;280
60732;66
60733;71
60734;224
60735;24
60736;294
60737;102
60738;149
60739;115
60740;238
60741;83
60742;294
60743;134
60744;277
60745;134
60746;280
60747;189
60748;228
60749;217
60750;242
60751;170
60752;189
60753;91
60754;235
60755;145
60756;102
60757;170
60758;34
60759;256
60760;260
60761;245
60762;183
60763;134
60764;235
60765;149
60766;108
60767;149
60768;189
60769;228
60770;83
60771;189
60772;128
60773;202
60774;260
60775;202
60776;58
60777;286
60778;34
60779;228
60780;112
60781;248
60782;51
60783;170
60784;200
60785;250
60786;133
60787;254
60788;87
60789;252
60790;208
60791;277
60792;166
60793;66
60794;210
60795;228
60796;140
60797;133
60798;189
60799;214
60800;149
60801;112
60802;170
60803;189
60804;149
60805;83
60806;44
60807;260
60808;156
60809;71
60810;228
60811;192
60812;284
60813;149
60814;133
60815;156
60816;20
60817;235
60818;83
60819;102
60820;189
60821;208
60822;108
60823;261
60824;134
60825;66
60826;245
60827;149
60828;60
60829;235
60830;260
60831;217
60832;252
60833;210
60834;14
60835;137
60836;189
60837;48
60838;189
60839;248
60840;137
60841;287
60842;189
60843;46
60844;278
60845;260
60846;265
60847;149
60848;170
60849;83
60850;189
60851;218
60852;277
60853;189
60854;149
60855;71
60856;272
60857;245
60858;166
60859;260
60860;87
60861;235
60862;71
60863;20
60864;245
60865;245
60866;166
60867;103
60868;60
60869;112
60870;228
60871;243
60872;83
60873;22
60874;100
60875;177
60876;87
60877;277
60878;261
60879;71
60880;252
60881;149
60882;103
60883;243
60884;248
60885;260
60886;71
60887;137
60888;228
60889;183
60890;126
60891;260
60892;71
60893;115
60894;265
60895;145
60896;170
60897;87
60898;114
60899;248
60900;260
60901;265
60902;189
60903;83
60904;170
60905;10
60906;208
60907;20
60908;189
60909;242
60910;48
60911;242
60912;254
60913;286
60914;189
60915;83
60916;71
60917;166
60918;71
60919;214
60920;20
60921;40
60922;166
60923;293
60924;201
60925;170
60926;189
60927;189
60928;134
60929;66
60930;160
60931;243
60932;243
60933;14
60934;149
60935;248
60936;284
60937;189
60938;235
60939;83
60940;170
60941;235
60942;91
60943;210
60944;102
60945;202
60946;254
60947;260
60948;177
60949;189
60950;224
60951;200
60952;40
60953;145
60954;177
60955;285
60956;156
60957;235
60958;189
60959;170
60960;292
60961;288
60962;71
60963;277
60964;146
60965;248
60966;71
60967;140
60968;156
60969;76
60970;210
60971;83
60972;14
60973;280
60974;71
60975;34
60976;210
60977;58
60978;1
60979;83
60980;103
60981;208
60982;156
60983;-1
60984;170
60985;46
60986;166
60987;176
60988;83
60989;248
60990;156
60991;37
60992;40
60993;83
60994;149
60995;177
60996;237
60997;189
60998;189
60999;189
61000;189
61001;14
61002;210
61003;66
61004;189
61005;20
61006;260
61007;265
61008;170
61009;280
61010;20
61011;134
61012;146
61013;166
61014;62
61015;166
61016;200
61017;156
61018;71
61019;189
61020;145
61021;137
61022;260
61023;170
61024;126
61025;133
61026;189
61027;177
61028;245
61029;-1
61030;166
61031;48
61032;87
61033;48
61034;66
61035;115
61036;234
61037;189
61038;202
61039;76
61040;166
61041;252
61042;14
61043;200
61044;71
61045;189
61046;189
61047;189
61048;48
61049;201
61050;134
61051;189
61052;208
61053;189
61054;237
61055;59
61056;228
61057;159
61058;87
61059;265
61060;73
61061;87
61062;245
61063;285
61064;81
61065;160
61066;189
61067;149
61068;115
61069;40
61070;170
61071;66
61072;133
61073;285
61074;235
61075;146
61076;83
61077;83
61078;210
61079;166
61080;235
61081;20
61082;166
61083;228
61084;189
61085;192
61086;170
61087;242
61088;126
61089;71
61090;14
61091;189
61092;166
61093;139
61094;228
61095;260
61096;133
61097;189
61098;157
61099;242
61100;228
61101;245
61102;156
61103;189
61104;201
61105;60
61106;189
61107;202
61108;256
61109;83
61110;182
61111;170
61112;44
61113;228
61114;228
61115;86
61116;260
61117;166
61118;149
61119;103
61120;208
61121;71
61122;235
61123;156
61124;228
61125;48
61126;166
61127;160
61128;285
61129;160
61130;11
61131;210
61132;250
61133;128
61134;228
61135;266
61136;170
61137;145
61138;170
61139;260
61140;8
61141;221
61142;71
61143;228
61144;248
61145;235
61146;34
61147;126
61148;137
61149;156
61150;189
61151;149
61152;213
61153;166
61154;83
61155;228
61156;189
61157;242
61158;201
61159;237
61160;87
61161;86
61162;146
61163;71
61164;202
61165;140
61166;166
61167;166
61168;278
61169;189
61170;14
61171;166
61172;231
61173;228
61174;71
61175;221
61176;170
61177;189
61178;284
61179;294
61180;166
61181;248
61182;243
61183;38
61184;250
61185;189
61186;260
61187;200
61188;20
61189;166
61190;51
61191;87
61192;235
61193;156
61194;228
61195;71
61196;108
61197;8
61198;235
61199;115
61200;252
61201;169
61202;189
61203;202
61204;250
61205;149
61206;133
61207;83
61208;260
61209;149
61210;71
61211;7
61212;189
61213;48
61214;248
61215;266
61216;46
61217;48
61218;189
61219;81
61220;134
61221;183
61222;170
61223;189
61224;243
61225;149
61226;145
61227;34
61228;221
61229;137
61230;140
61231;60
61232;170
61233;189
61234;108
61235;278
61236;189
61237;221
61238;189
61239;243
61240;10
61241;266
61242;71
61243;170
61244;189
61245;149
61246;60
61247;210
61248;48
61249;87
61250;160
61251;254
61252;115
61253;149
61254;210
61255;260
61256;134
61257;18
61258;189
61259;86
61260;237
61261;176
61262;71
61263;60
61264;46
61265;51
61266;102
61267;166
61268;133
61269;108
61270;228
61271;97
61272;285
61273;126
61274;166
61275;183
61276;245
61277;286
61278;166
61279;87
61280;83
61281;260
61282;87
61283;247
61284;228
61285;87
61286;228
61287;245
61288;221
61289;98
61290;260
61291;189
61292;189
61293;156
61294;112
61295;208
61296;260
61297;79
61298;149
61299;200
61300;31
61301;245
61302;294
61303;149
61304;210
61305;228
61306;145
61307;18
61308;166
61309;91
61310;266
61311;189
61312;133
61313;149
61314;221
61315;156
61316;235
61317;44
61318;102
61319;170
61320;137
61321;210
61322;60
61323;71
61324;11
61325;189
61326;166
61327;228
61328;7
61329;260
61330;189
61331;260
61332;226
61333;260
61334;221
61335;126
61336;166
61337;157
61338;213
61339;71
61340;210
61341;71
61342;210
61343;189
61344;112
61345;116
61346;149
61347;228
61348;133
61349;38
61350;221
61351;87
61352;252
61353;44
61354;228
61355;112
61356;38
61357;133
61358;149
61359;261
61360;260
61361;245
61362;126
61363;149
61364;134
61365;105
61366;245
61367;284
61368;134
61369;210
61370;71
61371;228
61372;149
61373;20
61374;149
61375;112
61376;170
61377;170
61378;189
61379;260
61380;235
61381;235
61382;-1
61383;260
61384;149
61385;156
61386;189
61387;170
61388;245
61389;280
61390;280
61391;235
61392;20
61393;235
61394;55
61395;182
61396;7
61397;226
61398;189
61399;248
61400;272
61401;60
61402;60
61403;149
61404;252
61405;156
61406;192
61407;160
61408;210
61409;176
61410;48
61411;218
61412;235
61413;91
61414;189
61415;140
61416;189
61417;189
61418;133
61419;228
61420;260
61421;278
61422;192
61423;210
61424;112
61425;182
61426;120
61427;189
61428;189
61429;139
61430;71
61431;102
61432;212
61433;170
61434;260
61435;148
61436;294
61437;189
61438;189
61439;285
61440;40
61441;245
61442;191
61443;183
61444;134
61445;294
61446;278
61447;245
61448;189
61449;48
61450;226
61451;166
61452;149
61453;243
61454;220
61455;189
61456;213
61457;294
61458;261
61459;189
61460;280
61461;115
61462;294
61463;20
61464;210
61465;260
61466;71
61467;7
61468;76
61469;248
61470;235
61471;213
61472;183
61473;245
61474;177
61475;166
61476;182
61477;285
61478;159
61479;76
61480;234
61481;294
61482;252
61483;243
61484;83
61485;191
61486;48
61487;166
61488;44
61489;228
61490;228
61491;87
61492;170
61493;112
61494;160
61495;231
61496;208
61497;156
61498;149
61499;260
61500;245
61501;37
61502;228
61503;208
61504;228
61505;91
61506;176
61507;189
61508;235
61509;235
61510;149
61511;260
61512;189
61513;140
61514;235
61515;245
61516;157
61517;252
61518;177
61519;133
61520;189
61521;156
61522;293
61523;149
61524;166
61525;170
61526;228
61527;208
61528;51
61529;170
61530;38
61531;51
61532;260
61533;166
61534;280
61535;192
61536;245
61537;87
61538;221
61539;224
61540;160
61541;149
61542;245
61543;48
61544;235
61545;156
61546;156
61547;221
61548;18
61549;294
61550;97
61551;210
61552;248
61553;134
61554;146
61555;86
61556;235
61557;242
61558;245
61559;40
61560;137
61561;71
61562;112
61563;213
61564;260
61565;228
61566;148
61567;71
61568;228
61569;170
61570;149
61571;245
61572;156
61573;228
61574;294
61575;189
61576;51
61577;76
61578;166
61579;183
61580;170
61581;146
61582;228
61583;277
61584;189
61585;260
61586;252
61587;170
61588;280
61589;200
61590;44
61591;112
61592;71
61593;252
61594;217
61595;235
61596;146
61597;221
61598;189
61599;34
61600;86
61601;228
61602;238
61603;210
61604;228
61605;202
61606;228
61607;189
61608;294
61609;87
61610;112
61611;166
61612;280
61613;83
61614;202
61615;145
61616;220
61617;221
61618;249
61619;245
61620;189
61621;166
61622;166
61623;189
61624;201
61625;38
61626;280
61627;252
61628;156
61629;159
61630;166
61631;120
61632;149
61633;243
61634;157
61635;166
61636;166
61637;284
61638;166
61639;260
61640;189
61641;252
61642;235
61643;166
61644;242
61645;210
61646;245
61647;40
61648;284
61649;228
61650;228
61651;183
61652;189
61653;220
61654;66
61655;134
61656;245
61657;210
61658;245
61659;235
61660;164
61661;170
61662;199
61663;238
61664;60
61665;243
61666;145
61667;228
61668;235
61669;170
61670;208
61671;202
61672;280
61673;189
61674;182
61675;189
61676;44
61677;189
61678;51
61679;294
61680;285
61681;83
61682;156
61683;285
61684;145
61685;1
61686;170
61687;260
61688;189
61689;235
61690;221
61691;79
61692;134
61693;159
61694;60
61695;228
61696;202
61697;149
61698;38
61699;34
61700;200
61701;166
61702;156
61703;166
61704;228
61705;83
61706;210
61707;105
61708;156
61709;228
61710;189
61711;102
61712;234
61713;170
61714;44
61715;189
61716;200
61717;250
61718;245
61719;200
61720;170
61721;112
61722;60
61723;228
61724;66
61725;228
61726;221
61727;20
61728;214
61729;235
61730;149
61731;71
61732;189
61733;166
61734;235
61735;166
61736;214
61737;14
61738;235
61739;18
61740;149
61741;149
61742;228
61743;213
61744;202
61745;189
61746;202
61747;133
61748;183
61749;261
61750;157
61751;170
61752;221
61753;284
61754;48
61755;16
61756;128
61757;157
61758;157
61759;170
61760;105
61761;170
61762;166
61763;149
61764;277
61765;294
61766;146
61767;237
61768;157
61769;145
61770;71
61771;66
61772;248
61773;83
61774;189
61775;149
61776;166
61777;112
61778;221
61779;288
61780;170
61781;146
61782;202
61783;202
61784;71
61785;242
61786;83
61787;218
61788;137
61789;286
61790;189
61791;189
61792;14
61793;149
61794;86
61795;228
61796;60
61797;267
61798;228
61799;245
61800;248
61801;166
61802;156
61803;210
61804;213
61805;228
61806;149
61807;237
61808;294
61809;280
61810;243
61811;252
61812;166
61813;156
61814;177
61815;20
61816;192
61817;228
61818;166
61819;128
61820;22
61821;112
61822;177
61823;245
61824;189
61825;71
61826;71
61827;237
61828;128
61829;44
61830;192
61831;156
61832;20
61833;44
61834;228
61835;261
61836;128
61837;170
61838;210
61839;189
61840;134
61841;137
61842;248
61843;149
61844;238
61845;149
61846;177
61847;226
61848;71
61849;160
61850;228
61851;149
61852;189
61853;126
61854;170
61855;294
61856;260
61857;83
61858;137
61859;60
61860;71
61861;60
61862;228
61863;189
61864;134
61865;192
61866;217
61867;235
61868;149
61869;189
61870;112
61871;156
61872;83
61873;20
61874;115
61875;53
61876;71
61877;260
61878;48
61879;166
61880;234
61881;105
61882;83
61883;166
61884;44
61885;71
61886;44
61887;11
61888;14
61889;156
61890;202
61891;260
61892;134
61893;279
61894;245
61895;189
61896;243
61897;243
61898;228
61899;189
61900;40
61901;228
61902;294
61903;189
61904;284
61905;210
61906;182
61907;248
61908;60
61909;284
61910;170
61911;7
61912;189
61913;20
61914;260
61915;189
61916;170
61917;18
61918;149
61919;83
61920;145
61921;248
61922;243
61923;20
61924;71
61925;166
61926;-1
61927;189
61928;146
61929;220
61930;202
61931;71
61932;58
61933;46
61934;146
61935;114
61936;183
61937;137
61938;66
61939;76
61940;286
61941;134
61942;280
61943;103
61944;128
61945;66
61946;83
61947;210
61948;156
61949;217
61950;81
61951;133
61952;170
61953;170
61954;62
61955;44
61956;83
61957;83
61958;221
61959;14
61960;266
61961;102
61962;189
61963;126
61964;228
61965;166
61966;245
61967;202
61968;166
61969;58
61970;170
61971;170
61972;156
61973;137
61974;192
61975;231
61976;140
61977;189
61978;228
61979;272
61980;177
61981;243
61982;272
61983;260
61984;83
61985;79
61986;189
61987;59
61988;235
61989;245
61990;14
61991;220
61992;20
61993;248
61994;134
61995;176
61996;235
61997;294
61998;189
61999;260
62000;212
62001;156
62002;48
62003;48
62004;166
62005;177
62006;189
62007;189
62008;48
62009;166
62010;166
62011;18
62012;71
62013;137
62014;170
62015;284
62016;189
62017;156
62018;137
62019;149
62020;236
62021;62
62022;166
62023;112
62024;87
62025;210
62026;252
62027;201
62028;237
62029;166
62030;285
62031;66
62032;83
62033;170
62034;248
62035;112
62036;140
62037;128
62038;242
62039;228
62040;237
62041;20
62042;189
62043;294
62044;234
62045;128
62046;235
62047;102
62048;134
62049;221
62050;120
62051;59
62052;248
62053;60
62054;134
62055;228
62056;260
62057;83
62058;157
62059;213
62060;189
62061;189
62062;285
62063;228
62064;156
62065;156
62066;83
62067;170
62068;189
62069;189
62070;149
62071;149
62072;294
62073;91
62074;166
62075;170
62076;170
62077;189
62078;46
62079;137
62080;140
62081;20
62082;189
62083;83
62084;210
62085;245
62086;166
62087;149
62088;189
62089;166
62090;126
62091;91
62092;218
62093;228
62094;237
62095;145
62096;134
62097;189
62098;202
62099;210
62100;201
62101;18
62102;71
62103;16
62104;166
62105;170
62106;115
62107;170
62108;146
62109;115
62110;170
62111;248
62112;198
62113;260
62114;228
62115;202
62116;170
62117;228
62118;210
62119;46
62120;254
62121;272
62122;294
62123;189
62124;58
62125;235
62126;83
62127;169
62128;260
62129;235
62130;60
62131;102
62132;189
62133;51
62134;62
62135;183
62136;226
62137;170
62138;228
62139;166
62140;284
62141;156
62142;191
62143;189
62144;166
62145;170
62146;134
62147;48
62148;228
62149;166
62150;145
62151;236
62152;260
62153;228
62154;280
62155;192
62156;245
62157;149
62158;202
62159;71
62160;252
62161;115
62162;166
62163;260
62164;146
62165;220
62166;189
62167;260
62168;280
62169;166
62170;260
62171;60
62172;137
62173;260
62174;87
62175;166
62176;183
62177;51
62178;228
62179;228
62180;213
62181;200
62182;166
62183;46
62184;238
62185;189
62186;260
62187;263
62188;294
62189;140
62190;149
62191;1
62192;134
62193;7
62194;71
62195;60
62196;146
62197;126
62198;183
62199;189
62200;272
62201;46
62202;166
62203;134
62204;214
62205;210
62206;224
62207;284
62208;34
62209;149
62210;285
62211;170
62212;245
62213;243
62214;170
62215;48
62216;20
62217;192
62218;288
62219;202
62220;66
62221;210
62222;260
62223;177
62224;189
62225;189
62226;170
62227;242
62228;21
62229;133
62230;235
62231;157
62232;254
62233;71
62234;260
62235;228
62236;260
62237;128
62238;238
62239;189
62240;210
62241;249
62242;8
62243;192
62244;51
62245;245
62246;189
62247;115
62248;245
62249;83
62250;71
62251;137
62252;44
62253;160
62254;112
62255;202
62256;126
62257;260
62258;260
62259;214
62260;102
62261;235
62262;166
62263;166
62264;112
62265;114
62266;220
62267;114
62268;108
62269;44
62270;237
62271;189
62272;140
62273;189
62274;133
62275;235
62276;40
62277;134
62278;200
62279;293
62280;260
62281;46
62282;260
62283;145
62284;145
62285;189
62286;226
62287;245
62288;170
62289;221
62290;189
62291;96
62292;83
62293;66
62294;133
62295;112
62296;166
62297;248
62298;149
62299;221
62300;105
62301;83
62302;245
62303;294
62304;228
62305;280
62306;210
62307;228
62308;16
62309;266
62310;71
62311;242
62312;231
62313;134
62314;1
62315;83
62316;260
62317;51
62318;128
62319;210
62320;210
62321;265
62322;200
62323;235
62324;112
62325;157
62326;226
62327;260
62328;260
62329;261
62330;242
62331;235
62332;235
62333;71
62334;250
62335;234
62336;170
62337;71
62338;198
62339;149
62340;252
62341;260
62342;191
62343;149
62344;245
62345;284
62346;189
62347;221
62348;128
62349;134
62350;134
62351;210
62352;159
62353;260
62354;108
62355;252
62356;34
62357;86
62358;245
62359;112
62360;228
62361;60
62362;260
62363;248
62364;280
62365;189
62366;243
62367;134
62368;252
62369;228
62370;248
62371;235
62372;189
62373;266
62374;103
62375;183
62376;280
62377;218
62378;134
62379;24
62380;252
62381;149
62382;176
62383;166
62384;46
62385;189
62386;112
62387;166
62388;134
62389;260
62390;166
62391;44
62392;224
62393;210
62394;242
62395;146
62396;294
62397;272
62398;66
62399;192
62400;176
62401;166
62402;189
62403;166
62404;189
62405;192
62406;120
62407;226
62408;237
62409;210
62410;260
62411;48
62412;243
62413;60
62414;170
62415;260
62416;192
62417;280
62418;189
62419;210
62420;71
62421;177
62422;134
62423;166
62424;76
62425;156
62426;149
62427;133
62428;284
62429;60
62430;170
62431;214
62432;128
62433;213
62434;243
62435;228
62436;38
62437;44
62438;71
62439;237
62440;14
62441;202
62442;214
62443;243
62444;134
62445;252
62446;66
62447;189
62448;166
62449;260
62450;252
62451;235
62452;128
62453;44
62454;166
62455;166
62456;189
62457;202
62458;208
62459;192
62460;280
62461;189
62462;280
62463;37
62464;228
62465;145
62466;156
62467;235
62468;126
62469;242
62470;156
62471;235
62472;34
62473;237
62474;224
62475;245
62476;166
62477;66
62478;208
62479;83
62480;34
62481;260
62482;202
62483;189
62484;286
62485;48
62486;192
62487;260
62488;213
62489;228
62490;170
62491;149
62492;18
62493;-1
62494;149
62495;44
62496;170
62497;170
62498;217
62499;38
62500;191
62501;87
62502;228
62503;294
62504;278
62505;294
62506;228
62507;242
62508;254
62509;18
62510;294
62511;97
62512;149
62513;40
62514;248
62515;134
62516;201
62517;145
62518;254
62519;149
62520;40
62521;156
62522;260
62523;115
62524;60
62525;170
62526;280
62527;102
62528;192
62529;-1
62530;260
62531;280
62532;170
62533;134
62534;260
62535;128
62536;146
62537;112
62538;260
62539;112
62540;166
62541;86
62542;134
62543;245
62544;126
62545;86
62546;189
62547;228
62548;20
62549;189
62550;170
62551;200
62552;228
62553;44
62554;231
62555;235
62556;103
62557;156
62558;34
62559;208
62560;189
62561;236
62562;183
62563;210
62564;212
62565;210
62566;189
62567;170
62568;213
62569;260
62570;157
62571;245
62572;228
62573;189
62574;159
62575;294
62576;189
62577;225
62578;210
62579;284
62580;59
62581;202
62582;210
62583;129
62584;242
62585;149
62586;59
62587;192
62588;170
62589;71
62590;83
62591;245
62592;44
62593;145
62594;20
62595;228
62596;228
62597;235
62598;228
62599;267
62600;170
62601;189
62602;148
62603;20
62604;166
62605;202
62606;10
62607;105
62608;252
62609;83
62610;189
62611;133
62612;202
62613;170
62614;71
62615;24
62616;288
62617;245
62618;183
62619;14
62620;20
62621;249
62622;120
62623;51
62624;170
62625;149
62626;134
62627;294
62628;170
62629;260
62630;20
62631;170
62632;149
62633;235
62634;115
62635;22
62636;134
62637;294
62638;59
62639;294
62640;66
62641;24
62642;71
62643;189
62644;202
62645;83
62646;126
62647;200
62648;189
62649;112
62650;260
62651;202
62652;189
62653;160
62654;202
62655;189
62656;210
62657;260
62658;254
62659;242
62660;156
62661;71
62662;189
62663;134
62664;71
62665;149
62666;210
62667;140
62668;145
62669;83
62670;228
62671;34
62672;166
62673;60
62674;228
62675;272
62676;59
62677;228
62678;166
62679;261
62680;189
62681;71
62682;156
62683;243
62684;18
62685;294
62686;254
62687;234
62688;126
62689;248
62690;133
62691;83
62692;228
62693;245
62694;200
62695;210
62696;294
62697;149
62698;280
62699;76
62700;170
62701;156
62702;272
62703;134
62704;189
62705;248
62706;226
62707;235
62708;83
62709;20
62710;14
62711;260
62712;87
62713;18
62714;149
62715;156
62716;149
62717;112
62718;20
62719;228
62720;126
62721;20
62722;149
62723;170
62724;166
62725;212
62726;160
62727;146
62728;177
62729;210
62730;252
62731;20
62732;260
62733;277
62734;149
62735;284
62736;243
62737;166
62738;83
62739;145
62740;170
62741;202
62742;66
62743;71
62744;228
62745;34
62746;228
62747;71
62748;149
62749;156
62750;284
62751;83
62752;108
62753;231
62754;248
62755;202
62756;166
62757;191
62758;202
62759;44
62760;217
62761;137
62762;156
62763;114
62764;183
62765;265
62766;91
62767;76
62768;146
62769;202
62770;120
62771;48
62772;235
62773;166
62774;228
62775;170
62776;213
62777;149
62778;245
62779;235
62780;166
62781;200
62782;245
62783;60
62784;228
62785;86
62786;20
62787;166
62788;192
62789;248
62790;189
62791;235
62792;254
62793;1
62794;189
62795;137
62796;149
62797;228
62798;20
62799;248
62800;170
62801;189
62802;44
62803;156
62804;166
62805;20
62806;31
62807;149
62808;7
62809;228
62810;183
62811;228
62812;105
62813;102
62814;166
62815;83
62816;261
62817;20
62818;217
62819;228
62820;112
62821;242
62822;137
62823;149
62824;72
62825;14
62826;83
62827;86
62828;228
62829;149
62830;105
62831;235
62832;83
62833;221
62834;245
62835;48
62836;170
62837;71
62838;83
62839;284
62840;103
62841;242
62842;202
62843;280
62844;189
62845;202
62846;160
62847;192
62848;189
62849;254
62850;60
62851;20
62852;201
62853;44
62854;18
62855;22
62856;189
62857;7
62858;189
62859;20
62860;189
62861;231
62862;170
62863;285
62864;145
62865;237
62866;71
62867;156
62868;218
62869;189
62870;166
62871;189
62872;58
62873;183
62874;156
62875;235
62876;294
62877;48
62878;210
62879;220
62880;20
62881;58
62882;149
62883;280
62884;170
62885;228
62886;284
62887;198
62888;189
62889;81
62890;266
62891;1
62892;128
62893;133
62894;228
62895;294
62896;166
62897;189
62898;235
62899;260
62900;217
62901;83
62902;221
62903;183
62904;166
62905;208
62906;134
62907;48
62908;166
62909;279
62910;228
62911;170
62912;38
62913;140
62914;20
62915;116
62916;76
62917;248
62918;228
62919;228
62920;166
62921;79
62922;294
62923;71
62924;221
62925;157
62926;166
62927;102
62928;134
62929;235
62930;252
62931;177
62932;248
62933;235
62934;58
62935;285
62936;217
62937;235
62938;149
62939;116
62940;228
62941;133
62942;170
62943;149
62944;256
62945;22
62946;59
62947;228
62948;83
62949;170
62950;166
62951;137
62952;170
62953;91
62954;137
62955;40
62956;228
62957;166
62958;189
62959;66
62960;71
62961;284
62962;235
62963;189
62964;213
62965;189
62966;76
62967;245
62968;261
62969;166
62970;137
62971;182
62972;37
62973;278
62974;20
62975;228
62976;280
62977;129
62978;210
62979;60
62980;48
62981;248
62982;288
62983;146
62984;86
62985;279
62986;166
62987;243
62988;228
62989;46
62990;294
62991;166
62992;149
62993;189
62994;294
62995;48
62996;44
62997;170
62998;134
62999;294
63000;134
63001;20
63002;58
63003;91
63004;102
63005;189
63006;294
63007;189
63008;102
63009;245
63010;1
63011;18
63012;170
63013;105
63014;156
63015;218
63016;210
63017;201
63018;40
63019;83
63020;83
63021;83
63022;245
63023;248
63024;170
63025;166
63026;128
63027;103
63028;44
63029;235
63030;199
63031;218
63032;145
63033;108
63034;140
63035;280
63036;210
63037;81
63038;192
63039;46
63040;182
63041;156
63042;146
63043;189
63044;260
63045;260
63046;18
63047;115
63048;243
63049;189
63050;83
63051;213
63052;76
63053;166
63054;166
63055;189
63056;272
63057;242
63058;235
63059;210
63060;182
63061;294
63062;189
63063;235
63064;238
63065;112
63066;72
63067;83
63068;72
63069;218
63070;83
63071;112
63072;71
63073;83
63074;20
63075;149
63076;156
63077;243
63078;260
63079;214
63080;166
63081;102
63082;60
63083;20
63084;217
63085;235
63086;48
63087;245
63088;20
63089;133
63090;228
63091;189
63092;192
63093;235
63094;83
63095;149
63096;218
63097;252
63098;24
63099;156
63100;146
63101;115
63102;202
63103;278
63104;102
63105;294
63106;170
63107;202
63108;235
63109;245
63110;210
63111;189
63112;277
63113;260
63114;83
63115;102
63116;134
63117;170
63118;18
63119;18
63120;149
63121;34
63122;149
63123;86
63124;166
63125;234
63126;71
63127;126
63128;189
63129;235
63130;218
63131;83
63132;83
63133;189
63134;140
63135;108
63136;170
63137;238
63138;115
63139;149
63140;243
63141;202
63142;146
63143;20
63144;156
63145;267
63146;137
63147;59
63148;260
63149;137
63150;260
63151;14
63152;137
63153;210
63154;210
63155;60
63156;115
63157;145
63158;60
63159;278
63160;189
63161;189
63162;260
63163;112
63164;242
63165;166
63166;189
63167;149
63168;34
63169;149
63170;159
63171;267
63172;170
63173;282
63174;243
63175;20
63176;149
63177;87
63178;217
63179;114
63180;87
63181;112
63182;243
63183;245
63184;261
63185;159
63186;129
63187;83
63188;235
63189;245
63190;59
63191;108
63192;218
63193;108
63194;133
63195;20
63196;148
63197;284
63198;235
63199;166
63200;134
63201;293
63202;166
63203;183
63204;238
63205;170
63206;166
63207;8
63208;280
63209;170
63210;134
63211;1
63212;120
63213;245
63214;145
63215;182
63216;170
63217;112
63218;242
63219;261
63220;202
63221;157
63222;214
63223;189
63224;91
63225;189
63226;66
63227;201
63228;87
63229;228
63230;126
63231;112
63232;245
63233;149
63234;91
63235;220
63236;221
63237;208
63238;228
63239;235
63240;20
63241;176
63242;14
63243;189
63244;71
63245;189
63246;221
63247;48
63248;266
63249;112
63250;228
63251;66
63252;228
63253;245
63254;71
63255;59
63256;228
63257;189
63258;260
63259;235
63260;245
63261;71
63262;235
63263;252
63264;235
63265;149
63266;285
63267;237
63268;210
63269;228
63270;48
63271;242
63272;83
63273;245
63274;261
63275;96
63276;139
63277;112
63278;260
63279;261
63280;146
63281;209
63282;189
63283;157
63284;189
63285;170
63286;209
63287;260
63288;266
63289;226
63290;91
63291;182
63292;202
63293;145
63294;198
63295;260
63296;156
63297;156
63298;87
63299;170
63300;71
63301;149
63302;235
63303;8
63304;277
63305;288
63306;243
63307;235
63308;149
63309;189
63310;208
63311;44
63312;294
63313;221
63314;228
63315;248
63316;60
63317;83
63318;235
63319;235
63320;83
63321;242
63322;228
63323;108
63324;228
63325;277
63326;149
63327;166
63328;11
63329;210
63330;156
63331;60
63332;112
63333;140
63334;112
63335;228
63336;260
63337;108
63338;170
63339;20
63340;202
63341;228
63342;14
63343;248
63344;280
63345;192
63346;248
63347;260
63348;183
63349;189
63350;20
63351;228
63352;245
63353;294
63354;245
63355;228
63356;170
63357;265
63358;261
63359;242
63360;108
63361;252
63362;166
63363;170
63364;238
63365;44
63366;134
63367;166
63368;189
63369;176
63370;166
63371;20
63372;44
63373;145
63374;156
63375;217
63376;235
63377;202
63378;149
63379;137
63380;293
63381;260
63382;260
63383;60
63384;83
63385;177
63386;198
63387;108
63388;170
63389;254
63390;170
63391;48
63392;272
63393;235
63394;34
63395;260
63396;228
63397;170
63398;71
63399;156
63400;214
63401;189
63402;58
63403;149
63404;221
63405;210
63406;285
63407;51
63408;170
63409;189
63410;83
63411;40
63412;48
63413;228
63414;71
63415;66
63416;71
63417;252
63418;189
63419;128
63420;146
63421;202
63422;228
63423;149
63424;228
63425;103
63426;14
63427;166
63428;260
63429;102
63430;189
63431;86
63432;170
63433;235
63434;189
63435;22
63436;189
63437;170
63438;60
63439;134
63440;189
63441;261
63442;235
63443;34
63444;189
63445;149
63446;170
63447;156
63448;170
63449;213
63450;91
63451;146
63452;137
63453;166
63454;260
63455;208
63456;149
63457;265
63458;208
63459;228
63460;265
63461;228
63462;137
63463;245
63464;189
63465;210
63466;149
63467;112
63468;279
63469;40
63470;170
63471;170
63472;58
63473;71
63474;166
63475;235
63476;157
63477;60
63478;91
63479;228
63480;160
63481;245
63482;102
63483;243
63484;200
63485;237
63486;177
63487;76
63488;260
63489;128
63490;189
63491;133
63492;261
63493;156
63494;137
63495;20
63496;149
63497;112
63498;86
63499;189
63500;245
63501;292
63502;189
63503;134
63504;134
63505;134
63506;149
63507;228
63508;126
63509;217
63510;208
63511;183
63512;170
63513;134
63514;83
63515;170
63516;71
63517;189
63518;71
63519;277
63520;157
63521;156
63522;284
63523;59
63524;157
63525;189
63526;210
63527;59
63528;71
63529;48
63530;166
63531;294
63532;261
63533;166
63534;10
63535;87
63536;242
63537;51
63538;71
63539;133
63540;166
63541;72
63542;214
63543;228
63544;71
63545;46
63546;285
63547;220
63548;266
63549;243
63550;83
63551;146
63552;112
63553;202
63554;157
63555;249
63556;189
63557;252
63558;71
63559;83
63560;51
63561;166
63562;149
63563;208
63564;170
63565;208
63566;212
63567;261
63568;66
63569;228
63570;134
63571;166
63572;278
63573;86
63574;277
63575;260
63576;102
63577;137
63578;192
63579;102
63580;221
63581;66
63582;51
63583;170
63584;260
63585;242
63586;260
63587;128
63588;189
63589;129
63590;242
63591;149
63592;86
63593;79
63594;-1
63595;213
63596;189
63597;208
63598;112
63599;114
63600;66
63601;231
63602;248
63603;166
63604;278
63605;48
63606;210
63607;66
63608;189
63609;189
63610;76
63611;272
63612;228
63613;87
63614;7
63615;177
63616;277
63617;115
63618;149
63619;177
63620;260
63621;243
63622;228
63623;260
63624;10
63625;166
63626;217
63627;250
63628;189
63629;260
63630;228
63631;200
63632;260
63633;86
63634;134
63635;134
63636;20
63637;20
63638;91
63639;201
63640;294
63641;10
63642;256
63643;20
63644;245
63645;231
63646;160
63647;228
63648;189
63649;156
63650;228
63651;115
63652;156
63653;76
63654;228
63655;260
63656;237
63657;71
63658;280
63659;280
63660;170
63661;20
63662;212
63663;235
63664;20
63665;112
63666;201
63667;260
63668;91
63669;235
63670;189
63671;189
63672;189
63673;235
63674;83
63675;189
63676;166
63677;209
63678;260
63679;228
63680;248
63681;53
63682;149
63683;83
63684;228
63685;189
63686;145
63687;79
63688;231
63689;210
63690;245
63691;192
63692;170
63693;59
63694;34
63695;235
63696;285
63697;228
63698;108
63699;245
63700;98
63701;170
63702;235
63703;7
63704;16
63705;156
63706;71
63707;235
63708;200
63709;202
63710;228
63711;34
63712;231
63713;228
63714;242
63715;228
63716;237
63717;87
63718;183
63719;112
63720;254
63721;166
63722;83
63723;170
63724;102
63725;245
63726;86
63727;170
63728;189
63729;22
63730;83
63731;146
63732;149
63733;189
63734;234
63735;53
63736;235
63737;108
63738;160
63739;87
63740;248
63741;267
63742;260
63743;20
63744;228
63745;156
63746;278
63747;235
63748;60
63749;189
63750;189
63751;1
63752;34
63753;228
63754;228
63755;294
63756;24
63757;210
63758;59
63759;166
63760;166
63761;228
63762;248
63763;235
63764;10
63765;260
63766;213
63767;133
63768;170
63769;160
63770;189
63771;149
63772;183
63773;60
63774;235
63775;160
63776;71
63777;260
63778;145
63779;166
63780;248
63781;14
63782;149
63783;44
63784;22
63785;76
63786;189
63787;277
63788;149
63789;294
63790;149
63791;170
63792;156
63793;170
63794;245
63795;102
63796;1
63797;280
63798;221
63799;48
63800;242
63801;183
63802;149
63803;285
63804;140
63805;149
63806;20
63807;71
63808;71
63809;182
63810;133
63811;202
63812;189
63813;220
63814;284
63815;157
63816;170
63817;116
63818;177
63819;22
63820;266
63821;228
63822;140
63823;210
63824;235
63825;235
63826;146
63827;34
63828;235
63829;235
63830;166
63831;228
63832;282
63833;83
63834;156
63835;14
63836;71
63837;280
63838;36
63839;200
63840;189
63841;228
63842;79
63843;278
63844;198
63845;166
63846;260
63847;286
63848;228
63849;34
63850;104
63851;248
63852;245
63853;149
63854;103
63855;220
63856;11
63857;235
63858;266
63859;284
63860;166
63861;137
63862;220
63863;294
63864;83
63865;83
63866;145
63867;20
63868;243
63869;20
63870;237
63871;86
63872;170
63873;170
63874;104
63875;149
63876;170
63877;-1
63878;189
63879;278
63880;256
63881;277
63882;242
63883;228
63884;115
63885;202
63886;156
63887;252
63888;170
63889;1
63890;260
63891;200
63892;277
63893;192
63894;164
63895;260
63896;91
63897;134
63898;-1
63899;228
63900;71
63901;83
63902;208
63903;210
63904;126
63905;1
63906;235
63907;170
63908;166
63909;170
63910;166
63911;260
63912;202
63913;189
63914;166
63915;112
63916;260
63917;189
63918;182
63919;280
63920;189
63921;102
63922;280
63923;252
63924;66
63925;260
63926;189
63927;280
63928;83
63929;79
63930;189
63931;7
63932;124
63933;248
63934;145
63935;166
63936;105
63937;198
63938;166
63939;228
63940;280
63941;87
63942;285
63943;285
63944;189
63945;210
63946;280
63947;189
63948;102
63949;200
63950;120
63951;149
63952;149
63953;210
63954;44
63955;242
63956;228
63957;170
63958;34
63959;260
63960;235
63961;91
63962;20
63963;83
63964;170
63965;170
63966;235
63967;210
63968;166
63969;166
63970;20
63971;20
63972;14
63973;103
63974;294
63975;243
63976;235
63977;116
63978;189
63979;189
63980;245
63981;170
63982;228
63983;218
63984;235
63985;86
63986;189
63987;228
63988;228
63989;134
63990;252
63991;87
63992;149
63993;96
63994;217
63995;280
63996;226
63997;18
63998;44
63999;279
64000;189
64001;189
64002;261
64003;217
64004;189
64005;134
64006;145
64007;189
64008;189
64009;252
64010;112
64011;199
64012;149
64013;250
64014;44
64015;66
64016;159
64017;221
64018;170
64019;235
64020;133
64021;156
64022;278
64023;235
64024;192
64025;48
64026;202
64027;245
64028;128
64029;20
64030;170
64031;108
64032;20
64033;146
64034;55
64035;242
64036;210
64037;217
64038;170
64039;245
64040;235
64041;286
64042;170
64043;170
64044;128
64045;252
64046;234
64047;210
64048;170
64049;48
64050;156
64051;202
64052;228
64053;228
64054;191
64055;170
64056;112
64057;160
64058;1
64059;177
64060;18
64061;189
64062;228
64063;149
64064;134
64065;34
64066;245
64067;210
64068;183
64069;170
64070;156
64071;278
64072;126
64073;166
64074;189
64075;260
64076;76
64077;60
64078;260
64079;189
64080;169
64081;134
64082;201
64083;260
64084;20
64085;228
64086;189
64087;156
64088;272
64089;210
64090;189
64091;157
64092;149
64093;221
64094;252
64095;189
64096;145
64097;145
64098;87
64099;148
64100;98
64101;282
64102;160
64103;44
64104;243
64105;189
64106;166
64107;34
64108;210
64109;252
64110;83
64111;189
64112;156
64113;166
64114;220
64115;189
64116;208
64117;166
64118;62
64119;60
64120;170
64121;79
64122;140
64123;102
64124;280
64125;286
64126;40
64127;156
64128;149
64129;134
64130;280
64131;166
64132;192
64133;245
64134;166
64135;212
64136;189
64137;284
64138;228
64139;248
64140;83
64141;133
64142;40
64143;210
64144;260
64145;120
64146;242
64147;71
64148;60
64149;228
64150;265
64151;263
64152;252
64153;120
64154;183
64155;201
64156;214
64157;86
64158;247
64159;260
64160;228
64161;238
64162;71
64163;228
64164;256
64165;208
64166;260
64167;210
64168;202
64169;228
64170;149
64171;261
64172;76
64173;248
64174;146
64175;166
64176;189
64177;183
64178;166
64179;83
64180;245
64181;134
64182;228
64183;228
64184;221
64185;48
64186;38
64187;112
64188;242
64189;137
64190;201
64191;201
64192;228
64193;157
64194;183
64195;149
64196;228
64197;218
64198;44
64199;116
64200;112
64201;83
64202;156
64203;228
64204;170
64205;157
64206;156
64207;55
64208;146
64209;71
64210;79
64211;235
64212;149
64213;129
64214;149
64215;134
64216;245
64217;210
64218;228
64219;40
64220;96
64221;248
64222;170
64223;252
64224;66
64225;245
64226;189
64227;260
64228;11
64229;198
64230;245
64231;145
64232;189
64233;166
64234;284
64235;60
64236;87
64237;235
64238;38
64239;228
64240;252
64241;235
64242;128
64243;267
64244;38
64245;234
64246;192
64247;220
64248;166
64249;277
64250;105
64251;71
64252;166
64253;20
64254;120
64255;102
64256;235
64257;83
64258;245
64259;149
64260;189
64261;11
64262;103
64263;183
64264;156
64265;228
64266;159
64267;228
64268;245
64269;1
64270;294
64271;166
64272;79
64273;248
64274;248
64275;166
64276;164
64277;221
64278;14
64279;254
64280;226
64281;226
64282;272
64283;294
64284;210
64285;170
64286;189
64287;160
64288;20
64289;10
64290;202
64291;116
64292;228
64293;242
64294;260
64295;245
64296;1
64297;260
64298;48
64299;170
64300;134
64301;238
64302;134
64303;166
64304;55
64305;284
64306;149
64307;137
64308;248
64309;183
64310;260
64311;71
64312;58
64313;166
64314;134
64315;48
64316;157
64317;156
64318;170
64319;202
64320;210
64321;112
64322;228
64323;247
64324;160
64325;48
64326;149
64327;128
64328;20
64329;287
64330;248
64331;235
64332;260
64333;278
64334;189
64335;71
64336;10
64337;170
64338;242
64339;221
64340;285
64341;71
64342;189
64343;245
64344;170
64345;226
64346;266
64347;210
64348;87
64349;202
64350;261
64351;149
64352;228
64353;166
64354;128
64355;260
64356;79
64357;243
64358;228
64359;235
64360;14
64361;86
64362;83
64363;235
64364;242
64365;260
64366;228
64367;134
64368;170
64369;103
64370;210
64371;221
64372;44
64373;217
64374;192
64375;252
64376;284
64377;157
64378;105
64379;146
64380;228
64381;235
64382;108
64383;198
64384;156
64385;182
64386;189
64387;237
64388;248
64389;149
64390;46
64391;149
64392;149
64393;208
64394;166
64395;166
64396;177
64397;134
64398;228
64399;260
64400;226
64401;210
64402;156
64403;137
64404;248
64405;286
64406;149
64407;210
64408;235
64409;182
64410;146
64411;149
64412;228
64413;198
64414;252
64415;1
64416;20
64417;46
64418;243
64419;112
64420;213
64421;182
64422;236
64423;285
64424;34
64425;183
64426;145
64427;243
64428;285
64429;235
64430;260
64431;237
64432;228
64433;242
64434;261
64435;235
64436;8
64437;228
64438;189
64439;108
64440;112
64441;177
64442;128
64443;112
64444;228
64445;134
64446;137
64447;200
64448;261
64449;260
64450;245
64451;228
64452;166
64453;189
64454;149
64455;149
64456;157
64457;86
64458;228
64459;243
64460;189
64461;137
64462;208
64463;133
64464;260
64465;261
64466;149
64467;83
64468;170
64469;224
64470;294
64471;137
64472;134
64473;108
64474;44
64475;260
64476;149
64477;137
64478;189
64479;166
64480;231
64481;79
64482;272
64483;252
64484;81
64485;166
64486;189
64487;294
64488;116
64489;260
64490;220
64491;228
64492;115
64493;280
64494;183
64495;66
64496;245
64497;245
64498;58
64499;231
64500;149
64501;235
64502;34
64503;103
64504;189
64505;137
64506;228
64507;166
64508;220
64509;156
64510;228
64511;235
64512;137
64513;146
64514;146
64515;66
64516;294
64517;245
64518;280
64519;59
64520;83
64521;149
64522;71
64523;59
64524;220
64525;245
64526;235
64527;156
64528;260
64529;133
64530;71
64531;112
64532;245
64533;248
64534;133
64535;192
64536;40
64537;83
64538;166
64539;170
64540;140
64541;134
64542;83
64543;102
64544;71
64545;66
64546;260
64547;294
64548;81
64549;149
64550;79
64551;105
64552;243
64553;213
64554;166
64555;228
64556;96
64557;48
64558;114
64559;83
64560;235
64561;166
64562;166
64563;66
64564;285
64565;159
64566;189
64567;189
64568;189
64569;87
64570;76
64571;128
64572;149
64573;272
64574;260
64575;40
64576;149
64577;260
64578;234
64579;217
64580;76
64581;278
64582;166
64583;60
64584;46
64585;189
64586;20
64587;71
64588;260
64589;126
64590;228
64591;102
64592;189
64593;210
64594;166
64595;191
64596;137
64597;248
64598;166
64599;238
64600;8
64601;91
64602;133
64603;170
64604;278
64605;210
64606;189
64607;48
64608;261
64609;256
64610;166
64611;60
64612;149
64613;189
64614;189
64615;285
64616;294
64617;71
64618;192
64619;199
64620;149
64621;112
64622;248
64623;261
64624;248
64625;243
64626;166
64627;221
64628;134
64629;217
64630;243
64631;224
64632;34
64633;210
64634;192
64635;20
64636;189
64637;170
64638;59
64639;166
64640;170
64641;228
64642;112
64643;166
64644;192
64645;83
64646;149
64647;286
64648;14
64649;291
64650;228
64651;280
64652;280
64653;169
64654;1
64655;149
64656;160
64657;37
64658;16
64659;134
64660;294
64661;224
64662;128
64663;170
64664;189
64665;294
64666;7
64667;228
64668;228
64669;261
64670;238
64671;285
64672;102
64673;8
64674;83
64675;149
64676;226
64677;22
64678;217
64679;170
64680;145
64681;265
64682;260
64683;235
64684;235
64685;103
64686;149
64687;149
64688;103
64689;235
64690;235
64691;280
64692;220
64693;87
64694;166
64695;134
64696;170
64697;288
64698;221
64699;83
64700;256
64701;202
64702;112
64703;189
64704;59
64705;59
64706;294
64707;228
64708;149
64709;294
64710;228
64711;20
64712;260
64713;235
64714;20
64715;48
64716;149
64717;137
64718;166
64719;189
64720;254
64721;62
64722;294
64723;14
64724;177
64725;149
64726;261
64727;40
64728;71
64729;145
64730;189
64731;192
64732;14
64733;149
64734;76
64735;260
64736;189
64737;177
64738;260
64739;98
64740;248
64741;277
64742;217
64743;260
64744;71
64745;288
64746;284
64747;280
64748;192
64749;177
64750;146
64751;228
64752;243
64753;156
64754;210
64755;44
64756;217
64757;265
64758;284
64759;202
64760;102
64761;213
64762;260
64763;284
64764;156
64765;149
64766;134
64767;21
64768;228
64769;83
64770;245
64771;114
64772;228
64773;261
64774;235
64775;235
64776;189
64777;288
64778;228
64779;66
64780;228
64781;282
64782;83
64783;60
64784;235
64785;192
64786;228
64787;156
64788;149
64789;192
64790;260
64791;18
64792;134
64793;198
64794;108
64795;260
64796;280
64797;285
64798;71
64799;156
64800;48
64801;267
64802;134
64803;284
64804;149
64805;137
64806;71
64807;294
64808;159
64809;228
64810;234
64811;237
64812;66
64813;242
64814;96
64815;140
64816;237
64817;243
64818;86
64819;76
64820;48
64821;87
64822;170
64823;278
64824;149
64825;44
64826;226
64827;260
64828;228
64829;248
64830;277
64831;126
64832;164
64833;189
64834;91
64835;261
64836;71
64837;-1
64838;166
64839;46
64840;260
64841;228
64842;226
64843;237
64844;166
64845;284
64846;177
64847;294
64848;170
64849;210
64850;133
64851;149
64852;248
64853;261
64854;189
64855;228
64856;149
64857;202
64858;22
64859;166
64860;228
64861;237
64862;235
64863;288
64864;169
64865;278
64866;83
64867;66
64868;243
64869;235
64870;189
64871;83
64872;149
64873;294
64874;124
64875;60
64876;182
64877;285
64878;71
64879;166
64880;285
64881;245
64882;189
64883;228
64884;189
64885;192
64886;59
64887;210
64888;221
64889;189
64890;208
64891;245
64892;243
64893;228
64894;103
64895;228
64896;149
64897;170
64898;44
64899;228
64900;235
64901;83
64902;166
64903;278
64904;133
64905;286
64906;228
64907;192
64908;20
64909;166
64910;294
64911;86
64912;252
64913;213
64914;166
64915;266
64916;237
64917;189
64918;86
64919;140
64920;260
64921;112
64922;53
64923;265
64924;156
64925;189
64926;166
64927;260
64928;157
64929;91
64930;58
64931;208
64932;96
64933;112
64934;189
64935;134
64936;210
64937;198
64938;189
64939;228
64940;279
64941;37
64942;226
64943;60
64944;20
64945;60
64946;235
64947;170
64948;192
64949;137
64950;260
64951;108
64952;83
64953;133
64954;83
64955;115
64956;170
64957;228
64958;71
64959;192
64960;166
64961;145
64962;288
64963;166
64964;149
64965;260
64966;208
64967;252
64968;48
64969;280
64970;208
64971;128
64972;213
64973;156
64974;236
64975;170
64976;189
64977;128
64978;71
64979;260
64980;208
64981;260
64982;189
64983;79
64984;191
64985;272
64986;83
64987;189
64988;114
64989;112
64990;245
64991;166
64992;83
64993;166
64994;166
64995;1
64996;235
64997;20
64998;112
64999;86
65000;278
65001;189
65002;46
65003;170
65004;237
65005;261
65006;278
65007;280
65008;260
65009;260
65010;272
65011;189
65012;38
65013;235
65014;189
65015;285
65016;235
65017;189
65018;252
65019;228
65020;170
65021;294
65022;189
65023;149
65024;202
65025;170
65026;192
65027;145
65028;149
65029;87
65030;37
65031;145
65032;114
65033;189
65034;210
65035;194
65036;48
65037;71
65038;44
65039;1
65040;202
65041;278
65042;87
65043;170
65044;285
65045;252
65046;66
65047;60
65048;83
65049;260
65050;245
65051;146
65052;228
65053;294
65054;156
65055;166
65056;76
65057;189
65058;235
65059;62
65060;192
65061;20
65062;189
65063;146
65064;137
65065;235
65066;83
65067;242
65068;228
65069;34
65070;280
65071;134
65072;234
65073;245
65074;294
65075;166
65076;170
65077;260
65078;102
65079;284
65080;83
65081;66
65082;160
65083;133
65084;140
65085;120
65086;192
65087;156
65088;248
65089;170
65090;134
65091;71
65092;252
65093;228
65094;134
65095;115
65096;38
65097;208
65098;248
65099;170
65100;120
65101;157
65102;189
65103;208
65104;260
65105;129
65106;114
65107;245
65108;189
65109;71
65110;261
65111;228
65112;189
65113;221
65114;44
65115;166
65116;285
65117;243
65118;261
65119;170
65120;245
65121;176
65122;149
65123;133
65124;285
65125;212
65126;166
65127;210
65128;156
65129;228
65130;243
65131;170
65132;200
65133;20
65134;170
65135;183
65136;128
65137;235
65138;228
65139;133
65140;149
65141;83
65142;156
65143;55
65144;128
65145;192
65146;260
65147;79
65148;166
65149;228
65150;245
65151;237
65152;245
65153;260
65154;134
65155;248
65156;170
65157;208
65158;260
65159;126
65160;83
65161;48
65162;183
65163;189
65164;137
65165;114
65166;260
65167;14
65168;243
65169;170
65170;112
65171;189
65172;189
65173;170
65174;149
65175;228
65176;53
65177;140
65178;128
65179;166
65180;83
65181;48
65182;261
65183;166
65184;149
65185;44
65186;102
65187;120
65188;189
65189;120
65190;242
65191;285
65192;166
65193;183
65194;228
65195;170
65196;137
65197;91
65198;148
65199;149
65200;250
65201;79
65202;252
65203;170
65204;59
65205;48
65206;189
65207;210
65208;256
65209;254
65210;24
65211;60
65212;105
65213;243
65214;166
65215;210
65216;149
65217;235
65218;166
65219;228
65220;189
65221;166
65222;116
65223;126
65224;108
65225;156
65226;260
65227;266
65228;213
65229;145
65230;1
65231;137
65232;213
65233;133
65234;59
65235;245
65236;284
65237;235
65238;278
65239;71
65240;248
65241;248
65242;48
65243;149
65244;134
65245;226
65246;83
65247;170
65248;243
65249;83
65250;149
65251;170
65252;209
65253;254
65254;242
65255;177
65256;202
65257;248
65258;83
65259;278
65260;114
65261;228
65262;278
65263;285
65264;48
65265;170
65266;243
65267;66
65268;170
65269;272
65270;228
65271;149
65272;48
65273;149
65274;156
65275;245
65276;189
65277;149
65278;228
65279;83
65280;134
65281;210
65282;134
65283;59
65284;261
65285;145
65286;120
65287;129
65288;217
65289;235
65290;87
65291;208
65292;128
65293;91
65294;210
65295;128
65296;201
65297;189
65298;170
65299;20
65300;83
65301;66
65302;14
65303;86
65304;166
65305;189
65306;4
65307;277
65308;134
65309;260
65310;103
65311;71
65312;140
65313;20
65314;248
65315;170
65316;189
65317;133
65318;217
65319;242
65320;237
65321;228
65322;228
65323;60
65324;86
65325;112
65326;182
65327;134
65328;256
65329;228
65330;177
65331;114
65332;228
65333;7
65334;134
65335;198
65336;86
65337;170
65338;124
65339;83
65340;189
65341;149
65342;137
65343;156
65344;112
65345;48
65346;14
65347;137
65348;34
65349;260
65350;189
65351;200
65352;242
65353;247
65354;149
65355;71
65356;235
65357;114
65358;166
65359;183
65360;134
65361;198
65362;120
65363;146
65364;200
65365;237
65366;120
65367;170
65368;166
65369;1
65370;16
65371;76
65372;213
65373;261
65374;228
65375;213
65376;236
65377;210
65378;245
65379;235
65380;83
65381;112
65382;145
65383;60
65384;228
65385;134
65386;86
65387;20
65388;59
65389;260
65390;248
65391;242
65392;189
65393;20
65394;242
65395;22
65396;1
65397;228
65398;252
65399;134
65400;221
65401;285
65402;83
65403;252
65404;208
65405;198
65406;166
65407;235
65408;166
65409;71
65410;235
65411;157
65412;228
65413;242
65414;235
65415;189
65416;228
65417;272
65418;115
65419;202
65420;235
65421;192
65422;7
65423;105
65424;248
65425;280
65426;228
65427;170
65428;170
65429;157
65430;217
65431;-1
65432;149
65433;166
65434;48
65435;102
65436;166
65437;277
65438;243
65439;18
65440;149
65441;220
65442;294
65443;170
65444;146
65445;62
65446;157
65447;242
65448;66
65449;114
65450;60
65451;200
65452;83
65453;235
65454;189
65455;137
65456;252
65457;102
65458;228
65459;129
65460;128
65461;137
65462;294
65463;66
65464;252
65465;189
65466;128
65467;189
65468;208
65469;189
65470;18
65471;285
65472;189
65473;221
65474;210
65475;189
65476;20
65477;166
65478;248
65479;22
65480;248
65481;228
65482;235
65483;228
65484;189
65485;294
65486;134
65487;60
65488;189
65489;134
65490;170
65491;182
65492;217
65493;243
65494;4
65495;149
65496;235
65497;149
65498;235
65499;166
65500;66
65501;166
65502;48
65503;189
65504;156
65505;11
65506;208
65507;159
65508;-1
65509;189
65510;189
65511;248
65512;189
65513;294
65514;183
65515;149
65516;228
65517;210
65518;202
65519;212
65520;248
65521;149
65522;102
65523;112
65524;285
65525;182
65526;280
65527;149
65528;260
65529;228
65530;210
65531;102
65532;226
65533;114
65534;-1
65535;235
65536;189
65537;235
65538;166
65539;156
65540;242
65541;228
65542;156
65543;279
65544;137
65545;66
65546;166
65547;189
65548;213
65549;112
65550;166
65551;228
65552;183
65553;128
65554;260
65555;189
65556;245
65557;189
65558;170
65559;183
65560;40
65561;192
65562;248
65563;66
65564;252
65565;260
65566;183
65567;137
65568;115
65569;261
65570;192
65571;166
65572;38
65573;248
65574;202
65575;86
65576;260
65577;18
65578;250
65579;20
65580;98
65581;146
65582;260
65583;192
65584;260
65585;34
65586;137
65587;228
65588;235
65589;243
65590;189
65591;128
65592;120
65593;166
65594;228
65595;202
65596;243
65597;71
65598;166
65599;176
65600;294
65601;293
65602;182
65603;234
65604;285
65605;280
65606;210
65607;260
65608;16
65609;217
65610;294
65611;228
65612;279
65613;218
65614;228
65615;112
65616;34
65617;166
65618;76
65619;149
65620;182
65621;228
65622;149
65623;34
65624;83
65625;156
65626;235
65627;226
65628;145
65629;156
65630;79
65631;140
65632;156
65633;44
65634;34
65635;170
65636;235
65637;189
65638;260
65639;183
65640;140
65641;242
65642;210
65643;103
65644;166
65645;221
65646;160
65647;87
65648;210
65649;134
65650;238
65651;134
65652;83
65653;212
65654;86
65655;294
65656;59
65657;137
65658;238
65659;243
65660;166
65661;254
65662;149
65663;285
65664;294
65665;87
65666;59
65667;71
65668;210
65669;114
65670;156
65671;214
65672;235
65673;234
65674;228
65675;134
65676;189
65677;71
65678;120
65679;189
65680;44
65681;149
65682;112
65683;279
65684;149
65685;189
65686;86
65687;176
65688;192
65689;87
65690;285
65691;44
65692;202
65693;189
65694;83
65695;202
65696;108
65697;252
65698;221
65699;245
65700;248
65701;280
65702;248
65703;200
65704;202
65705;242
65706;145
65707;284
65708;192
65709;149
65710;210
65711;277
65712;243
65713;170
65714;288
65715;66
65716;170
65717;228
65718;66
65719;114
65720;38
65721;177
65722;293
65723;252
65724;129
65725;170
65726;81
65727;245
65728;189
65729;59
65730;170
65731;129
65732;160
65733;228
65734;183
65735;11
65736;83
65737;18
65738;71
65739;228
65740;201
65741;66
65742;210
65743;126
65744;226
65745;66
65746;252
65747;170
65748;60
65749;228
65750;218
65751;272
65752;280
65753;170
65754;157
65755;170
65756;243
65757;149
65758;285
65759;140
65760;51
65761;105
65762;248
65763;87
65764;157
65765;71
65766;235
65767;66
65768;48
65769;157
65770;128
65771;243
65772;272
65773;159
65774;44
65775;235
65776;160
65777;189
65778;145
65779;245
65780;176
65781;44
65782;166
65783;156
65784;231
65785;245
65786;149
65787;133
65788;128
65789;189
65790;11
65791;48
65792;59
65793;228
65794;218
65795;248
65796;248
65797;87
65798;260
65799;210
65800;210
65801;40
65802;228
65803;146
65804;83
65805;58
65806;145
65807;189
65808;166
65809;166
65810;189
65811;226
65812;149
65813;170
65814;157
65815;166
65816;83
65817;166
65818;189
65819;280
65820;210
65821;149
65822;164
65823;235
65824;248
65825;242
65826;133
65827;265
65828;87
65829;261
65830;103
65831;44
65832;18
65833;156
65834;235
65835;148
65836;224
65837;263
65838;266
65839;280
65840;235
65841;235
65842;266
65843;137
65844;170
65845;134
65846;183
65847;228
65848;235
65849;224
65850;46
65851;170
65852;189
65853;245
65854;245
65855;170
65856;48
65857;278
65858;221
65859;208
65860;192
65861;59
65862;60
65863;189
65864;44
65865;228
65866;261
65867;248
65868;115
65869;112
65870;48
65871;166
65872;83
65873;170
65874;140
65875;189
65876;137
65877;231
65878;133
65879;286
65880;24
65881;260
65882;83
65883;210
65884;243
65885;252
65886;284
65887;166
65888;294
65889;134
65890;210
65891;86
65892;134
65893;256
65894;226
65895;217
65896;226
65897;128
65898;252
65899;134
65900;210
65901;157
65902;170
65903;252
65904;192
65905;166
65906;260
65907;189
65908;156
65909;189
65910;166
65911;58
65912;243
65913;149
65914;134
65915;166
65916;210
65917;108
65918;189
65919;60
65920;183
65921;60
65922;266
65923;103
65924;254
65925;44
65926;60
65927;34
65928;149
65929;210
65930;228
65931;220
65932;248
65933;48
65934;51
65935;260
65936;228
65937;198
65938;189
65939;170
65940;166
65941;228
65942;71
65943;248
65944;235
65945;133
65946;115
65947;189
65948;44
65949;145
65950;38
65951;170
65952;34
65953;16
65954;228
65955;210
65956;285
65957;278
65958;213
65959;71
65960;228
65961;213
65962;83
65963;149
65964;170
65965;213
65966;189
65967;166
65968;228
65969;1
65970;83
65971;245
65972;189
65973;133
65974;235
65975;183
65976;285
65977;228
65978;284
65979;149
65980;218
65981;14
65982;189
65983;134
65984;59
65985;210
65986;189
65987;83
65988;22
65989;266
65990;245
65991;208
65992;149
65993;183
65994;284
65995;210
65996;234
65997;189
65998;156
65999;192
66000;260
66001;280
66002;159
66003;46
66004;38
66005;170
66006;235
66007;160
66008;235
66009;277
66010;252
66011;218
66012;137
66013;48
66014;210
66015;71
66016;44
66017;59
66018;189
66019;252
66020;86
66021;149
66022;48
66023;248
66024;221
66025;243
66026;189
66027;114
66028;134
66029;245
66030;170
66031;114
66032;149
66033;252
66034;20
66035;245
66036;210
66037;20
66038;146
66039;285
66040;228
66041;20
66042;189
66043;248
66044;149
66045;228
66046;86
66047;249
66048;156
66049;86
66050;213
66051;213
66052;126
66053;228
66054;245
66055;60
66056;83
66057;212
66058;38
66059;192
66060;71
66061;260
66062;189
66063;170
66064;166
66065;140
66066;160
66067;210
66068;149
66069;115
66070;83
66071;102
66072;294
66073;202
66074;210
66075;115
66076;294
66077;1
66078;189
66079;176
66080;166
66081;284
66082;60
66083;133
66084;170
66085;38
66086;166
66087;166
66088;76
66089;86
66090;243
66091;60
66092;156
66093;112
66094;228
66095;236
66096;71
66097;189
66098;156
66099;126
66100;145
66101;114
66102;272
66103;228
66104;245
66105;235
66106;220
66107;260
66108;243
66109;285
66110;210
66111;24
66112;48
66113;156
66114;71
66115;156
66116;260
66117;287
66118;213
66119;149
66120;137
66121;235
66122;183
66123;260
66124;114
66125;20
66126;212
66127;243
66128;277
66129;260
66130;260
66131;137
66132;170
66133;145
66134;103
66135;120
66136;221
66137;40
66138;149
66139;86
66140;294
66141;261
66142;208
66143;44
66144;102
66145;260
66146;146
66147;183
66148;189
66149;242
66150;256
66151;166
66152;189
66153;44
66154;120
66155;87
66156;83
66157;250
66158;166
66159;166
66160;189
66161;248
66162;207
66163;224
66164;62
66165;294
66166;149
66167;252
66168;170
66169;277
66170;245
66171;149
66172;48
66173;235
66174;243
66175;245
66176;221
66177;166
66178;192
66179;116
66180;202
66181;86
66182;134
66183;252
66184;166
66185;71
66186;189
66187;31
66188;189
66189;149
66190;228
66191;220
66192;166
66193;235
66194;237
66195;71
66196;228
66197;129
66198;285
66199;1
66200;260
66201;145
66202;66
66203;235
66204;278
66205;228
66206;73
66207;228
66208;242
66209;228
66210;159
66211;83
66212;260
66213;46
66214;287
66215;228
66216;201
66217;280
66218;170
66219;243
66220;189
66221;134
66222;96
66223;245
66224;16
66225;228
66226;243
66227;228
66228;48
66229;189
66230;66
66231;202
66232;170
66233;254
66234;228
66235;242
66236;166
66237;189
66238;189
66239;149
66240;87
66241;228
66242;208
66243;16
66244;103
66245;243
66246;189
66247;260
66248;145
66249;235
66250;237
66251;200
66252;189
66253;248
66254;235
66255;170
66256;91
66257;252
66258;102
66259;189
66260;48
66261;243
66262;20
66263;83
66264;284
66265;156
66266;170
66267;166
66268;228
66269;189
66270;189
66271;140
66272;260
66273;228
66274;189
66275;208
66276;237
66277;87
66278;228
66279;280
66280;170
66281;228
66282;87
66283;248
66284;156
66285;87
66286;256
66287;210
66288;66
66289;260
66290;149
66291;53
66292;166
66293;156
66294;252
66295;221
66296;20
66297;53
66298;134
66299;189
66300;221
66301;14
66302;189
66303;235
66304;1
66305;192
66306;170
66307;210
66308;242
66309;245
66310;1
66311;210
66312;238
66313;261
66314;284
66315;248
66316;156
66317;278
66318;214
66319;242
66320;156
66321;145
66322;208
66323;71
66324;248
66325;260
66326;62
66327;20
66328;220
66329;201
66330;66
66331;189
66332;149
66333;294
66334;228
66335;238
66336;112
66337;189
66338;242
66339;166
66340;166
66341;83
66342;248
66343;145
66344;71
66345;44
66346;102
66347;245
66348;189
66349;235
66350;221
66351;91
66352;228
66353;149
66354;14
66355;284
66356;286
66357;189
66358;166
66359;38
66360;170
66361;14
66362;160
66363;235
66364;210
66365;285
66366;192
66367;248
66368;256
66369;228
66370;284
66371;280
66372;260
66373;71
66374;245
66375;159
66376;252
66377;156
66378;-1
66379;22
66380;228
66381;38
66382;293
66383;38
66384;189
66385;166
66386;294
66387;228
66388;237
66389;209
66390;105
66391;48
66392;250
66393;200
66394;105
66395;18
66396;285
66397;83
66398;146
66399;83
66400;166
66401;183
66402;166
66403;235
66404;59
66405;170
66406;148
66407;133
66408;189
66409;189
66410;242
66411;149
66412;170
66413;189
66414;48
66415;231
66416;149
66417;128
66418;87
66419;210
66420;156
66421;228
66422;218
66423;71
66424;285
66425;170
66426;20
66427;86
66428;134
66429;170
66430;166
66431;112
66432;8
66433;248
66434;133
66435;177
66436;76
66437;231
66438;228
66439;83
66440;44
66441;260
66442;228
66443;149
66444;140
66445;252
66446;166
66447;288
66448;228
66449;245
66450;189
66451;288
66452;217
66453;228
66454;71
66455;221
66456;149
66457;202
66458;102
66459;235
66460;210
66461;137
66462;79
66463;20
66464;149
66465;210
66466;166
66467;16
66468;34
66469;248
66470;83
66471;248
66472;260
66473;202
66474;245
66475;235
66476;166
66477;156
66478;284
66479;280
66480;288
66481;149
66482;116
66483;83
66484;60
66485;112
66486;116
66487;116
66488;252
66489;133
66490;112
66491;248
66492;198
66493;62
66494;189
66495;189
66496;114
66497;156
66498;210
66499;189
66500;242
66501;156
66502;-1
66503;189
66504;48
66505;189
66506;280
66507;260
66508;200
66509;20
66510;210
66511;20
66512;170
66513;189
66514;235
66515;228
66516;189
66517;137
66518;166
66519;160
66520;166
66521;243
66522;189
66523;38
66524;228
66525;189
66526;242
66527;248
66528;284
66529;245
66530;210
66531;242
66532;20
66533;145
66534;221
66535;280
66536;149
66537;166
66538;248
66539;284
66540;40
66541;280
66542;265
66543;235
66544;71
66545;237
66546;18
66547;83
66548;156
66549;189
66550;228
66551;245
66552;202
66553;260
66554;189
66555;166
66556;55
66557;145
66558;159
66559;177
66560;116
66561;24
66562;34
66563;170
66564;166
66565;282
66566;237
66567;228
66568;20
66569;218
66570;104
66571;170
66572;145
66573;245
66574;40
66575;280
66576;189
66577;166
66578;267
66579;146
66580;252
66581;20
66582;71
66583;260
66584;284
66585;24
66586;260
66587;189
66588;210
66589;272
66590;277
66591;210
66592;260
66593;228
66594;160
66595;252
66596;235
66597;228
66598;126
66599;170
66600;156
66601;60
66602;148
66603;16
66604;170
66605;126
66606;189
66607;200
66608;189
66609;87
66610;242
66611;156
66612;7
66613;120
66614;146
66615;166
66616;267
66617;260
66618;260
66619;228
66620;156
66621;217
66622;176
66623;120
66624;170
66625;280
66626;189
66627;245
66628;134
66629;170
66630;83
66631;245
66632;60
66633;200
66634;91
66635;280
66636;248
66637;280
66638;189
66639;221
66640;112
66641;221
66642;256
66643;202
66644;189
66645;284
66646;245
66647;170
66648;66
66649;120
66650;245
66651;66
66652;235
66653;202
66654;115
66655;261
66656;166
66657;149
66658;112
66659;170
66660;170
66661;140
66662;1
66663;133
66664;183
66665;245
66666;18
66667;20
66668;38
66669;66
66670;139
66671;217
66672;189
66673;189
66674;170
66675;166
66676;201
66677;86
66678;60
66679;248
66680;272
66681;164
66682;192
66683;157
66684;245
66685;248
66686;149
66687;146
66688;189
66689;183
66690;129
66691;272
66692;247
66693;260
66694;245
66695;60
66696;133
66697;14
66698;140
66699;86
66700;201
66701;228
66702;260
66703;137
66704;245
66705;220
66706;166
66707;51
66708;177
66709;114
66710;252
66711;248
66712;166
66713;217
66714;235
66715;260
66716;115
66717;183
66718;137
66719;83
66720;252
66721;210
66722;62
66723;189
66724;134
66725;134
66726;210
66727;170
66728;62
66729;140
66730;284
66731;210
66732;51
66733;248
66734;40
66735;104
66736;183
66737;71
66738;48
66739;34
66740;294
66741;76
66742;189
66743;137
66744;166
66745;170
66746;58
66747;189
66748;243
66749;256
66750;238
66751;210
66752;228
66753;164
66754;248
66755;235
66756;1
66757;62
66758;112
66759;10
66760;248
66761;252
66762;228
66763;146
66764;166
66765;108
66766;285
66767;217
66768;214
66769;198
66770;114
66771;166
66772;37
66773;48
66774;183
66775;183
66776;228
66777;243
66778;272
66779;192
66780;228
66781;60
66782;166
66783;212
66784;189
66785;245
66786;156
66787;149
66788;248
66789;166
66790;278
66791;105
66792;83
66793;198
66794;245
66795;228
66796;189
66797;120
66798;149
66799;71
66800;226
66801;226
66802;248
66803;83
66804;237
66805;149
66806;149
66807;280
66808;228
66809;128
66810;102
66811;166
66812;44
66813;287
66814;66
66815;149
66816;189
66817;235
66818;76
66819;46
66820;243
66821;221
66822;134
66823;284
66824;210
66825;272
66826;134
66827;248
66828;243
66829;134
66830;210
66831;71
66832;284
66833;202
66834;137
66835;285
66836;44
66837;235
66838;189
66839;55
66840;260
66841;243
66842;228
66843;126
66844;166
66845;112
66846;235
66847;266
66848;1
66849;83
66850;105
66851;149
66852;189
66853;228
66854;189
66855;98
66856;71
66857;20
66858;228
66859;248
66860;87
66861;48
66862;149
66863;242
66864;235
66865;166
66866;266
66867;189
66868;157
66869;166
66870;166
66871;279
66872;156
66873;20
66874;44
66875;128
66876;20
66877;170
66878;254
66879;284
66880;137
66881;272
66882;202
66883;170
66884;20
66885;189
66886;170
66887;37
66888;228
66889;108
66890;221
66891;228
66892;7
66893;228
66894;202
66895;156
66896;260
66897;156
66898;120
66899;91
66900;71
66901;146
66902;137
66903;146
66904;189
66905;149
66906;189
66907;83
66908;76
66909;254
66910;210
66911;261
66912;284
66913;112
66914;146
66915;170
66916;145
66917;228
66918;46
66919;149
66920;228
66921;285
66922;279
66923;243
66924;218
66925;112
66926;149
66927;287
66928;189
66929;86
66930;231
66931;177
66932;237
66933;221
66934;226
66935;218
66936;166
66937;228
66938;277
66939;114
66940;134
66941;192
66942;87
66943;208
66944;235
66945;170
66946;228
66947;114
66948;149
66949;285
66950;228
66951;166
66952;189
66953;46
66954;285
66955;237
66956;20
66957;156
66958;128
66959;112
66960;261
66961;83
66962;284
66963;115
66964;149
66965;280
66966;285
66967;260
66968;213
66969;103
66970;177
66971;221
66972;242
66973;128
66974;44
66975;278
66976;166
66977;284
66978;294
66979;170
66980;166
66981;189
66982;44
66983;210
66984;160
66985;83
66986;66
66987;208
66988;189
66989;71
66990;44
66991;40
66992;221
66993;140
66994;189
66995;166
66996;44
66997;261
66998;134
66999;210
67000;177
67001;189
67002;166
67003;134
67004;156
67005;280
67006;279
67007;228
67008;34
67009;1
67010;201
67011;20
67012;40
67013;166
67014;166
67015;91
67016;76
67017;60
67018;210
67019;156
67020;294
67021;137
67022;231
67023;34
67024;189
67025;145
67026;66
67027;260
67028;71
67029;149
67030;228
67031;149
67032;235
67033;46
67034;177
67035;62
67036;210
67037;20
67038;285
67039;156
67040;202
67041;245
67042;83
67043;34
67044;189
67045;166
67046;137
67047;156
67048;294
67049;192
67050;202
67051;126
67052;263
67053;71
67054;156
67055;60
67056;248
67057;284
67058;166
67059;20
67060;156
67061;149
67062;112
67063;166
67064;192
67065;189
67066;201
67067;267
67068;83
67069;261
67070;81
67071;260
67072;102
67073;170
67074;166
67075;44
67076;189
67077;83
67078;58
67079;59
67080;146
67081;260
67082;200
67083;235
67084;44
67085;243
67086;252
67087;170
67088;137
67089;208
67090;149
67091;128
67092;156
67093;210
67094;208
67095;221
67096;134
67097;189
67098;280
67099;177
67100;210
67101;166
67102;71
67103;137
67104;166
67105;245
67106;83
67107;189
67108;228
67109;285
67110;134
67111;20
67112;166
67113;248
67114;18
67115;286
67116;108
67117;149
67118;60
67119;137
67120;7
67121;46
67122;228
67123;280
67124;83
67125;285
67126;149
67127;243
67128;177
67129;51
67130;242
67131;156
67132;66
67133;285
67134;210
67135;288
67136;221
67137;261
67138;157
67139;156
67140;294
67141;200
67142;182
67143;260
67144;228
67145;243
67146;156
67147;149
67148;260
67149;278
67150;20
67151;166
67152;189
67153;202
67154;248
67155;44
67156;278
67157;166
67158;102
67159;149
67160;235
67161;243
67162;243
67163;192
67164;189
67165;248
67166;157
67167;288
67168;137
67169;170
67170;189
67171;20
67172;86
67173;260
67174;157
67175;170
67176;62
67177;194
67178;228
67179;87
67180;260
67181;20
67182;238
67183;221
67184;20
67185;112
67186;248
67187;149
67188;58
67189;189
67190;192
67191;8
67192;149
67193;285
67194;71
67195;120
67196;157
67197;134
67198;235
67199;217
67200;231
67201;166
67202;228
67203;166
67204;267
67205;170
67206;213
67207;166
67208;214
67209;149
67210;245
67211;242
67212;192
67213;210
67214;189
67215;189
67216;294
67217;237
67218;242
67219;156
67220;280
67221;294
67222;284
67223;280
67224;170
67225;149
67226;261
67227;16
67228;149
67229;260
67230;71
67231;202
67232;149
67233;261
67234;149
67235;48
67236;157
67237;242
67238;212
67239;189
67240;83
67241;134
67242;228
67243;58
67244;252
67245;66
67246;83
67247;156
67248;86
67249;252
67250;260
67251;170
67252;156
67253;192
67254;102
67255;115
67256;260
67257;235
67258;20
67259;235
67260;210
67261;91
67262;177
67263;166
67264;260
67265;248
67266;235
67267;156
67268;166
67269;260
67270;20
67271;189
67272;59
67273;170
67274;156
67275;38
67276;189
67277;149
67278;294
67279;245
67280;242
67281;102
67282;1
67283;156
67284;228
67285;166
67286;237
67287;134
67288;209
67289;260
67290;149
67291;83
67292;137
67293;280
67294;149
67295;134
67296;134
67297;228
67298;40
67299;189
67300;112
67301;217
67302;202
67303;133
67304;208
67305;86
67306;260
67307;210
67308;278
67309;102
67310;66
67311;208
67312;71
67313;60
67314;149
67315;243
67316;71
67317;14
67318;228
67319;189
67320;48
67321;-1
67322;260
67323;116
67324;228
67325;208
67326;235
67327;189
67328;202
67329;231
67330;149
67331;189
67332;213
67333;149
67334;115
67335;170
67336;228
67337;208
67338;133
67339;235
67340;189
67341;114
67342;261
67343;252
67344;71
67345;221
67346;76
67347;71
67348;149
67349;237
67350;20
67351;34
67352;166
67353;134
67354;243
67355;260
67356;261
67357;149
67358;137
67359;129
67360;210
67361;189
67362;210
67363;115
67364;166
67365;189
67366;189
67367;245
67368;245
67369;71
67370;102
67371;260
67372;261
67373;189
67374;176
67375;284
67376;166
67377;235
67378;226
67379;76
67380;34
67381;166
67382;224
67383;252
67384;134
67385;133
67386;213
67387;279
67388;189
67389;260
67390;217
67391;60
67392;86
67393;189
67394;-1
67395;114
67396;210
67397;278
67398;260
67399;189
67400;182
67401;1
67402;260
67403;170
67404;265
67405;149
67406;170
67407;112
67408;228
67409;294
67410;226
67411;102
67412;260
67413;149
67414;235
67415;294
67416;213
67417;202
67418;149
67419;217
67420;280
67421;189
67422;198
67423;228
67424;237
67425;261
67426;149
67427;226
67428;71
67429;202
67430;18
67431;166
67432;214
67433;91
67434;213
67435;156
67436;191
67437;202
67438;189
67439;202
67440;48
67441;166
67442;149
67443;189
67444;40
67445;115
67446;137
67447;192
67448;248
67449;114
67450;192
67451;137
67452;189
67453;134
67454;60
67455;48
67456;156
67457;44
67458;53
67459;71
67460;189
67461;79
67462;201
67463;170
67464;236
67465;248
67466;266
67467;228
67468;170
67469;242
67470;166
67471;83
67472;260
67473;235
67474;248
67475;231
67476;40
67477;260
67478;146
67479;189
67480;134
67481;1
67482;133
67483;137
67484;59
67485;145
67486;145
67487;217
67488;166
67489;235
67490;76
67491;71
67492;24
67493;149
67494;293
67495;166
67496;294
67497;235
67498;228
67499;235
67500;192
67501;83
67502;14
67503;294
67504;189
67505;170
67506;170
67507;112
67508;79
67509;189
67510;48
67511;133
67512;189
67513;48
67514;189
67515;16
67516;248
67517;228
67518;10
67519;166
67520;200
67521;24
67522;83
67523;86
67524;231
67525;20
67526;249
67527;20
67528;156
67529;170
67530;86
67531;102
67532;210
67533;170
67534;213
67535;20
67536;83
67537;34
67538;86
67539;235
67540;189
67541;149
67542;60
67543;228
67544;278
67545;170
67546;260
67547;260
67548;48
67549;189
67550;48
67551;189
67552;137
67553;170
67554;189
67555;114
67556;256
67557;260
67558;71
67559;149
67560;235
67561;120
67562;243
67563;245
67564;80
67565;228
67566;87
67567;170
67568;86
67569;260
67570;149
67571;228
67572;149
67573;260
67574;245
67575;256
67576;134
67577;189
67578;91
67579;210
67580;83
67581;48
67582;217
67583;252
67584;202
67585;59
67586;159
67587;149
67588;18
67589;170
67590;235
67591;272
67592;228
67593;201
67594;166
67595;48
67596;208
67597;83
67598;294
67599;189
67600;202
67601;166
67602;260
67603;208
67604;245
67605;84
67606;235
67607;192
67608;83
67609;37
67610;91
67611;134
67612;170
67613;248
67614;200
67615;285
67616;170
67617;249
67618;76
67619;245
67620;149
67621;146
67622;91
67623;189
67624;202
67625;194
67626;234
67627;71
67628;20
67629;11
67630;189
67631;228
67632;200
67633;261
67634;278
67635;235
67636;177
67637;114
67638;166
67639;252
67640;278
67641;170
67642;202
67643;261
67644;10
67645;183
67646;48
67647;20
67648;217
67649;189
67650;210
67651;62
67652;102
67653;260
67654;288
67655;170
67656;149
67657;156
67658;83
67659;228
67660;228
67661;103
67662;66
67663;112
67664;128
67665;137
67666;228
67667;183
67668;87
67669;112
67670;243
67671;260
67672;254
67673;189
67674;228
67675;149
67676;245
67677;260
67678;245
67679;260
67680;38
67681;1
67682;170
67683;252
67684;228
67685;235
67686;245
67687;221
67688;112
67689;285
67690;260
67691;189
67692;44
67693;83
67694;189
67695;71
67696;278
67697;284
67698;156
67699;20
67700;103
67701;140
67702;149
67703;149
67704;189
67705;145
67706;14
67707;228
67708;149
67709;228
67710;220
67711;20
67712;71
67713;134
67714;280
67715;183
67716;210
67717;170
67718;247
67719;149
67720;48
67721;149
67722;261
67723;242
67724;34
67725;160
67726;202
67727;278
67728;166
67729;245
67730;228
67731;166
67732;48
67733;235
67734;145
67735;235
67736;260
67737;235
67738;228
67739;164
67740;260
67741;182
67742;87
67743;243
67744;166
67745;224
67746;248
67747;294
67748;-1
67749;228
67750;228
67751;260
67752;166
67753;71
67754;189
67755;202
67756;170
67757;254
67758;71
67759;166
67760;260
67761;243
67762;189
67763;189
67764;83
67765;198
67766;260
67767;170
67768;71
67769;14
67770;91
67771;112
67772;83
67773;288
67774;294
67775;238
67776;149
67777;235
67778;242
67779;137
67780;170
67781;250
67782;112
67783;124
67784;242
67785;202
67786;248
67787;202
67788;166
67789;149
67790;245
67791;170
67792;189
67793;34
67794;198
67795;294
67796;189
67797;133
67798;137
67799;210
67800;235
67801;189
67802;254
67803;235
67804;170
67805;228
67806;170
67807;102
67808;231
67809;166
67810;108
67811;58
67812;128
67813;114
67814;44
67815;272
67816;228
67817;7
67818;170
67819;170
67820;280
67821;170
67822;277
67823;294
67824;134
67825;149
67826;285
67827;231
67828;210
67829;260
67830;202
67831;189
67832;71
67833;20
67834;170
67835;137
67836;157
67837;92
67838;14
67839;71
67840;129
67841;248
67842;83
67843;59
67844;7
67845;228
67846;224
67847;66
67848;83
67849;157
67850;285
67851;53
67852;189
67853;238
67854;44
67855;237
67856;228
67857;86
67858;156
67859;217
67860;235
67861;224
67862;221
67863;235
67864;202
67865;202
67866;285
67867;208
67868;1
67869;217
67870;20
67871;87
67872;243
67873;60
67874;228
67875;189
67876;149
67877;189
67878;120
67879;166
67880;133
67881;71
67882;71
67883;149
67884;44
67885;260
67886;22
67887;200
67888;166
67889;60
67890;145
67891;20
67892;114
67893;87
67894;149
67895;86
67896;210
67897;228
67898;166
67899;60
67900;166
67901;115
67902;202
67903;189
67904;134
67905;24
67906;148
67907;235
67908;149
67909;243
67910;189
67911;137
67912;66
67913;189
67914;20
67915;235
67916;170
67917;128
67918;218
67919;170
67920;102
67921;248
67922;280
67923;242
67924;170
67925;137
67926;280
67927;242
67928;149
67929;221
67930;228
67931;166
67932;134
67933;105
67934;189
67935;189
67936;160
67937;166
67938;284
67939;170
67940;213
67941;83
67942;170
67943;145
67944;224
67945;148
67946;8
67947;228
67948;10
67949;252
67950;112
67951;46
67952;18
67953;44
67954;102
67955;140
67956;189
67957;235
67958;248
67959;245
67960;242
67961;294
67962;83
67963;20
67964;44
67965;137
67966;20
67967;210
67968;189
67969;97
67970;1
67971;202
67972;242
67973;102
67974;243
67975;149
67976;294
67977;170
67978;201
67979;20
67980;71
67981;192
67982;235
67983;149
67984;102
67985;280
67986;189
67987;166
67988;156
67989;221
67990;183
67991;210
67992;189
67993;134
67994;208
67995;170
67996;14
67997;166
67998;228
67999;210
68000;170
68001;287
68002;1
68003;83
68004;266
68005;71
68006;252
68007;266
68008;108
68009;189
68010;20
68011;189
68012;156
68013;294
68014;231
68015;166
68016;128
68017;284
68018;189
68019;166
68020;83
68021;294
68022;134
68023;170
68024;160
68025;294
68026;76
68027;34
68028;228
68029;76
68030;149
68031;213
68032;285
68033;202
68034;166
68035;34
68036;166
68037;60
68038;170
68039;60
68040;189
68041;210
68042;260
68043;228
68044;156
68045;166
68046;170
68047;146
68048;-1
68049;20
68050;294
68051;250
68052;20
68053;126
68054;146
68055;48
68056;200
68057;189
68058;71
68059;261
68060;243
68061;-1
68062;137
68063;284
68064;189
68065;277
68066;189
68067;248
68068;166
68069;242
68070;210
68071;189
68072;149
68073;71
68074;40
68075;1
68076;228
68077;245
68078;83
68079;189
68080;210
68081;79
68082;200
68083;11
68084;248
68085;59
68086;16
68087;145
68088;108
68089;260
68090;260
68091;213
68092;134
68093;228
68094;166
68095;228
68096;228
68097;224
68098;83
68099;217
68100;58
68101;243
68102;1
68103;79
68104;282
68105;145
68106;228
68107;66
68108;285
68109;217
68110;221
68111;236
68112;83
68113;260
68114;235
68115;228
68116;221
68117;166
68118;86
68119;134
68120;228
68121;228
68122;156
68123;71
68124;189
68125;248
68126;126
68127;199
68128;79
68129;1
68130;156
68131;59
68132;14
68133;96
68134;166
68135;252
68136;170
68137;294
68138;210
68139;76
68140;59
68141;170
68142;235
68143;96
68144;260
68145;166
68146;98
68147;189
68148;140
68149;134
68150;294
68151;166
68152;228
68153;83
68154;166
68155;260
68156;86
68157;44
68158;149
68159;213
68160;116
68161;48
68162;220
68163;218
68164;46
68165;166
68166;38
68167;238
68168;83
68169;146
68170;235
68171;202
68172;134
68173;133
68174;156
68175;248
68176;285
68177;71
68178;183
68179;248
68180;272
68181;228
68182;189
68183;294
68184;60
68185;214
68186;139
68187;166
68188;217
68189;214
68190;278
68191;265
68192;183
68193;44
68194;137
68195;189
68196;189
68197;228
68198;44
68199;254
68200;176
68201;83
68202;149
68203;134
68204;228
68205;44
68206;280
68207;1
68208;60
68209;16
68210;235
68211;245
68212;200
68213;149
68214;149
68215;166
68216;48
68217;245
68218;91
68219;53
68220;228
68221;59
68222;87
68223;83
68224;210
68225;156
68226;220
68227;221
68228;272
68229;11
68230;210
68231;126
68232;134
68233;60
68234;137
68235;189
68236;217
68237;238
68238;235
68239;166
68240;81
68241;228
68242;243
68243;189
68244;59
68245;245
68246;170
68247;108
68248;86
68249;294
68250;149
68251;96
68252;1
68253;202
68254;220
68255;248
68256;149
68257;114
68258;228
68259;226
68260;235
68261;214
68262;137
68263;170
68264;115
68265;272
68266;212
68267;149
68268;280
68269;120
68270;189
68271;48
68272;202
68273;166
68274;221
68275;80
68276;108
68277;156
68278;278
68279;71
68280;235
68281;221
68282;14
68283;149
68284;149
68285;277
68286;112
68287;66
68288;248
68289;71
68290;80
68291;81
68292;235
68293;83
68294;228
68295;245
68296;254
68297;202
68298;134
68299;59
68300;228
68301;170
68302;146
68303;252
68304;202
68305;160
68306;145
68307;83
68308;169
68309;166
68310;149
68311;83
68312;140
68313;148
68314;192
68315;210
68316;157
68317;189
68318;146
68319;228
68320;134
68321;20
68322;166
68323;201
68324;166
68325;137
68326;278
68327;102
68328;221
68329;14
68330;228
68331;243
68332;202
68333;210
68334;294
68335;220
68336;260
68337;103
68338;214
68339;243
68340;189
68341;115
68342;189
68343;252
68344;248
68345;217
68346;261
68347;149
68348;14
68349;252
68350;137
68351;189
68352;14
68353;140
68354;170
68355;48
68356;285
68357;103
68358;228
68359;228
68360;134
68361;149
68362;46
68363;235
68364;86
68365;86
68366;60
68367;189
68368;189
68369;166
68370;252
68371;280
68372;228
68373;202
68374;285
68375;156
68376;170
68377;156
68378;133
68379;189
68380;202
68381;260
68382;34
68383;189
68384;91
68385;10
68386;226
68387;140
68388;24
68389;260
68390;191
68391;284
68392;66
68393;280
68394;237
68395;60
68396;210
68397;245
68398;242
68399;217
68400;208
68401;214
68402;252
68403;254
68404;235
68405;213
68406;129
68407;156
68408;217
68409;146
68410;189
68411;116
68412;159
68413;137
68414;20
68415;102
68416;200
68417;189
68418;20
68419;149
68420;114
68421;166
68422;189
68423;243
68424;260
68425;71
68426;149
68427;34
68428;228
68429;108
68430;149
68431;192
68432;137
68433;156
68434;59
68435;228
68436;44
68437;189
68438;189
68439;260
68440;38
68441;71
68442;228
68443;228
68444;200
68445;242
68446;248
68447;166
68448;83
68449;265
68450;260
68451;140
68452;288
68453;71
68454;20
68455;228
68456;235
68457;133
68458;137
68459;278
68460;38
68461;170
68462;83
68463;102
68464;228
68465;133
68466;235
68467;272
68468;24
68469;189
68470;83
68471;217
68472;14
68473;260
68474;260
68475;34
68476;166
68477;228
68478;189
68479;156
68480;218
68481;189
68482;170
68483;11
68484;243
68485;277
68486;24
68487;280
68488;285
68489;59
68490;249
68491;149
68492;226
68493;20
68494;20
68495;71
68496;149
68497;210
68498;210
68499;210
68500;284
68501;129
68502;134
68503;285
68504;260
68505;260
68506;189
68507;189
68508;166
68509;231
68510;200
68511;278
68512;44
68513;260
68514;7
68515;192
68516;210
68517;20
68518;228
68519;189
68520;189
68521;248
68522;224
68523;83
68524;149
68525;7
68526;260
68527;189
68528;189
68529;228
68530;1
68531;189
68532;80
68533;226
68534;212
68535;66
68536;294
68537;260
68538;189
68539;220
68540;149
68541;260
68542;245
68543;83
68544;91
68545;71
68546;280
68547;170
68548;189
68549;248
68550;114
68551;166
68552;159
68553;60
68554;260
68555;228
68556;76
68557;166
68558;265
68559;286
68560;34
68561;280
68562;166
68563;134
68564;38
68565;208
68566;278
68567;252
68568;156
68569;48
68570;202
68571;189
68572;34
68573;166
68574;170
68575;260
68576;228
68577;245
68578;149
68579;214
68580;40
68581;235
68582;294
68583;248
68584;265
68585;243
68586;166
68587;192
68588;59
68589;126
68590;226
68591;133
68592;60
68593;189
68594;170
68595;156
68596;38
68597;96
68598;235
68599;235
68600;261
68601;22
68602;260
68603;71
68604;260
68605;48
68606;284
68607;166
68608;137
68609;71
68610;228
68611;156
68612;156
68613;228
68614;24
68615;66
68616;170
68617;272
68618;285
68619;201
68620;114
68621;228
68622;166
68623;166
68624;112
68625;254
68626;220
68627;134
68628;210
68629;149
68630;149
68631;146
68632;86
68633;83
68634;260
68635;202
68636;245
68637;260
68638;83
68639;160
68640;126
68641;228
68642;149
68643;112
68644;201
68645;189
68646;189
68647;210
68648;242
68649;71
68650;156
68651;1
68652;48
68653;71
68654;134
68655;228
68656;156
68657;149
68658;214
68659;201
68660;228
68661;60
68662;86
68663;14
68664;108
68665;156
68666;256
68667;228
68668;217
68669;87
68670;189
68671;228
68672;183
68673;103
68674;166
68675;252
68676;170
68677;149
68678;210
68679;149
68680;235
68681;272
68682;177
68683;34
68684;245
68685;149
68686;220
68687;134
68688;91
68689;243
68690;252
68691;210
68692;245
68693;237
68694;245
68695;166
68696;145
68697;71
68698;166
68699;245
68700;166
68701;224
68702;189
68703;260
68704;294
68705;60
68706;248
68707;202
68708;189
68709;170
68710;166
68711;66
68712;102
68713;243
68714;260
68715;60
68716;71
68717;83
68718;21
68719;91
68720;228
68721;189
68722;242
68723;272
68724;166
68725;243
68726;189
68727;83
68728;170
68729;238
68730;86
68731;169
68732;260
68733;80
68734;166
68735;38
68736;166
68737;116
68738;16
68739;48
68740;166
68741;228
68742;200
68743;189
68744;149
68745;20
68746;14
68747;192
68748;133
68749;149
68750;79
68751;137
68752;284
68753;189
68754;245
68755;166
68756;242
68757;189
68758;157
68759;228
68760;170
68761;189
68762;228
68763;170
68764;260
68765;170
68766;51
68767;252
68768;71
68769;208
68770;31
68771;87
68772;248
68773;189
68774;83
68775;59
68776;76
68777;149
68778;170
68779;96
68780;285
68781;96
68782;210
68783;44
68784;260
68785;16
68786;228
68787;221
68788;48
68789;166
68790;260
68791;166
68792;279
68793;134
68794;60
68795;7
68796;21
68797;189
68798;37
68799;247
68800;228
68801;226
68802;149
68803;228
68804;260
68805;189
68806;285
68807;260
68808;260
68809;266
68810;228
68811;200
68812;115
68813;292
68814;137
68815;148
68816;48
68817;214
68818;284
68819;44
68820;62
68821;220
68822;189
68823;189
68824;170
68825;189
68826;277
68827;156
68828;212
68829;115
68830;280
68831;166
68832;166
68833;260
68834;260
68835;86
68836;160
68837;294
68838;228
68839;189
68840;242
68841;189
68842;237
68843;189
68844;134
68845;156
68846;170
68847;224
68848;149
68849;228
68850;198
68851;170
68852;221
68853;198
68854;46
68855;71
68856;248
68857;134
68858;242
68859;102
68860;228
68861;189
68862;192
68863;294
68864;44
68865;20
68866;11
68867;115
68868;55
68869;189
68870;228
68871;170
68872;217
68873;248
68874;285
68875;256
68876;137
68877;294
68878;156
68879;228
68880;248
68881;220
68882;213
68883;66
68884;34
68885;182
68886;71
68887;235
68888;243
68889;221
68890;102
68891;157
68892;242
68893;210
68894;200
68895;149
68896;83
68897;245
68898;133
68899;189
68900;146
68901;228
68902;170
68903;242
68904;149
68905;252
68906;284
68907;170
68908;266
68909;182
68910;103
68911;280
68912;242
68913;189
68914;235
68915;235
68916;86
68917;231
68918;18
68919;280
68920;210
68921;134
68922;159
68923;260
68924;166
68925;66
68926;228
68927;76
68928;189
68929;245
68930;46
68931;83
68932;115
68933;166
68934;235
68935;60
68936;189
68937;228
68938;166
68939;235
68940;48
68941;237
68942;48
68943;189
68944;250
68945;1
68946;213
68947;170
68948;288
68949;83
68950;250
68951;145
68952;189
68953;170
68954;235
68955;248
68956;24
68957;170
68958;126
68959;189
68960;170
68961;199
68962;235
68963;40
68964;55
68965;260
68966;228
68967;20
68968;103
68969;81
68970;294
68971;260
68972;248
68973;228
68974;189
68975;86
68976;48
68977;189
68978;166
68979;213
68980;166
68981;192
68982;213
68983;38
68984;170
68985;102
68986;252
68987;166
68988;166
68989;228
68990;224
68991;220
68992;235
68993;170
68994;182
68995;272
68996;260
68997;235
68998;146
68999;71
69000;53
69001;228
69002;221
69003;149
69004;149
69005;245
69006;156
69007;149
69008;228
69009;166
69010;189
69011;83
69012;189
69013;228
69014;102
69015;86
69016;20
69017;53
69018;252
69019;71
69020;120
69021;166
69022;48
69023;221
69024;250
69025;252
69026;214
69027;170
69028;170
69029;224
69030;156
69031;189
69032;242
69033;294
69034;170
69035;228
69036;210
69037;218
69038;213
69039;166
69040;-1
69041;189
69042;189
69043;208
69044;71
69045;166
69046;294
69047;285
69048;235
69049;166
69050;149
69051;37
69052;220
69053;86
69054;71
69055;228
69056;1
69057;228
69058;183
69059;160
69060;166
69061;112
69062;260
69063;183
69064;18
69065;108
69066;66
69067;234
69068;189
69069;260
69070;248
69071;189
69072;228
69073;170
69074;189
69075;156
69076;145
69077;183
69078;287
69079;235
69080;189
69081;166
69082;166
69083;149
69084;170
69085;252
69086;280
69087;252
69088;170
69089;170
69090;21
69091;170
69092;140
69093;245
69094;294
69095;34
69096;228
69097;261
69098;278
69099;18
69100;20
69101;149
69102;260
69103;272
69104;200
69105;235
69106;20
69107;245
69108;112
69109;208
69110;170
69111;228
69112;24
69113;166
69114;87
69115;245
69116;245
69117;166
69118;280
69119;105
69120;294
69121;108
69122;38
69123;166
69124;44
69125;260
69126;242
69127;235
69128;160
69129;231
69130;66
69131;177
69132;177
69133;170
69134;228
69135;149
69136;145
69137;228
69138;228
69139;189
69140;58
69141;189
69142;189
69143;166
69144;146
69145;44
69146;267
69147;166
69148;126
69149;71
69150;252
69151;79
69152;228
69153;208
69154;1
69155;228
69156;164
69157;164
69158;228
69159;170
69160;228
69161;245
69162;44
69163;284
69164;149
69165;280
69166;189
69167;166
69168;189
69169;177
69170;272
69171;235
69172;170
69173;145
69174;40
69175;245
69176;83
69177;260
69178;146
69179;166
69180;280
69181;260
69182;235
69183;170
69184;202
69185;170
69186;182
69187;126
69188;294
69189;228
69190;156
69191;62
69192;145
69193;20
69194;183
69195;55
69196;260
69197;189
69198;149
69199;112
69200;48
69201;66
69202;137
69203;272
69204;228
69205;71
69206;91
69207;126
69208;245
69209;166
69210;278
69211;16
69212;221
69213;212
69214;228
69215;170
69216;44
69217;170
69218;238
69219;170
69220;189
69221;202
69222;133
69223;170
69224;245
69225;140
69226;245
69227;170
69228;235
69229;170
69230;189
69231;177
69232;183
69233;83
69234;192
69235;128
69236;140
69237;210
69238;294
69239;170
69240;37
69241;214
69242;201
69243;228
69244;137
69245;160
69246;11
69247;210
69248;208
69249;294
69250;112
69251;221
69252;210
69253;71
69254;115
69255;243
69256;59
69257;189
69258;108
69259;294
69260;228
69261;189
69262;248
69263;169
69264;235
69265;198
69266;248
69267;200
69268;44
69269;14
69270;160
69271;166
69272;37
69273;157
69274;285
69275;137
69276;280
69277;261
69278;71
69279;228
69280;235
69281;260
69282;46
69283;242
69284;242
69285;156
69286;243
69287;102
69288;242
69289;166
69290;166
69291;83
69292;170
69293;228
69294;250
69295;210
69296;235
69297;202
69298;86
69299;280
69300;170
69301;71
69302;228
69303;149
69304;225
69305;202
69306;129
69307;189
69308;202
69309;170
69310;91
69311;294
69312;44
69313;34
69314;149
69315;137
69316;226
69317;243
69318;134
69319;201
69320;87
69321;189
69322;166
69323;137
69324;183
69325;248
69326;149
69327;83
69328;189
69329;115
69330;102
69331;285
69332;71
69333;129
69334;208
69335;217
69336;137
69337;192
69338;228
69339;245
69340;37
69341;209
69342;160
69343;272
69344;166
69345;71
69346;7
69347;81
69348;260
69349;210
69350;1
69351;146
69352;128
69353;228
69354;105
69355;79
69356;294
69357;210
69358;221
69359;294
69360;189
69361;166
69362;248
69363;166
69364;235
69365;149
69366;149
69367;60
69368;245
69369;218
69370;114
69371;260
69372;40
69373;20
69374;133
69375;213
69376;235
69377;272
69378;96
69379;235
69380;134
69381;37
69382;115
69383;192
69384;149
69385;18
69386;170
69387;189
69388;265
69389;248
69390;166
69391;245
69392;228
69393;245
69394;189
69395;260
69396;182
69397;170
69398;189
69399;11
69400;71
69401;231
69402;1
69403;149
69404;83
69405;243
69406;38
69407;221
69408;166
69409;228
69410;210
69411;210
69412;199
69413;166
69414;189
69415;126
69416;102
69417;71
69418;115
69419;44
69420;156
69421;248
69422;51
69423;189
69424;137
69425;128
69426;189
69427;189
69428;37
69429;212
69430;189
69431;149
69432;115
69433;134
69434;189
69435;245
69436;60
69437;156
69438;242
69439;1
69440;224
69441;157
69442;133
69443;285
69444;71
69445;231
69446;114
69447;115
69448;166
69449;228
69450;51
69451;285
69452;265
69453;285
69454;221
69455;265
69456;133
69457;210
69458;192
69459;260
69460;250
69461;228
69462;71
69463;189
69464;166
69465;200
69466;245
69467;156
69468;20
69469;202
69470;248
69471;266
69472;83
69473;166
69474;7
69475;40
69476;156
69477;156
69478;228
69479;272
69480;210
69481;137
69482;212
69483;260
69484;243
69485;114
69486;285
69487;59
69488;145
69489;210
69490;115
69491;149
69492;112
69493;48
69494;60
69495;166
69496;76
69497;189
69498;228
69499;182
69500;134
69501;83
69502;96
69503;8
69504;245
69505;134
69506;248
69507;192
69508;170
69509;166
69510;18
69511;260
69512;176
69513;145
69514;83
69515;191
69516;235
69517;156
69518;166
69519;170
69520;192
69521;170
69522;128
69523;285
69524;189
69525;228
69526;189
69527;134
69528;177
69529;213
69530;192
69531;235
69532;166
69533;177
69534;170
69535;250
69536;146
69537;34
69538;260
69539;126
69540;245
69541;83
69542;260
69543;83
69544;133
69545;20
69546;166
69547;228
69548;20
69549;116
69550;149
69551;166
69552;192
69553;112
69554;170
69555;170
69556;235
69557;156
69558;102
69559;157
69560;134
69561;286
69562;59
69563;228
69564;48
69565;160
69566;60
69567;189
69568;284
69569;60
69570;201
69571;288
69572;228
69573;134
69574;156
69575;189
69576;213
69577;237
69578;156
69579;280
69580;242
69581;83
69582;156
69583;166
69584;112
69585;157
69586;86
69587;177
69588;134
69589;133
69590;189
69591;213
69592;166
69593;103
69594;210
69595;134
69596;170
69597;189
69598;260
69599;224
69600;267
69601;176
69602;252
69603;145
69604;189
69605;245
69606;156
69607;170
69608;220
69609;24
69610;166
69611;83
69612;83
69613;87
69614;148
69615;156
69616;166
69617;228
69618;228
69619;87
69620;170
69621;1
69622;189
69623;149
69624;192
69625;20
69626;60
69627;83
69628;280
69629;21
69630;128
69631;20
69632;108
69633;260
69634;108
69635;260
69636;221
69637;116
69638;294
69639;166
69640;38
69641;156
69642;46
69643;145
69644;278
69645;98
69646;58
69647;146
69648;260
69649;183
69650;228
69651;134
69652;102
69653;48
69654;210
69655;71
69656;231
69657;254
69658;189
69659;20
69660;294
69661;284
69662;189
69663;277
69664;217
69665;71
69666;226
69667;260
69668;234
69669;44
69670;149
69671;98
69672;164
69673;20
69674;228
69675;149
69676;137
69677;245
69678;-1
69679;137
69680;278
69681;192
69682;248
69683;284
69684;149
69685;189
69686;34
69687;242
69688;286
69689;126
69690;71
69691;231
69692;134
69693;128
69694;166
69695;228
69696;265
69697;83
69698;285
69699;149
69700;148
69701;169
69702;248
69703;156
69704;149
69705;177
69706;221
69707;235
69708;228
69709;189
69710;217
69711;245
69712;242
69713;226
69714;260
69715;189
69716;124
69717;20
69718;83
69719;198
69720;71
69721;170
69722;60
69723;140
69724;189
69725;79
69726;198
69727;156
69728;191
69729;105
69730;156
69731;166
69732;145
69733;34
69734;189
69735;83
69736;200
69737;228
69738;48
69739;202
69740;20
69741;189
69742;1
69743;71
69744;176
69745;170
69746;133
69747;149
69748;237
69749;34
69750;210
69751;177
69752;235
69753;220
69754;170
69755;252
69756;102
69757;48
69758;18
69759;157
69760;245
69761;24
69762;133
69763;44
69764;261
69765;98
69766;236
69767;8
69768;235
69769;260
69770;157
69771;62
69772;149
69773;189
69774;213
69775;261
69776;235
69777;238
69778;116
69779;221
69780;242
69781;260
69782;235
69783;115
69784;192
69785;7
69786;228
69787;284
69788;260
69789;156
69790;235
69791;170
69792;260
69793;112
69794;189
69795;149
69796;71
69797;128
69798;198
69799;149
69800;228
69801;284
69802;189
69803;235
69804;20
69805;166
69806;189
69807;228
69808;235
69809;189
69810;71
69811;235
69812;134
69813;137
69814;166
69815;137
69816;189
69817;83
69818;210
69819;228
69820;228
69821;210
69822;134
69823;112
69824;242
69825;285
69826;202
69827;137
69828;166
69829;228
69830;134
69831;40
69832;44
69833;134
69834;170
69835;261
69836;202
69837;260
69838;285
69839;71
69840;189
69841;133
69842;149
69843;137
69844;44
69845;149
69846;294
69847;105
69848;157
69849;157
69850;287
69851;170
69852;114
69853;20
69854;1
69855;83
69856;58
69857;102
69858;189
69859;166
69860;83
69861;133
69862;252
69863;210
69864;210
69865;170
69866;44
69867;208
69868;182
69869;252
69870;260
69871;189
69872;86
69873;280
69874;213
69875;280
69876;189
69877;103
69878;71
69879;228
69880;60
69881;242
69882;237
69883;-1
69884;170
69885;166
69886;102
69887;149
69888;102
69889;149
69890;280
69891;235
69892;170
69893;189
69894;279
69895;202
69896;235
69897;242
69898;237
69899;189
69900;235
69901;189
69902;149
69903;40
69904;149
69905;252
69906;294
69907;280
69908;156
69909;248
69910;189
69911;170
69912;71
69913;170
69914;210
69915;134
69916;83
69917;242
69918;76
69919;48
69920;202
69921;235
69922;183
69923;40
69924;48
69925;145
69926;235
69927;34
69928;170
69929;103
69930;156
69931;228
69932;156
69933;245
69934;189
69935;149
69936;166
69937;1
69938;202
69939;280
69940;228
69941;210
69942;278
69943;189
69944;134
69945;137
69946;189
69947;248
69948;221
69949;189
69950;284
69951;71
69952;83
69953;83
69954;149
69955;34
69956;66
69957;133
69958;149
69959;189
69960;81
69961;20
69962;149
69963;221
69964;285
69965;234
69966;1
69967;182
69968;149
69969;170
69970;237
69971;280
69972;60
69973;71
69974;115
69975;192
69976;166
69977;260
69978;60
69979;71
69980;294
69981;260
69982;294
69983;252
69984;189
69985;59
69986;108
69987;48
69988;277
69989;166
69990;228
69991;34
69992;189
69993;71
69994;129
69995;221
69996;103
69997;248
69998;-1
69999;202
70000;66
70001;133
70002;210
70003;133
70004;189
70005;156
70006;86
70007;189
70008;280
70009;245
70010;182
70011;62
70012;248
70013;149
70014;201
70015;210
70016;24
70017;245
70018;170
70019;166
70020;170
70021;228
70022;272
70023;189
70024;24
70025;191
70026;260
70027;192
70028;228
70029;156
70030;183
70031;280
70032;279
70033;156
70034;140
70035;261
70036;44
70037;48
70038;260
70039;212
70040;234
70041;120
70042;280
70043;260
70044;226
70045;60
70046;221
70047;166
70048;285
70049;166
70050;14
70051;272
70052;44
70053;120
70054;86
70055;83
70056;149
70057;102
70058;189
70059;71
70060;103
70061;160
70062;228
70063;145
70064;108
70065;245
70066;202
70067;34
70068;149
70069;177
70070;112
70071;210
70072;284
70073;48
70074;48
70075;265
70076;79
70077;245
70078;149
70079;140
70080;166
70081;116
70082;20
70083;24
70084;166
70085;149
70086;108
70087;245
70088;83
70089;166
70090;260
70091;208
70092;149
70093;133
70094;288
70095;189
70096;209
70097;285
70098;71
70099;115
70100;189
70101;170
70102;189
70103;137
70104;166
70105;66
70106;248
70107;243
70108;243
70109;252
70110;284
70111;177
70112;38
70113;103
70114;210
70115;228
70116;260
70117;8
70118;284
70119;260
70120;201
70121;260
70122;71
70123;267
70124;208
70125;91
70126;156
70127;133
70128;189
70129;137
70130;294
70131;20
70132;189
70133;149
70134;189
70135;166
70136;44
70137;235
70138;228
70139;149
70140;177
70141;48
70142;83
70143;156
70144;192
70145;170
70146;83
70147;40
70148;170
70149;252
70150;278
70151;170
70152;228
70153;170
70154;189
70155;189
70156;228
70157;285
70158;149
70159;249
70160;189
70161;294
70162;228
70163;48
70164;170
70165;260
70166;170
70167;248
70168;66
70169;189
70170;245
70171;160
70172;1
70173;286
70174;242
70175;267
70176;248
70177;134
70178;166
70179;212
70180;112
70181;71
70182;116
70183;166
70184;87
70185;112
70186;189
70187;170
70188;59
70189;192
70190;156
70191;265
70192;260
70193;115
70194;87
70195;170
70196;235
70197;189
70198;14
70199;149
70200;217
70201;248
70202;114
70203;60
70204;44
70205;243
70206;189
70207;160
70208;235
70209;189
70210;137
70211;108
70212;102
70213;245
70214;38
70215;189
70216;170
70217;210
70218;71
70219;294
70220;112
70221;149
70222;166
70223;285
70224;294
70225;170
70226;149
70227;44
70228;156
70229;189
70230;278
70231;265
70232;120
70233;210
70234;59
70235;189
70236;71
70237;11
70238;183
70239;108
70240;134
70241;210
70242;166
70243;79
70244;189
70245;294
70246;183
70247;48
70248;83
70249;166
70250;128
70251;248
70252;248
70253;156
70254;235
70255;1
70256;183
70257;128
70258;59
70259;66
70260;102
70261;261
70262;60
70263;242
70264;208
70265;134
70266;260
70267;66
70268;71
70269;294
70270;44
70271;134
70272;166
70273;146
70274;170
70275;22
70276;134
70277;228
70278;112
70279;250
70280;46
70281;284
70282;91
70283;183
70284;134
70285;20
70286;-1
70287;228
70288;146
70289;220
70290;285
70291;38
70292;189
70293;192
70294;189
70295;133
70296;137
70297;156
70298;189
70299;294
70300;87
70301;250
70302;285
70303;149
70304;208
70305;149
70306;183
70307;71
70308;81
70309;87
70310;149
70311;40
70312;245
70313;20
70314;79
70315;14
70316;71
70317;210
70318;126
70319;235
70320;83
70321;112
70322;252
70323;124
70324;166
70325;105
70326;237
70327;170
70328;55
70329;149
70330;60
70331;91
70332;40
70333;242
70334;40
70335;202
70336;112
70337;242
70338;245
70339;237
70340;252
70341;48
70342;166
70343;156
70344;114
70345;96
70346;235
70347;34
70348;170
70349;149
70350;115
70351;228
70352;189
70353;60
70354;170
70355;210
70356;170
70357;189
70358;285
70359;71
70360;189
70361;189
70362;189
70363;265
70364;145
70365;235
70366;166
70367;137
70368;149
70369;237
70370;260
70371;248
70372;166
70373;159
70374;156
70375;182
70376;71
70377;146
70378;182
70379;156
70380;235
70381;149
70382;59
70383;210
70384;48
70385;231
70386;83
70387;149
70388;243
70389;48
70390;221
70391;238
70392;189
70393;235
70394;285
70395;228
70396;250
70397;210
70398;260
70399;243
70400;44
70401;189
70402;210
70403;189
70404;228
70405;280
70406;71
70407;48
70408;170
70409;83
70410;166
70411;83
70412;189
70413;260
70414;58
70415;149
70416;157
70417;170
70418;189
70419;115
70420;134
70421;170
70422;40
70423;189
70424;261
70425;16
70426;149
70427;213
70428;137
70429;235
70430;260
70431;252
70432;210
70433;24
70434;210
70435;237
70436;170
70437;236
70438;59
70439;-1
70440;242
70441;83
70442;189
70443;166
70444;58
70445;189
70446;228
70447;145
70448;149
70449;260
70450;170
70451;20
70452;148
70453;60
70454;134
70455;245
70456;166
70457;83
70458;231
70459;252
70460;16
70461;71
70462;200
70463;71
70464;166
70465;228
70466;245
70467;156
70468;248
70469;156
70470;189
70471;22
70472;126
70473;86
70474;210
70475;210
70476;48
70477;200
70478;252
70479;166
70480;76
70481;189
70482;280
70483;71
70484;59
70485;182
70486;192
70487;134
70488;160
70489;228
70490;60
70491;156
70492;202
70493;260
70494;189
70495;226
70496;237
70497;83
70498;170
70499;149
70500;176
70501;83
70502;189
70503;83
70504;280
70505;146
70506;48
70507;20
70508;170
70509;149
70510;266
70511;294
70512;166
70513;202
70514;97
70515;228
70516;166
70517;60
70518;146
70519;189
70520;228
70521;170
70522;248
70523;170
70524;210
70525;76
70526;166
70527;66
70528;157
70529;20
70530;66
70531;71
70532;20
70533;245
70534;237
70535;231
70536;156
70537;166
70538;149
70539;192
70540;294
70541;189
70542;294
70543;60
70544;160
70545;245
70546;280
70547;189
70548;189
70549;235
70550;133
70551;272
70552;294
70553;166
70554;134
70555;26
70556;160
70557;284
70558;166
70559;213
70560;248
70561;83
70562;170
70563;192
70564;280
70565;20
70566;156
70567;20
70568;133
70569;166
70570;133
70571;221
70572;134
70573;285
70574;128
70575;114
70576;97
70577;235
70578;166
70579;170
70580;189
70581;210
70582;192
70583;189
70584;248
70585;24
70586;166
70587;200
70588;48
70589;83
70590;83
70591;87
70592;189
70593;38
70594;86
70595;202
70596;231
70597;189
70598;245
70599;103
70600;189
70601;112
70602;260
70603;116
70604;228
70605;128
70606;278
70607;235
70608;260
70609;228
70610;228
70611;108
70612;245
70613;294
70614;221
70615;116
70616;58
70617;243
70618;66
70619;-1
70620;134
70621;134
70622;280
70623;189
70624;156
70625;20
70626;146
70627;134
70628;71
70629;189
70630;71
70631;170
70632;51
70633;217
70634;44
70635;149
70636;277
70637;166
70638;189
70639;71
70640;235
70641;260
70642;189
70643;248
70644;149
70645;83
70646;202
70647;44
70648;166
70649;18
70650;260
70651;235
70652;260
70653;14
70654;200
70655;149
70656;156
70657;44
70658;189
70659;245
70660;235
70661;210
70662;170
70663;134
70664;284
70665;284
70666;221
70667;189
70668;145
70669;170
70670;112
70671;48
70672;220
70673;129
70674;149
70675;248
70676;128
70677;133
70678;134
70679;149
70680;235
70681;115
70682;166
70683;228
70684;228
70685;210
70686;170
70687;166
70688;34
70689;10
70690;201
70691;1
70692;166
70693;177
70694;104
70695;134
70696;120
70697;285
70698;86
70699;243
70700;245
70701;160
70702;217
70703;71
70704;248
70705;192
70706;176
70707;189
70708;243
70709;248
70710;53
70711;189
70712;177
70713;71
70714;79
70715;166
70716;48
70717;260
70718;105
70719;156
70720;139
70721;60
70722;87
70723;48
70724;189
70725;183
70726;156
70727;1
70728;146
70729;176
70730;228
70731;228
70732;170
70733;83
70734;149
70735;189
70736;18
70737;245
70738;124
70739;200
70740;228
70741;261
70742;189
70743;213
70744;220
70745;71
70746;242
70747;238
70748;83
70749;166
70750;237
70751;202
70752;235
70753;51
70754;272
70755;76
70756;156
70757;235
70758;248
70759;108
70760;248
70761;228
70762;114
70763;189
70764;189
70765;294
70766;189
70767;248
70768;146
70769;146
70770;210
70771;137
70772;134
70773;71
70774;234
70775;137
70776;83
70777;183
70778;160
70779;228
70780;210
70781;166
70782;254
70783;248
70784;134
70785;40
70786;44
70787;112
70788;278
70789;243
70790;189
70791;208
70792;149
70793;192
70794;149
70795;235
70796;277
70797;254
70798;149
70799;20
70800;210
70801;134
70802;53
70803;83
70804;58
70805;145
70806;282
70807;166
70808;166
70809;1
70810;177
70811;84
70812;156
70813;170
70814;115
70815;228
70816;294
70817;20
70818;189
70819;134
70820;228
70821;228
70822;91
70823;280
70824;221
70825;287
70826;149
70827;226
70828;146
70829;156
70830;157
70831;237
70832;210
70833;81
70834;83
70835;228
70836;243
70837;102
70838;149
70839;10
70840;149
70841;208
70842;235
70843;189
70844;166
70845;260
70846;170
70847;294
70848;140
70849;189
70850;189
70851;235
70852;148
70853;40
70854;149
70855;278
70856;60
70857;285
70858;166
70859;280
70860;170
70861;294
70862;112
70863;145
70864;252
70865;71
70866;260
70867;285
70868;235
70869;20
70870;220
70871;105
70872;214
70873;243
70874;218
70875;235
70876;156
70877;60
70878;133
70879;58
70880;48
70881;149
70882;166
70883;71
70884;280
70885;228
70886;189
70887;252
70888;235
70889;256
70890;170
70891;228
70892;83
70893;248
70894;134
70895;242
70896;287
70897;60
70898;210
70899;83
70900;228
70901;245
70902;166
70903;105
70904;134
70905;146
70906;294
70907;169
70908;189
70909;248
70910;166
70911;263
70912;226
70913;192
70914;221
70915;284
70916;149
70917;149
70918;261
70919;284
70920;149
70921;189
70922;20
70923;166
70924;228
70925;81
70926;133
70927;20
70928;134
70929;149
70930;201
70931;170
70932;149
70933;146
70934;102
70935;208
70936;102
70937;189
70938;189
70939;210
70940;243
70941;280
70942;245
70943;20
70944;34
70945;294
70946;146
70947;60
70948;261
70949;149
70950;14
70951;252
70952;210
70953;294
70954;159
70955;92
70956;228
70957;48
70958;243
70959;235
70960;60
70961;228
70962;182
70963;189
70964;36
70965;260
70966;189
70967;166
70968;248
70969;20
70970;176
70971;156
70972;245
70973;170
70974;134
70975;224
70976;260
70977;97
70978;221
70979;71
70980;149
70981;213
70982;48
70983;235
70984;134
70985;170
70986;243
70987;24
70988;280
70989;170
70990;248
70991;217
70992;149
70993;156
70994;156
70995;209
70996;44
70997;235
70998;170
70999;261
71000;263
71001;66
71002;83
71003;285
71004;254
71005;166
71006;285
71007;235
71008;60
71009;44
71010;36
71011;86
71012;112
71013;134
71014;243
71015;279
71016;62
71017;18
71018;189
71019;149
71020;170
71021;62
71022;243
71023;280
71024;128
71025;189
71026;71
71027;228
71028;228
71029;71
71030;20
71031;124
71032;166
71033;76
71034;202
71035;140
71036;166
71037;189
71038;248
71039;278
71040;235
71041;242
71042;134
71043;170
71044;71
71045;182
71046;20
71047;149
71048;202
71049;146
71050;71
71051;176
71052;115
71053;170
71054;237
71055;149
71056;252
71057;284
71058;245
71059;208
71060;38
71061;112
71062;71
71063;37
71064;266
71065;228
71066;228
71067;260
71068;16
71069;226
71070;189
71071;103
71072;34
71073;137
71074;220
71075;146
71076;228
71077;83
71078;133
71079;71
71080;60
71081;24
71082;260
71083;71
71084;294
71085;294
71086;170
71087;170
71088;248
71089;137
71090;103
71091;48
71092;34
71093;134
71094;149
71095;44
71096;245
71097;76
71098;60
71099;170
71100;38
71101;170
71102;48
71103;71
71104;134
71105;149
71106;260
71107;149
71108;11
71109;120
71110;260
71111;260
71112;166
71113;170
71114;189
71115;83
71116;279
71117;189
71118;48
71119;58
71120;189
71121;260
71122;108
71123;189
71124;58
71125;228
71126;14
71127;192
71128;214
71129;156
71130;66
71131;248
71132;228
71133;260
71134;260
71135;38
71136;210
71137;189
71138;189
71139;189
71140;294
71141;166
71142;166
71143;245
71144;228
71145;176
71146;200
71147;48
71148;14
71149;189
71150;83
71151;112
71152;87
71153;71
71154;235
71155;20
71156;60
71157;260
71158;48
71159;87
71160;14
71161;102
71162;116
71163;20
71164;189
71165;235
71166;260
71167;213
71168;260
71169;235
71170;210
71171;146
71172;224
71173;71
71174;83
71175;243
71176;170
71177;157
71178;120
71179;83
71180;252
71181;48
71182;228
71183;260
71184;134
71185;250
71186;83
71187;210
71188;260
71189;87
71190;170
71191;260
71192;115
71193;87
71194;48
71195;294
71196;202
71197;243
71198;210
71199;214
71200;189
71201;224
71202;294
71203;235
71204;83
71205;226
71206;235
71207;166
71208;245
71209;166
71210;48
71211;14
71212;183
71213;228
71214;260
71215;242
71216;189
71217;16
71218;66
71219;134
71220;285
71221;189
71222;189
71223;192
71224;149
71225;237
71226;228
71227;192
71228;189
71229;170
71230;1
71231;134
71232;149
71233;1
71234;260
71235;189
71236;71
71237;254
71238;34
71239;200
71240;247
71241;245
71242;265
71243;210
71244;112
71245;146
71246;260
71247;134
71248;284
71249;228
71250;243
71251;280
71252;83
71253;166
71254;285
71255;87
71256;198
71257;189
71258;228
71259;38
71260;189
71261;248
71262;58
71263;71
71264;245
71265;156
71266;166
71267;202
71268;87
71269;248
71270;200
71271;189
71272;149
71273;149
71274;284
71275;48
71276;71
71277;224
71278;210
71279;201
71280;40
71281;102
71282;192
71283;170
71284;192
71285;86
71286;10
71287;149
71288;60
71289;192
71290;157
71291;166
71292;102
71293;112
71294;200
71295;237
71296;55
71297;189
71298;177
71299;228
71300;149
71301;189
71302;133
71303;105
71304;83
71305;294
71306;218
71307;248
71308;40
71309;235
71310;40
71311;129
71312;237
71313;242
71314;126
71315;149
71316;137
71317;243
71318;170
71319;182
71320;248
71321;189
71322;166
71323;192
71324;149
71325;208
71326;189
71327;105
71328;91
71329;245
71330;170
71331;137
71332;189
71333;156
71334;149
71335;114
71336;235
71337;189
71338;166
71339;280
71340;210
71341;208
71342;245
71343;202
71344;237
71345;87
71346;280
71347;37
71348;242
71349;191
71350;260
71351;272
71352;260
71353;294
71354;224
71355;228
71356;44
71357;189
71358;21
71359;44
71360;189
71361;108
71362;86
71363;134
71364;220
71365;280
71366;66
71367;83
71368;83
71369;148
71370;44
71371;83
71372;192
71373;166
71374;166
71375;235
71376;149
71377;189
71378;157
71379;157
71380;228
71381;266
71382;83
71383;170
71384;170
71385;235
71386;170
71387;16
71388;51
71389;260
71390;236
71391;235
71392;-1
71393;210
71394;189
71395;189
71396;202
71397;176
71398;112
71399;189
71400;294
71401;235
71402;189
71403;243
71404;248
71405;83
71406;71
71407;108
71408;79
71409;170
71410;44
71411;166
71412;208
71413;166
71414;18
71415;86
71416;294
71417;228
71418;221
71419;210
71420;156
71421;266
71422;71
71423;208
71424;228
71425;247
71426;83
71427;166
71428;284
71429;208
71430;248
71431;248
71432;166
71433;201
71434;235
71435;170
71436;250
71437;202
71438;145
71439;242
71440;228
71441;228
71442;126
71443;228
71444;44
71445;48
71446;248
71447;83
71448;189
71449;103
71450;237
71451;294
71452;38
71453;202
71454;83
71455;202
71456;189
71457;235
71458;14
71459;235
71460;170
71461;177
71462;202
71463;148
71464;166
71465;166
71466;60
71467;235
71468;46
71469;177
71470;260
71471;248
71472;20
71473;228
71474;91
71475;156
71476;242
71477;-1
71478;189
71479;112
71480;44
71481;159
71482;198
71483;228
71484;228
71485;166
71486;228
71487;198
71488;83
71489;166
71490;293
71491;83
71492;242
71493;112
71494;254
71495;260
71496;145
71497;156
71498;140
71499;48
71500;221
71501;46
71502;189
71503;66
71504;228
71505;46
71506;115
71507;8
71508;166
71509;133
71510;83
71511;248
71512;91
71513;189
71514;66
71515;189
71516;149
71517;236
71518;166
71519;149
71520;243
71521;108
71522;83
71523;170
71524;157
71525;235
71526;260
71527;170
71528;261
71529;24
71530;170
71531;86
71532;224
71533;260
71534;115
71535;146
71536;208
71537;170
71538;252
71539;202
71540;160
71541;228
71542;201
71543;189
71544;189
71545;112
71546;170
71547;280
71548;260
71549;166
71550;228
71551;189
71552;235
71553;166
71554;20
71555;245
71556;228
71557;228
71558;278
71559;210
71560;157
71561;103
71562;189
71563;170
71564;18
71565;46
71566;160
71567;166
71568;7
71569;189
71570;284
71571;228
71572;220
71573;170
71574;148
71575;182
71576;248
71577;235
71578;248
71579;170
71580;245
71581;189
71582;149
71583;83
71584;20
71585;189
71586;248
71587;83
71588;231
71589;217
71590;260
71591;44
71592;156
71593;189
71594;145
71595;189
71596;245
71597;237
71598;189
71599;86
71600;24
71601;210
71602;235
71603;278
71604;166
71605;140
71606;62
71607;20
71608;214
71609;83
71610;245
71611;189
71612;170
71613;224
71614;221
71615;182
71616;87
71617;66
71618;126
71619;248
71620;266
71621;71
71622;177
71623;160
71624;210
71625;170
71626;18
71627;242
71628;210
71629;236
71630;71
71631;228
71632;104
71633;120
71634;228
71635;228
71636;87
71637;243
71638;91
71639;149
71640;60
71641;149
71642;183
71643;213
71644;134
71645;189
71646;228
71647;294
71648;18
71649;183
71650;248
71651;238
71652;189
71653;245
71654;87
71655;108
71656;83
71657;166
71658;20
71659;166
71660;285
71661;166
71662;294
71663;60
71664;170
71665;214
71666;280
71667;38
71668;224
71669;86
71670;228
71671;115
71672;137
71673;115
71674;226
71675;189
71676;48
71677;235
71678;148
71679;228
71680;11
71681;20
71682;261
71683;20
71684;210
71685;149
71686;177
71687;220
71688;189
71689;220
71690;189
71691;192
71692;83
71693;170
71694;228
71695;38
71696;126
71697;76
71698;235
71699;166
71700;160
71701;126
71702;242
71703;166
71704;105
71705;79
71706;243
71707;170
71708;189
71709;260
71710;243
71711;44
71712;112
71713;134
71714;112
71715;234
71716;189
71717;210
71718;287
71719;149
71720;260
71721;228
71722;18
71723;228
71724;58
71725;149
71726;7
71727;267
71728;231
71729;40
71730;7
71731;166
71732;157
71733;242
71734;200
71735;137
71736;245
71737;228
71738;170
71739;115
71740;250
71741;170
71742;115
71743;260
71744;133
71745;210
71746;83
71747;38
71748;228
71749;189
71750;166
71751;228
71752;103
71753;228
71754;189
71755;248
71756;20
71757;200
71758;20
71759;189
71760;213
71761;24
71762;115
71763;71
71764;170
71765;83
71766;116
71767;14
71768;25
71769;210
71770;134
71771;228
71772;66
71773;83
71774;83
71775;189
71776;228
71777;170
71778;235
71779;189
71780;166
71781;260
71782;266
71783;210
71784;261
71785;156
71786;183
71787;189
71788;202
71789;228
71790;228
71791;245
71792;133
71793;189
71794;194
71795;228
71796;231
71797;1
71798;60
71799;183
71800;235
71801;284
71802;189
71803;228
71804;166
71805;48
71806;210
71807;294
71808;134
71809;149
71810;156
71811;265
71812;201
71813;170
71814;98
71815;267
71816;134
71817;170
71818;248
71819;66
71820;228
71821;46
71822;170
71823;182
71824;112
71825;260
71826;235
71827;189
71828;177
71829;294
71830;199
71831;228
71832;217
71833;20
71834;288
71835;252
71836;189
71837;114
71838;170
71839;235
71840;71
71841;105
71842;134
71843;285
71844;210
71845;170
71846;55
71847;235
71848;166
71849;228
71850;166
71851;189
71852;200
71853;189
71854;235
71855;256
71856;228
71857;137
71858;105
71859;20
71860;202
71861;1
71862;248
71863;242
71864;228
71865;112
71866;228
71867;237
71868;228
71869;170
71870;156
71871;83
71872;228
71873;170
71874;58
71875;213
71876;149
71877;134
71878;248
71879;166
71880;169
71881;166
71882;202
71883;157
71884;156
71885;254
71886;81
71887;149
71888;86
71889;133
71890;189
71891;120
71892;208
71893;202
71894;170
71895;149
71896;102
71897;278
71898;228
71899;83
71900;20
71901;44
71902;189
71903;210
71904;149
71905;254
71906;189
71907;14
71908;183
71909;20
71910;189
71911;237
71912;149
71913;228
71914;116
71915;133
71916;116
71917;248
71918;166
71919;149
71920;160
71921;191
71922;210
71923;189
71924;279
71925;14
71926;134
71927;189
71928;44
71929;170
71930;183
71931;243
71932;166
71933;170
71934;208
71935;284
71936;189
71937;210
71938;170
71939;71
71940;228
71941;177
71942;16
71943;198
71944;221
71945;97
71946;266
71947;86
71948;71
71949;217
71950;228
71951;166
71952;112
71953;226
71954;242
71955;213
71956;44
71957;46
71958;280
71959;260
71960;235
71961;37
71962;228
71963;280
71964;48
71965;83
71966;137
71967;170
71968;228
71969;86
71970;198
71971;189
71972;149
71973;114
71974;71
71975;213
71976;112
71977;228
71978;208
71979;128
71980;285
71981;149
71982;62
71983;237
71984;208
71985;146
71986;128
71987;228
71988;34
71989;79
71990;166
71991;134
71992;235
71993;189
71994;235
71995;137
71996;245
71997;280
71998;294
71999;208
72000;156
72001;102
72002;189
72003;202
72004;14
72005;245
72006;-1
72007;280
72008;108
72009;245
72010;103
72011;210
72012;71
72013;157
72014;192
72015;170
72016;228
72017;252
72018;83
72019;166
72020;133
72021;210
72022;235
72023;96
72024;235
72025;37
72026;166
72027;166
72028;228
72029;14
72030;260
72031;260
72032;208
72033;189
72034;137
72035;146
72036;137
72037;228
72038;83
72039;44
72040;228
72041;156
72042;134
72043;170
72044;149
72045;267
72046;149
72047;285
72048;189
72049;159
72050;192
72051;7
72052;189
72053;86
72054;166
72055;149
72056;265
72057;202
72058;149
72059;228
72060;260
72061;218
72062;115
72063;208
72064;228
72065;189
72066;228
72067;133
72068;166
72069;79
72070;260
72071;166
72072;83
72073;14
72074;235
72075;261
72076;20
72077;156
72078;245
72079;170
72080;128
72081;14
72082;14
72083;149
72084;260
72085;228
72086;189
72087;245
72088;148
72089;228
72090;170
72091;294
72092;48
72093;103
72094;278
72095;170
72096;212
72097;248
72098;156
72099;112
72100;202
72101;202
72102;170
72103;166
72104;248
72105;102
72106;145
72107;83
72108;235
72109;134
72110;146
72111;213
72112;228
72113;134
72114;100
72115;44
72116;160
72117;192
72118;189
72119;247
72120;170
72121;208
72122;248
72123;189
72124;83
72125;200
72126;261
72127;228
72128;221
72129;159
72130;192
72131;228
72132;170
72133;149
72134;210
72135;170
72136;166
72137;294
72138;156
72139;112
72140;260
72141;48
72142;280
72143;48
72144;243
72145;210
72146;87
72147;157
72148;202
72149;134
72150;228
72151;242
72152;278
72153;242
72154;116
72155;228
72156;245
72157;235
72158;228
72159;18
72160;189
72161;260
72162;145
72163;91
72164;166
72165;202
72166;149
72167;285
72168;221
72169;189
72170;221
72171;83
72172;166
72173;166
72174;134
72175;1
72176;284
72177;260
72178;250
72179;148
72180;108
72181;189
72182;265
72183;170
72184;112
72185;260
72186;20
72187;166
72188;242
72189;20
72190;83
72191;83
72192;166
72193;248
72194;38
72195;170
72196;189
72197;198
72198;201
72199;166
72200;189
72201;134
72202;156
72203;248
72204;261
72205;286
72206;20
72207;189
72208;248
72209;189
72210;102
72211;112
72212;170
72213;235
72214;192
72215;156
72216;189
72217;213
72218;140
72219;228
72220;14
72221;44
72222;267
72223;210
72224;235
72225;76
72226;183
72227;170
72228;243
72229;202
72230;294
72231;134
72232;189
72233;166
72234;218
72235;189
72236;59
72237;254
72238;202
72239;231
72240;260
72241;18
72242;272
72243;189
72244;202
72245;248
72246;83
72247;60
72248;149
72249;189
72250;198
72251;242
72252;76
72253;177
72254;149
72255;189
72256;1
72257;112
72258;192
72259;242
72260;87
72261;217
72262;201
72263;51
72264;242
72265;20
72266;189
72267;267
72268;210
72269;86
72270;208
72271;170
72272;265
72273;189
72274;237
72275;202
72276;148
72277;218
72278;248
72279;260
72280;44
72281;217
72282;149
72283;71
72284;156
72285;149
72286;237
72287;245
72288;260
72289;189
72290;149
72291;48
72292;228
72293;83
72294;44
72295;189
72296;198
72297;157
72298;201
72299;220
72300;278
72301;112
72302;228
72303;228
72304;189
72305;189
72306;235
72307;140
72308;137
72309;170
72310;83
72311;260
72312;170
72313;14
72314;261
72315;71
72316;260
72317;166
72318;280
72319;210
72320;228
72321;214
72322;170
72323;83
72324;149
72325;166
72326;248
72327;170
72328;126
72329;149
72330;156
72331;235
72332;159
72333;73
72334;-1
72335;102
72336;228
72337;146
72338;170
72339;140
72340;44
72341;10
72342;102
72343;157
72344;228
72345;265
72346;79
72347;156
72348;170
72349;134
72350;221
72351;221
72352;18
72353;217
72354;166
72355;294
72356;235
72357;235
72358;137
72359;170
72360;24
72361;166
72362;235
72363;137
72364;128
72365;149
72366;83
72367;189
72368;228
72369;260
72370;272
72371;260
72372;284
72373;235
72374;213
72375;228
72376;235
72377;260
72378;202
72379;145
72380;166
72381;278
72382;156
72383;294
72384;272
72385;145
72386;189
72387;71
72388;170
72389;176
72390;208
72391;112
72392;189
72393;194
72394;248
72395;40
72396;34
72397;210
72398;103
72399;76
72400;224
72401;66
72402;202
72403;24
72404;252
72405;294
72406;294
72407;24
72408;8
72409;87
72410;278
72411;126
72412;114
72413;189
72414;59
72415;261
72416;260
72417;287
72418;166
72419;134
72420;189
72421;1
72422;235
72423;228
72424;137
72425;71
72426;71
72427;189
72428;112
72429;252
72430;114
72431;46
72432;170
72433;87
72434;59
72435;198
72436;235
72437;83
72438;60
72439;166
72440;189
72441;252
72442;235
72443;202
72444;221
72445;228
72446;242
72447;170
72448;140
72449;242
72450;228
72451;202
72452;149
72453;189
72454;166
72455;189
72456;245
72457;217
72458;285
72459;71
72460;294
72461;260
72462;189
72463;202
72464;260
72465;149
72466;287
72467;60
72468;157
72469;252
72470;20
72471;170
72472;234
72473;228
72474;213
72475;261
72476;149
72477;91
72478;210
72479;228
72480;112
72481;260
72482;86
72483;189
72484;279
72485;149
72486;260
72487;-1
72488;228
72489;40
72490;-1
72491;34
72492;48
72493;228
72494;235
72495;91
72496;1
72497;280
72498;252
72499;189
72500;149
72501;34
72502;170
72503;210
72504;134
72505;166
72506;201
72507;1
72508;202
72509;254
72510;149
72511;18
72512;71
72513;149
72514;208
72515;71
72516;102
72517;182
72518;189
72519;189
72520;170
72521;248
72522;134
72523;149
72524;238
72525;235
72526;245
72527;166
72528;59
72529;149
72530;221
72531;202
72532;294
72533;260
72534;228
72535;213
72536;189
72537;280
72538;231
72539;234
72540;260
72541;189
72542;200
72543;200
72544;7
72545;280
72546;20
72547;115
72548;260
72549;20
72550;189
72551;294
72552;235
72553;149
72554;285
72555;134
72556;140
72557;137
72558;252
72559;86
72560;156
72561;108
72562;59
72563;208
72564;83
72565;91
72566;40
72567;34
72568;210
72569;71
72570;192
72571;220
72572;83
72573;134
72574;202
72575;83
72576;200
72577;1
72578;279
72579;254
72580;228
72581;114
72582;66
72583;189
72584;261
72585;38
72586;236
72587;24
72588;108
72589;228
72590;166
72591;170
72592;10
72593;149
72594;71
72595;149
72596;183
72597;71
72598;134
72599;103
72600;156
72601;285
72602;213
72603;170
72604;87
72605;14
72606;210
72607;60
72608;102
72609;115
72610;34
72611;38
72612;237
72613;166
72614;20
72615;83
72616;294
72617;288
72618;134
72619;149
72620;149
72621;79
72622;202
72623;228
72624;48
72625;189
72626;59
72627;228
72628;202
72629;60
72630;245
72631;86
72632;170
72633;248
72634;1
72635;149
72636;149
72637;71
72638;166
72639;177
72640;170
72641;87
72642;208
72643;294
72644;137
72645;112
72646;120
72647;102
72648;245
72649;235
72650;20
72651;62
72652;261
72653;96
72654;46
72655;20
72656;210
72657;170
72658;170
72659;71
72660;237
72661;260
72662;166
72663;149
72664;261
72665;105
72666;112
72667;170
72668;112
72669;234
72670;1
72671;166
72672;96
72673;20
72674;103
72675;189
72676;221
72677;108
72678;272
72679;260
72680;18
72681;156
72682;134
72683;265
72684;112
72685;228
72686;146
72687;112
72688;242
72689;71
72690;260
72691;166
72692;260
72693;170
72694;285
72695;71
72696;140
72697;83
72698;221
72699;164
72700;140
72701;166
72702;189
72703;71
72704;284
72705;189
72706;191
72707;228
72708;288
72709;91
72710;170
72711;116
72712;140
72713;48
72714;243
72715;228
72716;83
72717;189
72718;266
72719;83
72720;189
72721;149
72722;285
72723;83
72724;133
72725;71
72726;166
72727;149
72728;228
72729;210
72730;183
72731;245
72732;183
72733;87
72734;228
72735;260
72736;83
72737;189
72738;245
72739;86
72740;71
72741;288
72742;71
72743;252
72744;166
72745;231
72746;1
72747;242
72748;59
72749;254
72750;248
72751;60
72752;260
72753;236
72754;210
72755;189
72756;192
72757;102
72758;137
72759;294
72760;201
72761;149
72762;261
72763;51
72764;189
72765;256
72766;134
72767;112
72768;242
72769;115
72770;248
72771;245
72772;71
72773;285
72774;177
72775;87
72776;108
72777;137
72778;254
72779;149
72780;235
72781;18
72782;170
72783;248
72784;145
72785;170
72786;44
72787;38
72788;189
72789;245
72790;83
72791;46
72792;170
72793;134
72794;176
72795;288
72796;191
72797;166
72798;166
72799;245
72800;149
72801;81
72802;208
72803;166
72804;128
72805;260
72806;272
72807;189
72808;156
72809;166
72810;71
72811;286
72812;134
72813;83
72814;51
72815;285
72816;48
72817;149
72818;212
72819;266
72820;91
72821;170
72822;166
72823;79
72824;208
72825;87
72826;202
72827;189
72828;38
72829;245
72830;284
72831;243
72832;235
72833;59
72834;48
72835;245
72836;166
72837;260
72838;170
72839;280
72840;60
72841;228
72842;166
72843;86
72844;213
72845;71
72846;149
72847;202
72848;140
72849;237
72850;46
72851;102
72852;208
72853;166
72854;277
72855;137
72856;242
72857;108
72858;170
72859;22
72860;235
72861;60
72862;261
72863;279
72864;7
72865;183
72866;44
72867;189
72868;58
72869;235
72870;160
72871;149
72872;252
72873;157
72874;170
72875;166
72876;170
72877;137
72878;189
72879;114
72880;137
72881;120
72882;1
72883;192
72884;242
72885;228
72886;202
72887;83
72888;71
72889;228
72890;105
72891;149
72892;120
72893;126
72894;86
72895;134
72896;14
72897;166
72898;245
72899;189
72900;189
72901;156
72902;176
72903;170
72904;83
72905;71
72906;235
72907;44
72908;1
72909;235
72910;166
72911;287
72912;166
72913;128
72914;129
72915;103
72916;71
72917;60
72918;133
72919;91
72920;189
72921;115
72922;248
72923;134
72924;252
72925;48
72926;294
72927;170
72928;192
72929;86
72930;44
72931;46
72932;252
72933;137
72934;170
72935;260
72936;202
72937;284
72938;166
72939;248
72940;170
72941;228
72942;284
72943;115
72944;87
72945;66
72946;189
72947;192
72948;16
72949;189
72950;58
72951;71
72952;189
72953;76
72954;102
72955;149
72956;228
72957;294
72958;87
72959;156
72960;44
72961;277
72962;26
72963;83
72964;245
72965;140
72966;1
72967;285
72968;79
72969;235
72970;170
72971;234
72972;294
72973;170
72974;234
72975;83
72976;166
72977;200
72978;235
72979;245
72980;-1
72981;252
72982;235
72983;228
72984;170
72985;245
72986;91
72987;160
72988;134
72989;254
72990;134
72991;189
72992;166
72993;160
72994;189
72995;210
72996;96
72997;235
72998;146
72999;228
73000;60
73001;284
73002;166
73003;166
73004;243
73005;202
73006;83
73007;280
73008;189
73009;53
73010;133
73011;220
73012;189
73013;145
73014;170
73015;170
73016;137
73017;235
73018;183
73019;170
73020;24
73021;71
73022;149
73023;260
73024;189
73025;59
73026;210
73027;166
73028;102
73029;210
73030;159
73031;83
73032;189
73033;149
73034;22
73035;149
73036;210
73037;202
73038;115
73039;71
73040;157
73041;170
73042;166
73043;166
73044;79
73045;108
73046;145
73047;83
73048;59
73049;189
73050;260
73051;116
73052;62
73053;200
73054;248
73055;210
73056;280
73057;189
73058;234
73059;79
73060;14
73061;166
73062;120
73063;228
73064;134
73065;160
73066;260
73067;170
73068;213
73069;213
73070;189
73071;189
73072;18
73073;235
73074;71
73075;146
73076;221
73077;224
73078;212
73079;-1
73080;86
73081;149
73082;134
73083;124
73084;145
73085;48
73086;202
73087;156
73088;48
73089;134
73090;108
73091;170
73092;237
73093;209
73094;156
73095;248
73096;261
73097;214
73098;280
73099;243
73100;60
73101;280
73102;260
73103;208
73104;170
73105;200
73106;228
73107;103
73108;102
73109;134
73110;228
73111;145
73112;44
73113;73
73114;71
73115;189
73116;134
73117;60
73118;128
73119;237
73120;242
73121;157
73122;183
73123;116
73124;7
73125;66
73126;189
73127;248
73128;83
73129;235
73130;91
73131;71
73132;228
73133;20
73134;137
73135;71
73136;126
73137;170
73138;115
73139;166
73140;149
73141;200
73142;202
73143;231
73144;148
73145;20
73146;86
73147;280
73148;235
73149;108
73150;166
73151;133
73152;8
73153;189
73154;170
73155;139
73156;210
73157;83
73158;166
73159;71
73160;156
73161;189
73162;235
73163;202
73164;86
73165;166
73166;166
73167;228
73168;189
73169;159
73170;189
73171;87
73172;294
73173;166
73174;245
73175;189
73176;105
73177;202
73178;202
73179;260
73180;245
73181;71
73182;235
73183;248
73184;189
73185;112
73186;189
73187;192
73188;220
73189;213
73190;189
73191;83
73192;166
73193;210
73194;226
73195;245
73196;40
73197;235
73198;280
73199;83
73200;108
73201;294
73202;156
73203;105
73204;260
73205;134
73206;20
73207;189
73208;210
73209;228
73210;189
73211;128
73212;14
73213;189
73214;166
73215;242
73216;183
73217;192
73218;260
73219;210
73220;248
73221;149
73222;156
73223;166
73224;242
73225;134
73226;48
73227;200
73228;115
73229;267
73230;189
73231;176
73232;199
73233;20
73234;86
73235;58
73236;260
73237;146
73238;48
73239;87
73240;170
73241;285
73242;210
73243;280
73244;256
73245;260
73246;189
73247;189
73248;170
73249;59
73250;218
73251;189
73252;157
73253;218
73254;189
73255;235
73256;71
73257;149
73258;38
73259;149
73260;228
73261;81
73262;83
73263;228
73264;252
73265;22
73266;128
73267;140
73268;189
73269;48
73270;189
73271;278
73272;76
73273;228
73274;7
73275;261
73276;140
73277;108
73278;60
73279;260
73280;210
73281;149
73282;20
73283;210
73284;189
73285;83
73286;214
73287;58
73288;83
73289;189
73290;44
73291;189
73292;166
73293;145
73294;58
73295;200
73296;189
73297;235
73298;183
73299;260
73300;146
73301;170
73302;44
73303;112
73304;170
73305;83
73306;1
73307;224
73308;170
73309;237
73310;140
73311;60
73312;201
73313;149
73314;149
73315;137
73316;252
73317;235
73318;189
73319;134
73320;210
73321;248
73322;208
73323;231
73324;20
73325;248
73326;48
73327;228
73328;166
73329;209
73330;44
73331;176
73332;10
73333;228
73334;202
73335;248
73336;272
73337;53
73338;166
73339;189
73340;137
73341;145
73342;134
73343;87
73344;189
73345;221
73346;149
73347;183
73348;86
73349;228
73350;266
73351;102
73352;252
73353;228
73354;34
73355;235
73356;166
73357;166
73358;243
73359;156
73360;189
73361;166
73362;280
73363;48
73364;44
73365;76
73366;278
73367;252
73368;87
73369;134
73370;170
73371;14
73372;237
73373;248
73374;221
73375;44
73376;226
73377;137
73378;200
73379;245
73380;243
73381;228
73382;272
73383;71
73384;71
73385;160
73386;60
73387;166
73388;189
73389;260
73390;228
73391;166
73392;189
73393;285
73394;16
73395;146
73396;83
73397;220
73398;284
73399;34
73400;235
73401;87
73402;242
73403;245
73404;160
73405;221
73406;212
73407;189
73408;170
73409;34
73410;140
73411;260
73412;235
73413;243
73414;44
73415;133
73416;245
73417;192
73418;166
73419;228
73420;34
73421;71
73422;182
73423;71
73424;210
73425;182
73426;86
73427;260
73428;83
73429;282
73430;145
73431;176
73432;237
73433;235
73434;260
73435;209
73436;156
73437;91
73438;260
73439;-1
73440;243
73441;228
73442;170
73443;146
73444;284
73445;112
73446;71
73447;71
73448;189
73449;183
73450;228
73451;182
73452;133
73453;279
73454;46
73455;14
73456;183
73457;59
73458;235
73459;210
73460;66
73461;83
73462;243
73463;7
73464;24
73465;260
73466;83
73467;189
73468;212
73469;166
73470;278
73471;210
73472;210
73473;266
73474;102
73475;170
73476;214
73477;252
73478;284
73479;245
73480;189
73481;245
73482;260
73483;278
73484;20
73485;53
73486;226
73487;279
73488;137
73489;260
73490;189
73491;287
73492;245
73493;278
73494;228
73495;87
73496;260
73497;288
73498;200
73499;170
73500;189
73501;189
73502;20
73503;245
73504;252
73505;137
73506;248
73507;210
73508;235
73509;133
73510;245
73511;252
73512;116
73513;156
73514;166
73515;60
73516;116
73517;145
73518;248
73519;66
73520;170
73521;170
73522;149
73523;221
73524;294
73525;137
73526;83
73527;156
73528;48
73529;200
73530;245
73531;170
73532;228
73533;248
73534;112
73535;260
73536;210
73537;183
73538;48
73539;20
73540;170
73541;108
73542;226
73543;267
73544;134
73545;235
73546;242
73547;116
73548;170
73549;37
73550;170
73551;248
73552;272
73553;71
73554;102
73555;189
73556;252
73557;192
73558;189
73559;189
73560;235
73561;189
73562;221
73563;149
73564;210
73565;120
73566;86
73567;20
73568;288
73569;36
73570;97
73571;134
73572;189
73573;189
73574;189
73575;44
73576;252
73577;170
73578;221
73579;20
73580;248
73581;224
73582;71
73583;71
73584;245
73585;22
73586;149
73587;83
73588;170
73589;210
73590;228
73591;166
73592;87
73593;170
73594;189
73595;137
73596;66
73597;220
73598;245
73599;48
73600;242
73601;170
73602;71
73603;149
73604;149
73605;126
73606;166
73607;217
73608;260
73609;183
73610;126
73611;91
73612;76
73613;235
73614;170
73615;87
73616;261
73617;228
73618;189
73619;260
73620;238
73621;189
73622;156
73623;217
73624;263
73625;170
73626;146
73627;228
73628;149
73629;189
73630;156
73631;134
73632;83
73633;248
73634;189
73635;210
73636;170
73637;24
73638;14
73639;18
73640;83
73641;83
73642;252
73643;260
73644;221
73645;189
73646;183
73647;140
73648;189
73649;191
73650;38
73651;108
73652;245
73653;134
73654;243
73655;261
73656;228
73657;164
73658;140
73659;243
73660;156
73661;260
73662;260
73663;208
73664;252
73665;242
73666;60
73667;266
73668;260
73669;170
73670;134
73671;243
73672;112
73673;242
73674;83
73675;260
73676;267
73677;149
73678;189
73679;166
73680;278
73681;83
73682;210
73683;183
73684;245
73685;242
73686;263
73687;115
73688;231
73689;237
73690;146
73691;71
73692;166
73693;129
73694;248
73695;20
73696;170
73697;220
73698;217
73699;248
73700;220
73701;83
73702;102
73703;254
73704;189
73705;294
73706;71
73707;38
73708;83
73709;34
73710;248
73711;200
73712;189
73713;183
73714;97
73715;202
73716;51
73717;210
73718;235
73719;71
73720;87
73721;280
73722;280
73723;208
73724;260
73725;149
73726;278
73727;189
73728;260
73729;134
73730;189
73731;96
73732;137
73733;87
73734;38
73735;71
73736;149
73737;237
73738;235
73739;214
73740;260
73741;7
73742;228
73743;146
73744;71
73745;260
73746;48
73747;285
73748;189
73749;245
73750;46
73751;166
73752;176
73753;146
73754;245
73755;145
73756;38
73757;134
73758;235
73759;133
73760;149
73761;183
73762;134
73763;87
73764;166
73765;285
73766;149
73767;140
73768;24
73769;146
73770;126
73771;102
73772;170
73773;83
73774;245
73775;254
73776;40
73777;189
73778;38
73779;217
73780;170
73781;235
73782;166
73783;14
73784;280
73785;21
73786;166
73787;235
73788;146
73789;149
73790;238
73791;210
73792;189
73793;189
73794;210
73795;213
73796;261
73797;86
73798;237
73799;46
73800;170
73801;189
73802;294
73803;260
73804;245
73805;102
73806;128
73807;243
73808;252
73809;137
73810;198
73811;176
73812;160
73813;189
73814;183
73815;112
73816;166
73817;189
73818;248
73819;170
73820;149
73821;267
73822;192
73823;149
73824;1
73825;235
73826;245
73827;248
73828;102
73829;228
73830;243
73831;120
73832;51
73833;210
73834;189
73835;202
73836;217
73837;170
73838;266
73839;235
73840;189
73841;260
73842;170
73843;83
73844;260
73845;87
73846;129
73847;228
73848;183
73849;66
73850;166
73851;66
73852;189
73853;129
73854;166
73855;157
73856;126
73857;71
73858;105
73859;160
73860;201
73861;235
73862;260
73863;248
73864;287
73865;235
73866;228
73867;280
73868;166
73869;224
73870;86
73871;83
73872;20
73873;37
73874;11
73875;86
73876;284
73877;149
73878;108
73879;128
73880;170
73881;224
73882;87
73883;210
73884;46
73885;210
73886;159
73887;18
73888;145
73889;60
73890;87
73891;166
73892;189
73893;149
73894;260
73895;20
73896;228
73897;156
73898;149
73899;21
73900;20
73901;102
73902;192
73903;200
73904;228
73905;156
73906;228
73907;234
73908;156
73909;128
73910;112
73911;294
73912;51
73913;166
73914;22
73915;245
73916;40
73917;242
73918;228
73919;126
73920;248
73921;243
73922;166
73923;160
73924;242
73925;228
73926;248
73927;210
73928;134
73929;189
73930;83
73931;148
73932;286
73933;260
73934;83
73935;91
73936;237
73937;176
73938;228
73939;146
73940;228
73941;189
73942;202
73943;59
73944;91
73945;248
73946;266
73947;189
73948;210
73949;210
73950;79
73951;189
73952;294
73953;166
73954;228
73955;156
73956;44
73957;209
73958;156
73959;200
73960;120
73961;76
73962;11
73963;210
73964;260
73965;235
73966;243
73967;235
73968;60
73969;149
73970;170
73971;252
73972;189
73973;189
73974;159
73975;256
73976;20
73977;62
73978;71
73979;228
73980;213
73981;260
73982;55
73983;166
73984;145
73985;228
73986;266
73987;149
73988;235
73989;210
73990;235
73991;280
73992;278
73993;189
73994;217
73995;156
73996;243
73997;166
73998;62
73999;189
74000;166
74001;277
74002;83
74003;128
74004;200
74005;44
74006;189
74007;76
74008;149
74009;189
74010;236
74011;192
74012;83
74013;83
74014;260
74015;228
74016;37
74017;212
74018;176
74019;83
74020;86
74021;86
74022;198
74023;91
74024;210
74025;294
74026;245
74027;48
74028;83
74029;293
74030;170
74031;260
74032;20
74033;134
74034;91
74035;228
74036;166
74037;214
74038;228
74039;71
74040;212
74041;201
74042;-1
74043;170
74044;228
74045;166
74046;228
74047;170
74048;221
74049;102
74050;189
74051;103
74052;149
74053;248
74054;170
74055;156
74056;145
74057;294
74058;71
74059;134
74060;83
74061;245
74062;20
74063;237
74064;102
74065;149
74066;40
74067;243
74068;189
74069;157
74070;48
74071;200
74072;60
74073;248
74074;48
74075;284
74076;242
74077;189
74078;228
74079;166
74080;83
74081;189
74082;208
74083;189
74084;221
74085;170
74086;272
74087;166
74088;202
74089;235
74090;189
74091;20
74092;280
74093;170
74094;139
74095;170
74096;221
74097;220
74098;200
74099;18
74100;245
74101;254
74102;260
74103;235
74104;71
74105;260
74106;46
74107;228
74108;189
74109;159
74110;8
74111;160
74112;18
74113;170
74114;243
74115;170
74116;134
74117;189
74118;189
74119;170
74120;263
74121;1
74122;210
74123;133
74124;245
74125;46
74126;59
74127;210
74128;245
74129;235
74130;20
74131;170
74132;166
74133;115
74134;189
74135;284
74136;294
74137;96
74138;62
74139;145
74140;189
74141;209
74142;294
74143;202
74144;114
74145;189
74146;112
74147;83
74148;202
74149;76
74150;166
74151;156
74152;248
74153;71
74154;249
74155;183
74156;260
74157;189
74158;286
74159;38
74160;34
74161;210
74162;149
74163;284
74164;83
74165;83
74166;220
74167;189
74168;145
74169;60
74170;252
74171;284
74172;139
74173;71
74174;71
74175;48
74176;58
74177;114
74178;189
74179;102
74180;189
74181;189
74182;60
74183;260
74184;210
74185;235
74186;267
74187;149
74188;166
74189;248
74190;272
74191;91
74192;210
74193;217
74194;260
74195;228
74196;261
74197;20
74198;210
74199;18
74200;238
74201;260
74202;58
74203;133
74204;272
74205;76
74206;260
74207;210
74208;115
74209;60
74210;149
74211;48
74212;235
74213;252
74214;214
74215;44
74216;220
74217;224
74218;248
74219;112
74220;212
74221;200
74222;137
74223;243
74224;160
74225;260
74226;44
74227;112
74228;170
74229;260
74230;170
74231;166
74232;48
74233;83
74234;1
74235;182
74236;210
74237;170
74238;237
74239;166
74240;140
74241;170
74242;149
74243;284
74244;114
74245;166
74246;137
74247;202
74248;170
74249;44
74250;166
74251;20
74252;149
74253;284
74254;267
74255;149
74256;248
74257;242
74258;213
74259;170
74260;249
74261;209
74262;267
74263;226
74264;192
74265;248
74266;166
74267;34
74268;134
74269;272
74270;149
74271;294
74272;137
74273;112
74274;210
74275;228
74276;228
74277;235
74278;102
74279;252
74280;213
74281;140
74282;156
74283;284
74284;260
74285;221
74286;189
74287;83
74288;79
74289;243
74290;38
74291;280
74292;261
74293;235
74294;87
74295;21
74296;242
74297;252
74298;280
74299;228
74300;98
74301;71
74302;170
74303;284
74304;96
74305;210
74306;16
74307;149
74308;228
74309;58
74310;242
74311;267
74312;189
74313;245
74314;210
74315;149
74316;272
74317;166
74318;245
74319;160
74320;228
74321;166
74322;202
74323;243
74324;245
74325;235
74326;156
74327;133
74328;189
74329;55
74330;48
74331;170
74332;245
74333;189
74334;149
74335;235
74336;189
74337;228
74338;166
74339;149
74340;18
74341;18
74342;170
74343;228
74344;189
74345;248
74346;235
74347;149
74348;250
74349;235
74350;71
74351;58
74352;166
74353;243
74354;55
74355;145
74356;112
74357;260
74358;294
74359;294
74360;189
74361;11
74362;280
74363;170
74364;280
74365;202
74366;210
74367;260
74368;228
74369;189
74370;170
74371;71
74372;145
74373;228
74374;266
74375;79
74376;260
74377;20
74378;189
74379;170
74380;248
74381;191
74382;189
74383;263
74384;286
74385;128
74386;14
74387;242
74388;254
74389;286
74390;20
74391;198
74392;228
74393;129
74394;170
74395;210
74396;170
74397;212
74398;235
74399;149
74400;83
74401;170
74402;66
74403;16
74404;170
74405;192
74406;114
74407;208
74408;71
74409;250
74410;166
74411;108
74412;166
74413;267
74414;260
74415;38
74416;192
74417;189
74418;192
74419;287
74420;129
74421;278
74422;189
74423;166
74424;46
74425;134
74426;261
74427;157
74428;182
74429;242
74430;235
74431;137
74432;177
74433;248
74434;20
74435;86
74436;189
74437;149
74438;284
74439;145
74440;272
74441;280
74442;260
74443;228
74444;243
74445;221
74446;226
74447;265
74448;228
74449;183
74450;170
74451;86
74452;11
74453;248
74454;40
74455;14
74456;234
74457;228
74458;166
74459;260
74460;170
74461;260
74462;62
74463;134
74464;189
74465;20
74466;228
74467;166
74468;37
74469;129
74470;201
74471;134
74472;278
74473;237
74474;83
74475;192
74476;235
74477;189
74478;166
74479;34
74480;228
74481;200
74482;208
74483;34
74484;166
74485;20
74486;260
74487;44
74488;189
74489;183
74490;176
74491;192
74492;170
74493;157
74494;192
74495;83
74496;71
74497;60
74498;210
74499;210
74500;149
74501;133
74502;46
74503;214
74504;189
74505;112
74506;294
74507;156
74508;202
74509;112
74510;177
74511;66
74512;200
74513;112
74514;170
74515;134
74516;212
74517;235
74518;235
74519;228
74520;198
74521;149
74522;166
74523;220
74524;156
74525;189
74526;166
74527;280
74528;48
74529;157
74530;210
74531;128
74532;128
74533;242
74534;166
74535;103
74536;221
74537;210
74538;91
74539;166
74540;170
74541;234
74542;71
74543;60
74544;145
74545;66
74546;202
74547;189
74548;170
74549;189
74550;234
74551;228
74552;228
74553;189
74554;263
74555;254
74556;104
74557;198
74558;149
74559;114
74560;71
74561;166
74562;114
74563;221
74564;145
74565;189
74566;189
74567;128
74568;115
74569;79
74570;76
74571;112
74572;218
74573;170
74574;294
74575;149
74576;235
74577;245
74578;149
74579;248
74580;260
74581;248
74582;149
74583;189
74584;248
74585;48
74586;87
74587;260
74588;166
74589;261
74590;243
74591;20
74592;20
74593;261
74594;156
74595;261
74596;202
74597;24
74598;228
74599;156
74600;149
74601;156
74602;112
74603;112
74604;218
74605;277
74606;112
74607;7
74608;288
74609;245
74610;228
74611;212
74612;149
74613;245
74614;202
74615;245
74616;115
74617;166
74618;242
74619;210
74620;20
74621;60
74622;170
74623;83
74624;120
74625;254
74626;71
74627;48
74628;294
74629;189
74630;48
74631;20
74632;60
74633;134
74634;260
74635;156
74636;245
74637;260
74638;228
74639;149
74640;234
74641;18
74642;83
74643;248
74644;166
74645;200
74646;137
74647;170
74648;146
74649;166
74650;228
74651;260
74652;59
74653;243
74654;189
74655;83
74656;189
74657;145
74658;48
74659;245
74660;189
74661;189
74662;83
74663;159
74664;235
74665;261
74666;282
74667;149
74668;87
74669;166
74670;156
74671;260
74672;108
74673;157
74674;189
74675;231
74676;228
74677;34
74678;267
74679;208
74680;260
74681;252
74682;288
74683;71
74684;156
74685;134
74686;189
74687;166
74688;83
74689;83
74690;79
74691;170
74692;238
74693;248
74694;149
74695;145
74696;261
74697;8
74698;201
74699;170
74700;169
74701;245
74702;170
74703;242
74704;160
74705;294
74706;286
74707;235
74708;279
74709;243
74710;83
74711;149
74712;170
74713;176
74714;210
74715;112
74716;200
74717;260
74718;156
74719;14
74720;183
74721;112
74722;108
74723;199
74724;156
74725;66
74726;192
74727;278
74728;189
74729;208
74730;44
74731;212
74732;245
74733;202
74734;44
74735;170
74736;266
74737;189
74738;170
74739;277
74740;1
74741;189
74742;243
74743;60
74744;156
74745;261
74746;228
74747;202
74748;170
74749;137
74750;20
74751;66
74752;210
74753;228
74754;128
74755;71
74756;285
74757;83
74758;213
74759;228
74760;108
74761;189
74762;242
74763;260
74764;83
74765;139
74766;76
74767;217
74768;231
74769;86
74770;202
74771;210
74772;83
74773;71
74774;210
74775;198
74776;112
74777;66
74778;156
74779;60
74780;294
74781;166
74782;156
74783;87
74784;34
74785;102
74786;235
74787;294
74788;83
74789;134
74790;284
74791;156
74792;200
74793;192
74794;242
74795;284
74796;278
74797;213
74798;217
74799;156
74800;59
74801;14
74802;202
74803;278
74804;156
74805;213
74806;245
74807;189
74808;277
74809;71
74810;213
74811;103
74812;166
74813;170
74814;218
74815;245
74816;248
74817;71
74818;146
74819;192
74820;189
74821;254
74822;242
74823;156
74824;252
74825;235
74826;103
74827;237
74828;285
74829;22
74830;231
74831;182
74832;237
74833;166
74834;66
74835;166
74836;189
74837;83
74838;272
74839;278
74840;228
74841;189
74842;198
74843;210
74844;280
74845;166
74846;248
74847;166
74848;10
74849;183
74850;260
74851;228
74852;266
74853;192
74854;243
74855;48
74856;189
74857;166
74858;267
74859;177
74860;198
74861;285
74862;210
74863;265
74864;189
74865;245
74866;48
74867;59
74868;128
74869;40
74870;71
74871;254
74872;145
74873;149
74874;189
74875;228
74876;189
74877;34
74878;218
74879;149
74880;20
74881;228
74882;210
74883;278
74884;235
74885;145
74886;48
74887;1
74888;189
74889;294
74890;149
74891;166
74892;235
74893;213
74894;236
74895;59
74896;189
74897;242
74898;189
74899;228
74900;83
74901;202
74902;202
74903;280
74904;238
74905;103
74906;235
74907;226
74908;7
74909;189
74910;91
74911;284
74912;22
74913;260
74914;245
74915;235
74916;149
74917;128
74918;245
74919;20
74920;280
74921;137
74922;189
74923;260
74924;166
74925;76
74926;166
74927;212
74928;83
74929;103
74930;208
74931;149
74932;248
74933;208
74934;189
74935;228
74936;254
74937;294
74938;191
74939;149
74940;71
74941;277
74942;170
74943;149
74944;228
74945;149
74946;114
74947;278
74948;237
74949;294
74950;40
74951;133
74952;189
74953;189
74954;60
74955;235
74956;145
74957;112
74958;166
74959;18
74960;60
74961;228
74962;228
74963;245
74964;126
74965;40
74966;157
74967;-1
74968;129
74969;252
74970;126
74971;166
74972;202
74973;156
74974;60
74975;166
74976;277
74977;220
74978;260
74979;34
74980;272
74981;260
74982;137
74983;59
74984;250
74985;128
74986;189
74987;48
74988;243
74989;139
74990;139
74991;20
74992;228
74993;134
74994;200
74995;149
74996;115
74997;260
74998;149
74999;71
75000;252
75001;189
75002;102
75003;20
75004;170
75005;83
75006;252
75007;243
75008;252
75009;236
75010;235
75011;170
75012;156
75013;220
75014;228
75015;294
75016;235
75017;210
75018;235
75019;235
75020;160
75021;277
75022;59
75023;214
75024;112
75025;189
75026;217
75027;192
75028;294
75029;294
75030;189
75031;83
75032;191
75033;140
75034;149
75035;149
75036;228
75037;134
75038;210
75039;235
75040;114
75041;149
75042;105
75043;86
75044;145
75045;37
75046;226
75047;149
75048;112
75049;202
75050;166
75051;272
75052;235
75053;156
75054;285
75055;228
75056;189
75057;189
75058;102
75059;228
75060;249
75061;149
75062;242
75063;34
75064;260
75065;126
75066;149
75067;214
75068;166
75069;91
75070;48
75071;189
75072;235
75073;166
75074;34
75075;1
75076;177
75077;137
75078;252
75079;228
75080;112
75081;280
75082;183
75083;245
75084;202
75085;134
75086;242
75087;114
75088;267
75089;234
75090;112
75091;166
75092;149
75093;189
75094;170
75095;189
75096;60
75097;149
75098;46
75099;170
75100;192
75101;267
75102;149
75103;248
75104;149
75105;210
75106;228
75107;248
75108;86
75109;166
75110;294
75111;126
75112;277
75113;260
75114;189
75115;261
75116;20
75117;238
75118;217
75119;210
75120;108
75121;280
75122;250
75123;245
75124;242
75125;115
75126;260
75127;252
75128;38
75129;248
75130;44
75131;202
75132;86
75133;149
75134;60
75135;114
75136;235
75137;156
75138;112
75139;59
75140;96
75141;228
75142;24
75143;210
75144;228
75145;1
75146;139
75147;189
75148;166
75149;260
75150;277
75151;166
75152;146
75153;235
75154;83
75155;166
75156;200
75157;261
75158;202
75159;120
75160;60
75161;260
75162;213
75163;71
75164;126
75165;202
75166;102
75167;235
75168;248
75169;149
75170;170
75171;261
75172;83
75173;280
75174;20
75175;189
75176;83
75177;170
75178;242
75179;261
75180;149
75181;228
75182;120
75183;189
75184;210
75185;149
75186;189
75187;236
75188;208
75189;189
75190;81
75191;183
75192;245
75193;112
75194;263
75195;34
75196;261
75197;177
75198;202
75199;237
75200;126
75201;260
75202;228
75203;166
75204;149
75205;265
75206;201
75207;102
75208;252
75209;170
75210;128
75211;189
75212;228
75213;260
75214;71
75215;170
75216;217
75217;248
75218;254
75219;235
75220;83
75221;250
75222;242
75223;170
75224;252
75225;235
75226;189
75227;20
75228;166
75229;44
75230;189
75231;267
75232;243
75233;228
75234;221
75235;145
75236;149
75237;260
75238;170
75239;260
75240;156
75241;280
75242;210
75243;71
75244;285
75245;149
75246;235
75247;235
75248;20
75249;87
75250;245
75251;183
75252;166
75253;236
75254;235
75255;285
75256;235
75257;213
75258;24
75259;48
75260;243
75261;189
75262;48
75263;40
75264;182
75265;83
75266;235
75267;242
75268;260
75269;134
75270;170
75271;235
75272;284
75273;156
75274;20
75275;189
75276;200
75277;166
75278;71
75279;254
75280;134
75281;208
75282;284
75283;166
75284;91
75285;189
75286;228
75287;235
75288;202
75289;294
75290;189
75291;83
75292;44
75293;228
75294;83
75295;260
75296;210
75297;146
75298;1
75299;149
75300;133
75301;248
75302;183
75303;260
75304;170
75305;149
75306;166
75307;235
75308;210
75309;235
75310;286
75311;14
75312;208
75313;260
75314;170
75315;266
75316;228
75317;183
75318;192
75319;189
75320;170
75321;108
75322;66
75323;242
75324;235
75325;157
75326;16
75327;114
75328;20
75329;166
75330;189
75331;112
75332;83
75333;202
75334;260
75335;235
75336;71
75337;149
75338;170
75339;145
75340;156
75341;254
75342;133
75343;192
75344;213
75345;137
75346;71
75347;83
75348;166
75349;137
75350;156
75351;60
75352;134
75353;149
75354;20
75355;40
75356;209
75357;166
75358;182
75359;200
75360;228
75361;228
75362;166
75363;105
75364;20
75365;176
75366;83
75367;166
75368;156
75369;86
75370;20
75371;189
75372;1
75373;189
75374;20
75375;114
75376;103
75377;146
75378;294
75379;166
75380;156
75381;71
75382;277
75383;189
75384;170
75385;235
75386;128
75387;170
75388;189
75389;112
75390;260
75391;245
75392;156
75393;86
75394;148
75395;156
75396;200
75397;31
75398;60
75399;189
75400;38
75401;228
75402;20
75403;245
75404;183
75405;91
75406;260
75407;235
75408;252
75409;260
75410;22
75411;134
75412;202
75413;234
75414;189
75415;189
75416;228
75417;228
75418;156
75419;103
75420;149
75421;160
75422;260
75423;292
75424;38
75425;210
75426;243
75427;60
75428;166
75429;242
75430;170
75431;210
75432;48
75433;170
75434;191
75435;166
75436;237
75437;86
75438;260
75439;48
75440;170
75441;202
75442;170
75443;248
75444;149
75445;20
75446;44
75447;44
75448;265
75449;159
75450;228
75451;83
75452;137
75453;245
75454;83
75455;156
75456;200
75457;149
75458;102
75459;208
75460;235
75461;170
75462;170
75463;245
75464;134
75465;208
75466;170
75467;210
75468;149
75469;170
75470;280
75471;170
75472;58
75473;44
75474;210
75475;149
75476;20
75477;277
75478;166
75479;228
75480;170
75481;91
75482;156
75483;228
75484;189
75485;116
75486;189
75487;242
75488;280
75489;128
75490;133
75491;116
75492;189
75493;228
75494;245
75495;189
75496;234
75497;166
75498;38
75499;126
75500;228
75501;83
75502;228
75503;220
75504;83
75505;176
75506;20
75507;105
75508;202
75509;294
75510;140
75511;228
75512;114
75513;156
75514;260
75515;14
75516;189
75517;260
75518;48
75519;40
75520;83
75521;260
75522;149
75523;228
75524;159
75525;71
75526;245
75527;149
75528;14
75529;137
75530;87
75531;133
75532;134
75533;191
75534;189
75535;261
75536;210
75537;247
75538;156
75539;79
75540;83
75541;189
75542;166
75543;277
75544;170
75545;250
75546;200
75547;288
75548;166
75549;48
75550;280
75551;134
75552;170
75553;170
75554;221
75555;146
75556;234
75557;-1
75558;212
75559;210
75560;166
75561;192
75562;146
75563;87
75564;166
75565;294
75566;228
75567;170
75568;166
75569;170
75570;134
75571;48
75572;226
75573;202
75574;160
75575;166
75576;71
75577;228
75578;160
75579;189
75580;146
75581;71
75582;91
75583;166
75584;112
75585;210
75586;134
75587;149
75588;83
75589;60
75590;134
75591;189
75592;7
75593;102
75594;228
75595;108
75596;20
75597;250
75598;156
75599;73
75600;201
75601;166
75602;189
75603;285
75604;183
75605;189
75606;228
75607;18
75608;202
75609;160
75610;210
75611;62
75612;248
75613;145
75614;210
75615;217
75616;156
75617;34
75618;248
75619;189
75620;235
75621;220
75622;228
75623;170
75624;148
75625;282
75626;149
75627;71
75628;235
75629;116
75630;210
75631;202
75632;71
75633;149
75634;260
75635;183
75636;134
75637;280
75638;189
75639;235
75640;189
75641;14
75642;71
75643;228
75644;231
75645;83
75646;157
75647;285
75648;46
75649;189
75650;202
75651;294
75652;189
75653;192
75654;166
75655;294
75656;60
75657;228
75658;8
75659;235
75660;156
75661;202
75662;86
75663;242
75664;208
75665;71
75666;60
75667;243
75668;60
75669;149
75670;91
75671;133
75672;189
75673;189
75674;235
75675;140
75676;183
75677;183
75678;170
75679;210
75680;86
75681;59
75682;71
75683;170
75684;238
75685;217
75686;260
75687;243
75688;208
75689;87
75690;228
75691;156
75692;48
75693;245
75694;105
75695;7
75696;20
75697;189
75698;134
75699;183
75700;248
75701;149
75702;166
75703;149
75704;189
75705;245
75706;288
75707;248
75708;201
75709;66
75710;261
75711;71
75712;201
75713;18
75714;228
75715;228
75716;200
75717;140
75718;133
75719;112
75720;202
75721;260
75722;189
75723;210
75724;137
75725;83
75726;177
75727;213
75728;228
75729;202
75730;166
75731;272
75732;237
75733;58
75734;235
75735;149
75736;71
75737;139
75738;139
75739;170
75740;48
75741;228
75742;83
75743;71
75744;146
75745;102
75746;260
75747;157
75748;228
75749;189
75750;34
75751;20
75752;202
75753;235
75754;210
75755;146
75756;245
75757;210
75758;228
75759;189
75760;34
75761;166
75762;156
75763;170
75764;189
75765;183
75766;1
75767;294
75768;177
75769;235
75770;189
75771;183
75772;76
75773;104
75774;235
75775;166
75776;294
75777;202
75778;156
75779;71
75780;213
75781;228
75782;228
75783;140
75784;62
75785;170
75786;137
75787;189
75788;81
75789;213
75790;198
75791;228
75792;156
75793;272
75794;210
75795;243
75796;226
75797;226
75798;149
75799;166
75800;210
75801;22
75802;71
75803;21
75804;11
75805;285
75806;1
75807;189
75808;228
75809;217
75810;284
75811;134
75812;149
75813;213
75814;235
75815;280
75816;83
75817;201
75818;266
75819;294
75820;243
75821;183
75822;189
75823;134
75824;248
75825;278
75826;102
75827;189
75828;44
75829;210
75830;189
75831;157
75832;260
75833;48
75834;189
75835;235
75836;149
75837;189
75838;294
75839;87
75840;71
75841;170
75842;149
75843;44
75844;71
75845;228
75846;79
75847;149
75848;48
75849;189
75850;166
75851;71
75852;166
75853;235
75854;285
75855;278
75856;294
75857;166
75858;-1
75859;20
75860;261
75861;156
75862;189
75863;245
75864;228
75865;189
75866;228
75867;213
75868;280
75869;103
75870;98
75871;60
75872;71
75873;34
75874;285
75875;189
75876;-1
75877;278
75878;294
75879;228
75880;224
75881;83
75882;260
75883;189
75884;260
75885;221
75886;139
75887;146
75888;228
75889;102
75890;198
75891;14
75892;170
75893;156
75894;137
75895;149
75896;228
75897;236
75898;166
75899;221
75900;228
75901;248
75902;149
75903;112
75904;83
75905;208
75906;166
75907;228
75908;166
75909;254
75910;48
75911;7
75912;71
75913;220
75914;134
75915;278
75916;134
75917;228
75918;210
75919;116
75920;235
75921;200
75922;260
75923;252
75924;198
75925;208
75926;278
75927;156
75928;235
75929;149
75930;235
75931;280
75932;237
75933;146
75934;170
75935;243
75936;236
75937;248
75938;149
75939;202
75940;285
75941;126
75942;134
75943;189
75944;76
75945;228
75946;166
75947;66
75948;218
75949;228
75950;235
75951;277
75952;189
75953;97
75954;8
75955;278
75956;228
75957;252
75958;166
75959;137
75960;231
75961;217
75962;34
75963;139
75964;137
75965;176
75966;81
75967;202
75968;157
75969;71
75970;243
75971;242
75972;91
75973;166
75974;235
75975;156
75976;140
75977;228
75978;183
75979;224
75980;83
75981;235
75982;220
75983;157
75984;278
75985;261
75986;280
75987;83
75988;235
75989;243
75990;277
75991;166
75992;208
75993;272
75994;210
75995;189
75996;189
75997;189
75998;217
75999;221
76000;126
76001;126
76002;60
76003;48
76004;116
76005;18
76006;66
76007;189
76008;146
76009;202
76010;83
76011;189
76012;71
76013;242
76014;228
76015;166
76016;189
76017;102
76018;189
76019;112
76020;210
76021;235
76022;71
76023;245
76024;245
76025;192
76026;48
76027;228
76028;294
76029;91
76030;115
76031;46
76032;245
76033;66
76034;149
76035;156
76036;146
76037;248
76038;146
76039;277
76040;261
76041;260
76042;59
76043;228
76044;170
76045;103
76046;242
76047;140
76048;177
76049;189
76050;245
76051;242
76052;83
76053;189
76054;102
76055;51
76056;189
76057;112
76058;191
76059;96
76060;183
76061;71
76062;87
76063;170
76064;248
76065;189
76066;280
76067;166
76068;189
76069;60
76070;105
76071;149
76072;284
76073;252
76074;156
76075;149
76076;149
76077;53
76078;53
76079;170
76080;210
76081;285
76082;60
76083;149
76084;133
76085;228
76086;112
76087;260
76088;189
76089;48
76090;166
76091;228
76092;166
76093;221
76094;25
76095;139
76096;160
76097;189
76098;260
76099;250
76100;170
76101;235
76102;83
76103;166
76104;200
76105;91
76106;252
76107;210
76108;146
76109;137
76110;76
76111;76
76112;235
76113;166
76114;238
76115;71
76116;62
76117;189
76118;112
76119;156
76120;166
76121;201
76122;31
76123;210
76124;183
76125;18
76126;214
76127;228
76128;60
76129;224
76130;170
76131;252
76132;228
76133;149
76134;87
76135;166
76136;149
76137;237
76138;20
76139;160
76140;189
76141;248
76142;83
76143;201
76144;134
76145;235
76146;134
76147;189
76148;248
76149;51
76150;200
76151;245
76152;146
76153;34
76154;228
76155;210
76156;218
76157;170
76158;189
76159;177
76160;156
76161;66
76162;189
76163;228
76164;214
76165;83
76166;238
76167;164
76168;248
76169;242
76170;60
76171;235
76172;71
76173;243
76174;149
76175;228
76176;170
76177;137
76178;66
76179;228
76180;260
76181;189
76182;280
76183;105
76184;169
76185;79
76186;280
76187;134
76188;112
76189;208
76190;245
76191;228
76192;252
76193;210
76194;170
76195;228
76196;220
76197;245
76198;242
76199;252
76200;83
76201;256
76202;286
76203;189
76204;83
76205;38
76206;126
76207;200
76208;248
76209;261
76210;40
76211;189
76212;260
76213;105
76214;83
76215;134
76216;210
76217;166
76218;170
76219;218
76220;221
76221;200
76222;189
76223;120
76224;243
76225;189
76226;170
76227;293
76228;83
76229;7
76230;38
76231;235
76232;58
76233;243
76234;228
76235;208
76236;213
76237;1
76238;189
76239;228
76240;235
76241;20
76242;164
76243;166
76244;149
76245;71
76246;102
76247;248
76248;134
76249;60
76250;166
76251;103
76252;243
76253;235
76254;189
76255;133
76256;228
76257;226
76258;137
76259;166
76260;133
76261;22
76262;183
76263;210
76264;243
76265;217
76266;177
76267;245
76268;237
76269;71
76270;189
76271;140
76272;11
76273;285
76274;210
76275;252
76276;146
76277;242
76278;166
76279;71
76280;91
76281;286
76282;210
76283;217
76284;260
76285;137
76286;260
76287;71
76288;149
76289;34
76290;235
76291;228
76292;20
76293;71
76294;170
76295;146
76296;157
76297;252
76298;237
76299;284
76300;146
76301;260
76302;285
76303;87
76304;260
76305;145
76306;280
76307;71
76308;189
76309;166
76310;200
76311;166
76312;245
76313;166
76314;228
76315;285
76316;210
76317;213
76318;189
76319;149
76320;202
76321;208
76322;156
76323;243
76324;157
76325;134
76326;189
76327;20
76328;103
76329;96
76330;260
76331;83
76332;294
76333;62
76334;228
76335;170
76336;237
76337;11
76338;226
76339;260
76340;260
76341;170
76342;20
76343;260
76344;228
76345;192
76346;248
76347;166
76348;38
76349;245
76350;224
76351;91
76352;149
76353;160
76354;7
76355;260
76356;200
76357;166
76358;237
76359;146
76360;260
76361;160
76362;129
76363;286
76364;226
76365;260
76366;242
76367;170
76368;210
76369;210
76370;133
76371;112
76372;149
76373;248
76374;102
76375;243
76376;46
76377;60
76378;252
76379;265
76380;210
76381;228
76382;159
76383;86
76384;149
76385;243
76386;44
76387;213
76388;237
76389;228
76390;192
76391;248
76392;242
76393;245
76394;260
76395;235
76396;228
76397;40
76398;260
76399;243
76400;189
76401;294
76402;221
76403;189
76404;14
76405;14
76406;103
76407;228
76408;260
76409;105
76410;189
76411;20
76412;260
76413;44
76414;294
76415;210
76416;-1
76417;228
76418;220
76419;242
76420;243
76421;8
76422;278
76423;83
76424;254
76425;7
76426;189
76427;189
76428;280
76429;220
76430;254
76431;170
76432;228
76433;252
76434;46
76435;126
76436;87
76437;83
76438;18
76439;14
76440;83
76441;279
76442;44
76443;189
76444;86
76445;189
76446;242
76447;156
76448;202
76449;137
76450;210
76451;34
76452;189
76453;260
76454;213
76455;40
76456;44
76457;294
76458;201
76459;266
76460;21
76461;83
76462;156
76463;200
76464;59
76465;71
76466;245
76467;14
76468;166
76469;260
76470;156
76471;294
76472;191
76473;202
76474;189
76475;149
76476;235
76477;294
76478;201
76479;294
76480;213
76481;166
76482;166
76483;189
76484;189
76485;149
76486;177
76487;210
76488;235
76489;66
76490;166
76491;166
76492;170
76493;189
76494;145
76495;228
76496;210
76497;134
76498;146
76499;66
76500;87
76501;208
76502;245
76503;234
76504;210
76505;221
76506;189
76507;104
76508;166
76509;108
76510;260
76511;59
76512;20
76513;200
76514;66
76515;149
76516;71
76517;8
76518;235
76519;192
76520;209
76521;202
76522;166
76523;91
76524;228
76525;228
76526;156
76527;201
76528;102
76529;278
76530;192
76531;170
76532;170
76533;71
76534;228
76535;170
76536;260
76537;248
76538;7
76539;114
76540;20
76541;248
76542;228
76543;228
76544;48
76545;189
76546;245
76547;183
76548;71
76549;228
76550;18
76551;97
76552;149
76553;221
76554;137
76555;189
76556;170
76557;112
76558;210
76559;24
76560;245
76561;112
76562;189
76563;166
76564;228
76565;166
76566;260
76567;235
76568;46
76569;202
76570;60
76571;228
76572;112
76573;189
76574;166
76575;228
76576;228
76577;149
76578;272
76579;156
76580;245
76581;260
76582;149
76583;166
76584;245
76585;83
76586;129
76587;60
76588;189
76589;146
76590;261
76591;51
76592;228
76593;166
76594;71
76595;254
76596;46
76597;1
76598;44
76599;60
76600;189
76601;169
76602;183
76603;228
76604;183
76605;277
76606;170
76607;245
76608;71
76609;51
76610;243
76611;260
76612;149
76613;221
76614;166
76615;18
76616;294
76617;285
76618;202
76619;46
76620;284
76621;166
76622;248
76623;83
76624;149
76625;166
76626;145
76627;248
76628;200
76629;201
76630;66
76631;137
76632;189
76633;235
76634;228
76635;170
76636;115
76637;228
76638;189
76639;279
76640;112
76641;210
76642;212
76643;149
76644;288
76645;235
76646;156
76647;137
76648;189
76649;245
76650;189
76651;254
76652;170
76653;228
76654;260
76655;71
76656;18
76657;260
76658;170
76659;157
76660;134
76661;210
76662;46
76663;51
76664;189
76665;288
76666;24
76667;115
76668;189
76669;112
76670;24
76671;71
76672;1
76673;228
76674;115
76675;156
76676;166
76677;134
76678;248
76679;213
76680;294
76681;102
76682;294
76683;228
76684;228
76685;104
76686;210
76687;170
76688;114
76689;156
76690;248
76691;170
76692;170
76693;294
76694;137
76695;235
76696;86
76697;166
76698;20
76699;221
76700;71
76701;66
76702;210
76703;40
76704;112
76705;280
76706;210
76707;129
76708;137
76709;285
76710;166
76711;71
76712;177
76713;112
76714;182
76715;228
76716;260
76717;44
76718;48
76719;192
76720;252
76721;217
76722;71
76723;83
76724;149
76725;87
76726;245
76727;228
76728;213
76729;242
76730;115
76731;260
76732;112
76733;189
76734;83
76735;280
76736;112
76737;60
76738;83
76739;156
76740;228
76741;212
76742;149
76743;137
76744;189
76745;183
76746;7
76747;189
76748;22
76749;260
76750;228
76751;285
76752;242
76753;134
76754;210
76755;170
76756;285
76757;208
76758;166
76759;226
76760;189
76761;285
76762;84
76763;192
76764;137
76765;166
76766;226
76767;235
76768;212
76769;228
76770;284
76771;235
76772;210
76773;98
76774;265
76775;245
76776;48
76777;128
76778;189
76779;260
76780;86
76781;210
76782;169
76783;189
76784;284
76785;114
76786;71
76787;83
76788;71
76789;189
76790;176
76791;166
76792;213
76793;149
76794;112
76795;189
76796;278
76797;260
76798;228
76799;134
76800;224
76801;60
76802;112
76803;182
76804;260
76805;91
76806;228
76807;83
76808;169
76809;170
76810;103
76811;198
76812;71
76813;212
76814;44
76815;149
76816;170
76817;210
76818;243
76819;210
76820;248
76821;235
76822;149
76823;284
76824;166
76825;221
76826;226
76827;133
76828;243
76829;102
76830;134
76831;235
76832;189
76833;58
76834;34
76835;192
76836;208
76837;166
76838;210
76839;71
76840;228
76841;252
76842;198
76843;10
76844;114
76845;146
76846;134
76847;79
76848;252
76849;20
76850;260
76851;252
76852;235
76853;170
76854;60
76855;236
76856;279
76857;137
76858;156
76859;228
76860;145
76861;156
76862;208
76863;166
76864;242
76865;170
76866;228
76867;170
76868;60
76869;149
76870;228
76871;48
76872;294
76873;81
76874;231
76875;221
76876;157
76877;221
76878;189
76879;137
76880;189
76881;160
76882;156
76883;235
76884;254
76885;248
76886;145
76887;189
76888;210
76889;294
76890;133
76891;189
76892;202
76893;228
76894;189
76895;149
76896;280
76897;149
76898;116
76899;156
76900;170
76901;210
76902;170
76903;21
76904;231
76905;133
76906;242
76907;210
76908;189
76909;189
76910;235
76911;210
76912;261
76913;267
76914;285
76915;228
76916;126
76917;235
76918;40
76919;242
76920;272
76921;83
76922;237
76923;248
76924;102
76925;192
76926;83
76927;228
76928;40
76929;280
76930;48
76931;294
76932;166
76933;170
76934;102
76935;242
76936;86
76937;66
76938;245
76939;149
76940;202
76941;137
76942;166
76943;156
76944;48
76945;192
76946;217
76947;254
76948;66
76949;228
76950;189
76951;235
76952;46
76953;79
76954;76
76955;189
76956;48
76957;170
76958;170
76959;189
76960;112
76961;44
76962;177
76963;208
76964;166
76965;66
76966;83
76967;208
76968;285
76969;210
76970;112
76971;11
76972;73
76973;71
76974;166
76975;202
76976;228
76977;189
76978;294
76979;213
76980;166
76981;7
76982;133
76983;46
76984;210
76985;235
76986;248
76987;189
76988;60
76989;156
76990;112
76991;60
76992;156
76993;192
76994;260
76995;149
76996;248
76997;280
76998;252
76999;134
77000;170
77001;202
77002;260
77003;285
77004;149
77005;166
77006;149
77007;134
77008;115
77009;256
77010;214
77011;202
77012;266
77013;189
77014;280
77015;44
77016;202
77017;189
77018;170
77019;200
77020;242
77021;228
77022;210
77023;228
77024;156
77025;183
77026;60
77027;210
77028;235
77029;76
77030;48
77031;170
77032;166
77033;71
77034;260
77035;250
77036;60
77037;115
77038;261
77039;157
77040;159
77041;149
77042;294
77043;84
77044;112
77045;189
77046;202
77047;149
77048;235
77049;149
77050;221
77051;260
77052;189
77053;213
77054;210
77055;202
77056;217
77057;59
77058;145
77059;20
77060;1
77061;260
77062;79
77063;170
77064;210
77065;260
77066;192
77067;108
77068;254
77069;104
77070;114
77071;228
77072;248
77073;148
77074;83
77075;166
77076;44
77077;260
77078;189
77079;149
77080;261
77081;156
77082;189
77083;245
77084;265
77085;34
77086;48
77087;200
77088;129
77089;263
77090;166
77091;177
77092;235
77093;245
77094;170
77095;245
77096;133
77097;58
77098;238
77099;228
77100;208
77101;14
77102;210
77103;44
77104;145
77105;18
77106;235
77107;149
77108;149
77109;228
77110;260
77111;260
77112;170
77113;149
77114;260
77115;189
77116;192
77117;228
77118;103
77119;252
77120;260
77121;166
77122;145
77123;157
77124;183
77125;134
77126;170
77127;245
77128;228
77129;156
77130;189
77131;149
77132;261
77133;228
77134;83
77135;145
77136;126
77137;237
77138;208
77139;105
77140;149
77141;294
77142;116
77143;149
77144;71
77145;189
77146;210
77147;245
77148;214
77149;149
77150;112
77151;210
77152;234
77153;83
77154;137
77155;120
77156;243
77157;235
77158;114
77159;243
77160;166
77161;134
77162;112
77163;170
77164;261
77165;102
77166;16
77167;248
77168;102
77169;105
77170;20
77171;189
77172;83
77173;149
77174;87
77175;248
77176;235
77177;129
77178;280
77179;243
77180;58
77181;87
77182;237
77183;189
77184;256
77185;44
77186;202
77187;146
77188;202
77189;1
77190;252
77191;146
77192;286
77193;166
77194;66
77195;286
77196;210
77197;149
77198;145
77199;177
77200;226
77201;133
77202;170
77203;149
77204;71
77205;20
77206;128
77207;34
77208;91
77209;245
77210;294
77211;71
77212;278
77213;102
77214;18
77215;278
77216;228
77217;83
77218;248
77219;284
77220;170
77221;156
77222;40
77223;112
77224;170
77225;149
77226;260
77227;260
77228;189
77229;149
77230;105
77231;114
77232;83
77233;86
77234;14
77235;134
77236;71
77237;285
77238;134
77239;260
77240;213
77241;176
77242;48
77243;189
77244;120
77245;294
77246;284
77247;140
77248;189
77249;189
77250;156
77251;189
77252;294
77253;210
77254;156
77255;156
77256;189
77257;7
77258;200
77259;166
77260;126
77261;248
77262;231
77263;189
77264;145
77265;248
77266;149
77267;71
77268;224
77269;156
77270;170
77271;166
77272;189
77273;137
77274;245
77275;36
77276;220
77277;217
77278;208
77279;213
77280;189
77281;166
77282;166
77283;191
77284;133
77285;288
77286;164
77287;112
77288;212
77289;248
77290;242
77291;272
77292;294
77293;133
77294;30
77295;261
77296;235
77297;228
77298;83
77299;200
77300;71
77301;228
77302;114
77303;71
77304;20
77305;266
77306;210
77307;166
77308;235
77309;210
77310;60
77311;103
77312;228
77313;170
77314;14
77315;254
77316;149
77317;160
77318;217
77319;202
77320;234
77321;145
77322;133
77323;202
77324;76
77325;242
77326;166
77327;128
77328;76
77329;260
77330;221
77331;189
77332;277
77333;177
77334;248
77335;192
77336;261
77337;235
77338;261
77339;137
77340;83
77341;156
77342;170
77343;260
77344;284
77345;220
77346;128
77347;189
77348;170
77349;254
77350;24
77351;97
77352;189
77353;134
77354;83
77355;183
77356;266
77357;248
77358;170
77359;102
77360;242
77361;14
77362;170
77363;149
77364;235
77365;44
77366;83
77367;221
77368;18
77369;166
77370;260
77371;116
77372;198
77373;245
77374;48
77375;198
77376;228
77377;166
77378;202
77379;285
77380;210
77381;108
77382;285
77383;192
77384;212
77385;59
77386;87
77387;7
77388;294
77389;83
77390;189
77391;91
77392;200
77393;245
77394;170
77395;71
77396;228
77397;231
77398;156
77399;260
77400;156
77401;260
77402;228
77403;59
77404;202
77405;58
77406;156
77407;149
77408;235
77409;248
77410;44
77411;133
77412;294
77413;280
77414;170
77415;149
77416;284
77417;166
77418;236
77419;34
77420;218
77421;137
77422;252
77423;248
77424;170
77425;189
77426;242
77427;252
77428;189
77429;48
77430;166
77431;83
77432;170
77433;66
77434;166
77435;83
77436;208
77437;116
77438;128
77439;137
77440;170
77441;37
77442;134
77443;59
77444;183
77445;189
77446;20
77447;218
77448;192
77449;14
77450;200
77451;46
77452;166
77453;34
77454;210
77455;189
77456;22
77457;237
77458;189
77459;210
77460;260
77461;114
77462;192
77463;280
77464;40
77465;294
77466;108
77467;278
77468;98
77469;91
77470;294
77471;48
77472;226
77473;260
77474;108
77475;189
77476;182
77477;261
77478;189
77479;76
77480;285
77481;252
77482;260
77483;149
77484;192
77485;294
77486;156
77487;245
77488;170
77489;133
77490;235
77491;189
77492;191
77493;112
77494;166
77495;112
77496;202
77497;189
77498;146
77499;24
77500;294
77501;34
77502;231
77503;245
77504;235
77505;86
77506;40
77507;254
77508;115
77509;10
77510;212
77511;81
77512;248
77513;242
77514;166
77515;260
77516;245
77517;294
77518;260
77519;128
77520;189
77521;48
77522;245
77523;228
77524;189
77525;189
77526;34
77527;86
77528;20
77529;261
77530;83
77531;166
77532;231
77533;189
77534;114
77535;189
77536;220
77537;48
77538;149
77539;140
77540;79
77541;71
77542;252
77543;126
77544;166
77545;134
77546;192
77547;120
77548;145
77549;170
77550;34
77551;145
77552;20
77553;245
77554;214
77555;245
77556;234
77557;44
77558;288
77559;210
77560;31
77561;60
77562;221
77563;128
77564;76
77565;34
77566;156
77567;44
77568;166
77569;157
77570;149
77571;102
77572;24
77573;235
77574;235
77575;260
77576;231
77577;245
77578;20
77579;170
77580;243
77581;139
77582;242
77583;112
77584;294
77585;235
77586;245
77587;228
77588;248
77589;189
77590;149
77591;252
77592;149
77593;260
77594;260
77595;213
77596;103
77597;86
77598;242
77599;261
77600;238
77601;71
77602;260
77603;71
77604;234
77605;8
77606;235
77607;191
77608;189
77609;189
77610;137
77611;133
77612;220
77613;245
77614;217
77615;112
77616;294
77617;235
77618;83
77619;254
77620;202
77621;83
77622;40
77623;214
77624;83
77625;134
77626;112
77627;134
77628;166
77629;156
77630;220
77631;83
77632;166
77633;248
77634;238
77635;243
77636;134
77637;260
77638;221
77639;140
77640;170
77641;245
77642;156
77643;31
77644;114
77645;149
77646;248
77647;189
77648;87
77649;166
77650;170
77651;137
77652;134
77653;166
77654;277
77655;212
77656;46
77657;261
77658;22
77659;189
77660;210
77661;24
77662;192
77663;108
77664;245
77665;83
77666;166
77667;243
77668;112
77669;66
77670;228
77671;170
77672;280
77673;44
77674;166
77675;177
77676;44
77677;182
77678;252
77679;235
77680;228
77681;245
77682;260
77683;294
77684;280
77685;210
77686;166
77687;145
77688;192
77689;59
77690;189
77691;235
77692;228
77693;183
77694;170
77695;242
77696;83
77697;231
77698;120
77699;183
77700;235
77701;267
77702;157
77703;83
77704;280
77705;189
77706;201
77707;149
77708;60
77709;247
77710;34
77711;247
77712;228
77713;149
77714;170
77715;166
77716;177
77717;149
77718;192
77719;228
77720;22
77721;260
77722;149
77723;228
77724;98
77725;200
77726;189
77727;71
77728;214
77729;48
77730;176
77731;243
77732;285
77733;170
77734;16
77735;108
77736;243
77737;134
77738;266
77739;235
77740;145
77741;137
77742;134
77743;166
77744;51
77745;228
77746;133
77747;228
77748;245
77749;248
77750;235
77751;189
77752;189
77753;277
77754;248
77755;14
77756;71
77757;280
77758;133
77759;102
77760;14
77761;245
77762;221
77763;235
77764;252
77765;1
77766;228
77767;46
77768;228
77769;260
77770;260
77771;87
77772;133
77773;235
77774;83
77775;189
77776;228
77777;235
77778;58
77779;87
77780;48
77781;170
77782;224
77783;166
77784;1
77785;198
77786;260
77787;166
77788;202
77789;242
77790;235
77791;228
77792;20
77793;235
77794;133
77795;228
77796;294
77797;284
77798;228
77799;221
77800;20
77801;126
77802;149
77803;60
77804;231
77805;277
77806;235
77807;210
77808;166
77809;213
77810;228
77811;166
77812;149
77813;91
77814;294
77815;10
77816;66
77817;-1
77818;252
77819;20
77820;245
77821;214
77822;278
77823;228
77824;149
77825;243
77826;71
77827;254
77828;260
77829;260
77830;55
77831;126
77832;228
77833;115
77834;170
77835;177
77836;252
77837;245
77838;189
77839;261
77840;86
77841;248
77842;48
77843;221
77844;252
77845;149
77846;51
77847;149
77848;20
77849;166
77850;156
77851;284
77852;170
77853;263
77854;170
77855;231
77856;189
77857;235
77858;210
77859;278
77860;235
77861;288
77862;217
77863;294
77864;294
77865;166
77866;272
77867;60
77868;116
77869;228
77870;170
77871;170
77872;183
77873;183
77874;112
77875;294
77876;170
77877;134
77878;228
77879;44
77880;189
77881;189
77882;198
77883;235
77884;166
77885;285
77886;200
77887;105
77888;231
77889;40
77890;284
77891;83
77892;254
77893;83
77894;40
77895;265
77896;83
77897;71
77898;228
77899;51
77900;20
77901;40
77902;133
77903;128
77904;60
77905;149
77906;245
77907;166
77908;149
77909;208
77910;189
77911;149
77912;245
77913;260
77914;149
77915;55
77916;133
77917;210
77918;66
77919;22
77920;134
77921;252
77922;86
77923;294
77924;189
77925;38
77926;235
77927;134
77928;235
77929;115
77930;177
77931;260
77932;51
77933;200
77934;228
77935;129
77936;189
77937;202
77938;235
77939;170
77940;285
77941;183
77942;208
77943;294
77944;189
77945;170
77946;166
77947;7
77948;157
77949;71
77950;202
77951;228
77952;210
77953;137
77954;48
77955;59
77956;210
77957;166
77958;210
77959;59
77960;156
77961;71
77962;83
77963;170
77964;192
77965;252
77966;170
77967;260
77968;156
77969;108
77970;245
77971;83
77972;157
77973;242
77974;228
77975;235
77976;252
77977;71
77978;149
77979;243
77980;248
77981;103
77982;166
77983;189
77984;277
77985;112
77986;192
77987;249
77988;260
77989;91
77990;189
77991;137
77992;149
77993;189
77994;166
77995;183
77996;210
77997;260
77998;213
77999;261
78000;252
78001;235
78002;189
78003;20
78004;134
78005;248
78006;260
78007;280
78008;71
78009;189
78010;170
78011;66
78012;156
78013;202
78014;149
78015;60
78016;220
78017;228
78018;245
78019;202
78020;189
78021;166
78022;83
78023;189
78024;20
78025;156
78026;83
78027;208
78028;160
78029;294
78030;48
78031;18
78032;34
78033;120
78034;228
78035;83
78036;245
78037;170
78038;108
78039;189
78040;149
78041;189
78042;243
78043;112
78044;200
78045;170
78046;260
78047;217
78048;55
78049;76
78050;159
78051;166
78052;83
78053;166
78054;221
78055;252
78056;218
78057;245
78058;208
78059;145
78060;86
78061;189
78062;79
78063;156
78064;133
78065;252
78066;149
78067;137
78068;265
78069;260
78070;79
78071;83
78072;243
78073;134
78074;210
78075;166
78076;260
78077;235
78078;176
78079;114
78080;245
78081;228
78082;228
78083;189
78084;166
78085;145
78086;228
78087;149
78088;156
78089;228
78090;105
78091;87
78092;183
78093;166
78094;231
78095;60
78096;71
78097;242
78098;157
78099;228
78100;156
78101;48
78102;242
78103;200
78104;260
78105;217
78106;228
78107;60
78108;228
78109;235
78110;201
78111;189
78112;261
78113;202
78114;149
78115;214
78116;55
78117;245
78118;83
78119;235
78120;149
78121;166
78122;260
78123;189
78124;228
78125;140
78126;160
78127;202
78128;200
78129;210
78130;83
78131;198
78132;228
78133;218
78134;112
78135;183
78136;170
78137;245
78138;58
78139;71
78140;245
78141;34
78142;170
78143;235
78144;87
78145;242
78146;146
78147;256
78148;189
78149;189
78150;134
78151;272
78152;128
78153;38
78154;133
78155;210
78156;166
78157;166
78158;182
78159;146
78160;71
78161;280
78162;228
78163;235
78164;234
78165;126
78166;189
78167;210
78168;260
78169;278
78170;280
78171;221
78172;170
78173;170
78174;228
78175;140
78176;294
78177;238
78178;294
78179;164
78180;250
78181;108
78182;260
78183;248
78184;83
78185;114
78186;201
78187;71
78188;134
78189;16
78190;20
78191;108
78192;166
78193;14
78194;170
78195;245
78196;166
78197;48
78198;160
78199;170
78200;156
78201;228
78202;260
78203;248
78204;183
78205;189
78206;149
78207;202
78208;201
78209;157
78210;210
78211;48
78212;148
78213;189
78214;288
78215;134
78216;183
78217;170
78218;166
78219;137
78220;139
78221;260
78222;183
78223;71
78224;226
78225;201
78226;245
78227;71
78228;228
78229;208
78230;157
78231;98
78232;189
78233;256
78234;228
78235;166
78236;189
78237;245
78238;228
78239;189
78240;38
78241;238
78242;261
78243;170
78244;228
78245;164
78246;160
78247;245
78248;134
78249;86
78250;245
78251;235
78252;105
78253;231
78254;228
78255;16
78256;114
78257;189
78258;252
78259;170
78260;279
78261;189
78262;228
78263;248
78264;170
78265;228
78266;235
78267;149
78268;189
78269;160
78270;157
78271;248
78272;166
78273;46
78274;202
78275;228
78276;149
78277;166
78278;170
78279;272
78280;149
78281;213
78282;156
78283;260
78284;247
78285;156
78286;192
78287;261
78288;238
78289;83
78290;48
78291;66
78292;149
78293;189
78294;133
78295;278
78296;260
78297;245
78298;235
78299;210
78300;97
78301;228
78302;237
78303;170
78304;235
78305;210
78306;210
78307;149
78308;235
78309;83
78310;252
78311;228
78312;146
78313;226
78314;91
78315;228
78316;260
78317;71
78318;98
78319;212
78320;71
78321;280
78322;228
78323;228
78324;189
78325;202
78326;166
78327;83
78328;182
78329;285
78330;266
78331;83
78332;272
78333;228
78334;128
78335;48
78336;87
78337;248
78338;83
78339;260
78340;221
78341;243
78342;237
78343;242
78344;170
78345;8
78346;228
78347;278
78348;224
78349;228
78350;189
78351;72
78352;18
78353;210
78354;149
78355;71
78356;170
78357;48
78358;149
78359;210
78360;192
78361;170
78362;260
78363;166
78364;221
78365;-1
78366;261
78367;285
78368;83
78369;71
78370;156
78371;189
78372;44
78373;134
78374;277
78375;20
78376;128
78377;134
78378;116
78379;112
78380;252
78381;34
78382;210
78383;202
78384;177
78385;189
78386;189
78387;245
78388;286
78389;83
78390;149
78391;228
78392;245
78393;200
78394;235
78395;166
78396;139
78397;102
78398;228
78399;60
78400;170
78401;134
78402;189
78403;236
78404;210
78405;170
78406;208
78407;189
78408;137
78409;260
78410;102
78411;217
78412;105
78413;149
78414;149
78415;166
78416;235
78417;182
78418;220
78419;104
78420;242
78421;235
78422;20
78423;260
78424;235
78425;112
78426;261
78427;228
78428;235
78429;235
78430;91
78431;20
78432;48
78433;146
78434;24
78435;235
78436;261
78437;261
78438;48
78439;166
78440;157
78441;235
78442;280
78443;235
78444;285
78445;71
78446;86
78447;254
78448;228
78449;243
78450;170
78451;210
78452;102
78453;189
78454;260
78455;166
78456;189
78457;228
78458;260
78459;149
78460;14
78461;18
78462;120
78463;149
78464;189
78465;149
78466;243
78467;228
78468;261
78469;83
78470;51
78471;91
78472;192
78473;189
78474;189
78475;140
78476;221
78477;220
78478;189
78479;177
78480;71
78481;228
78482;134
78483;145
78484;260
78485;134
78486;114
78487;280
78488;252
78489;243
78490;260
78491;102
78492;40
78493;213
78494;146
78495;252
78496;210
78497;272
78498;280
78499;146
78500;192
78501;282
78502;248
78503;245
78504;156
78505;16
78506;18
78507;243
78508;66
78509;228
78510;260
78511;166
78512;102
78513;228
78514;260
78515;242
78516;126
78517;139
78518;242
78519;170
78520;112
78521;248
78522;261
78523;148
78524;139
78525;202
78526;149
78527;83
78528;157
78529;51
78530;189
78531;245
78532;235
78533;228
78534;166
78535;126
78536;189
78537;220
78538;277
78539;288
78540;260
78541;149
78542;217
78543;124
78544;242
78545;60
78546;60
78547;7
78548;189
78549;189
78550;189
78551;221
78552;235
78553;166
78554;235
78555;149
78556;272
78557;59
78558;199
78559;272
78560;87
78561;200
78562;10
78563;294
78564;146
78565;226
78566;189
78567;166
78568;22
78569;260
78570;220
78571;243
78572;166
78573;189
78574;189
78575;248
78576;112
78577;235
78578;228
78579;177
78580;170
78581;156
78582;170
78583;166
78584;149
78585;245
78586;228
78587;189
78588;134
78589;166
78590;231
78591;235
78592;237
78593;149
78594;146
78595;166
78596;189
78597;192
78598;59
78599;149
78600;226
78601;235
78602;48
78603;272
78604;120
78605;139
78606;38
78607;189
78608;209
78609;112
78610;189
78611;191
78612;11
78613;198
78614;238
78615;247
78616;87
78617;213
78618;288
78619;280
78620;210
78621;214
78622;248
78623;149
78624;166
78625;14
78626;145
78627;208
78628;60
78629;83
78630;221
78631;236
78632;149
78633;243
78634;128
78635;235
78636;156
78637;133
78638;183
78639;149
78640;189
78641;210
78642;248
78643;112
78644;228
78645;260
78646;145
78647;256
78648;83
78649;134
78650;14
78651;14
78652;102
78653;71
78654;200
78655;248
78656;189
78657;189
78658;260
78659;250
78660;170
78661;228
78662;170
78663;86
78664;189
78665;183
78666;287
78667;134
78668;134
78669;146
78670;189
78671;66
78672;76
78673;228
78674;83
78675;214
78676;228
78677;252
78678;58
78679;87
78680;149
78681;226
78682;134
78683;170
78684;238
78685;245
78686;198
78687;201
78688;235
78689;166
78690;133
78691;235
78692;133
78693;189
78694;202
78695;149
78696;228
78697;228
78698;134
78699;137
78700;217
78701;288
78702;112
78703;260
78704;62
78705;73
78706;166
78707;146
78708;166
78709;71
78710;228
78711;48
78712;237
78713;294
78714;228
78715;243
78716;58
78717;248
78718;235
78719;145
78720;166
78721;149
78722;243
78723;221
78724;14
78725;102
78726;170
78727;200
78728;245
78729;189
78730;210
78731;228
78732;218
78733;128
78734;189
78735;58
78736;48
78737;133
78738;115
78739;189
78740;170
78741;137
78742;71
78743;66
78744;86
78745;20
78746;166
78747;60
78748;48
78749;287
78750;245
78751;166
78752;235
78753;237
78754;149
78755;102
78756;243
78757;44
78758;189
78759;38
78760;210
78761;22
78762;177
78763;73
78764;260
78765;191
78766;71
78767;252
78768;149
78769;20
78770;261
78771;170
78772;189
78773;157
78774;189
78775;221
78776;137
78777;284
78778;126
78779;166
78780;71
78781;149
78782;183
78783;112
78784;71
78785;284
78786;87
78787;210
78788;170
78789;294
78790;59
78791;284
78792;228
78793;105
78794;235
78795;209
78796;20
78797;170
78798;228
78799;137
78800;200
78801;228
78802;170
78803;114
78804;83
78805;228
78806;20
78807;284
78808;71
78809;189
78810;202
78811;133
78812;248
78813;166
78814;235
78815;260
78816;208
78817;243
78818;126
78819;86
78820;149
78821;129
78822;242
78823;202
78824;208
78825;261
78826;243
78827;243
78828;103
78829;221
78830;112
78831;21
78832;102
78833;252
78834;220
78835;102
78836;235
78837;38
78838;146
78839;146
78840;134
78841;91
78842;260
78843;260
78844;228
78845;260
78846;266
78847;129
78848;237
78849;170
78850;71
78851;228
78852;166
78853;189
78854;134
78855;284
78856;166
78857;170
78858;134
78859;83
78860;170
78861;235
78862;128
78863;146
78864;210
78865;166
78866;189
78867;280
78868;210
78869;170
78870;189
78871;210
78872;97
78873;166
78874;252
78875;238
78876;10
78877;294
78878;245
78879;83
78880;213
78881;260
78882;228
78883;245
78884;157
78885;228
78886;285
78887;170
78888;149
78889;243
78890;14
78891;156
78892;103
78893;112
78894;260
78895;284
78896;200
78897;112
78898;202
78899;46
78900;177
78901;243
78902;235
78903;166
78904;189
78905;242
78906;260
78907;248
78908;260
78909;160
78910;137
78911;294
78912;48
78913;166
78914;14
78915;189
78916;224
78917;170
78918;237
78919;228
78920;189
78921;260
78922;112
78923;260
78924;48
78925;189
78926;265
78927;11
78928;156
78929;235
78930;112
78931;34
78932;210
78933;20
78934;102
78935;83
78936;189
78937;260
78938;91
78939;112
78940;170
78941;254
78942;242
78943;149
78944;170
78945;79
78946;44
78947;146
78948;245
78949;46
78950;260
78951;87
78952;170
78953;21
78954;114
78955;201
78956;44
78957;294
78958;66
78959;34
78960;189
78961;189
78962;235
78963;87
78964;66
78965;245
78966;228
78967;20
78968;103
78969;177
78970;260
78971;156
78972;200
78973;20
78974;210
78975;134
78976;185
78977;170
78978;189
78979;260
78980;59
78981;83
78982;236
78983;18
78984;20
78985;83
78986;280
78987;248
78988;176
78989;-1
78990;86
78991;285
78992;220
78993;166
78994;200
78995;242
78996;170
78997;242
78998;189
78999;243
79000;149
79001;234
79002;137
79003;146
79004;254
79005;34
79006;108
79007;10
79008;149
79009;48
79010;137
79011;48
79012;108
79013;134
79014;267
79015;210
79016;83
79017;91
79018;115
79019;202
79020;192
79021;189
79022;228
79023;114
79024;242
79025;245
79026;189
79027;189
79028;166
79029;284
79030;248
79031;156
79032;210
79033;137
79034;260
79035;83
79036;209
79037;156
79038;228
79039;126
79040;44
79041;210
79042;149
79043;60
79044;267
79045;243
79046;83
79047;170
79048;59
79049;102
79050;60
79051;71
79052;280
79053;71
79054;189
79055;235
79056;86
79057;10
79058;55
79059;134
79060;189
79061;102
79062;202
79063;76
79064;228
79065;277
79066;140
79067;20
79068;183
79069;284
79070;177
79071;166
79072;129
79073;24
79074;189
79075;183
79076;170
79077;170
79078;245
79079;261
79080;133
79081;228
79082;134
79083;260
79084;87
79085;86
79086;248
79087;44
79088;210
79089;22
79090;170
79091;149
79092;189
79093;228
79094;128
79095;149
79096;248
79097;166
79098;261
79099;166
79100;202
79101;38
79102;18
79103;71
79104;235
79105;134
79106;166
79107;108
79108;210
79109;108
79110;235
79111;170
79112;192
79113;44
79114;137
79115;228
79116;46
79117;59
79118;108
79119;288
79120;170
79121;248
79122;51
79123;228
79124;156
79125;260
79126;166
79127;20
79128;200
79129;238
79130;243
79131;166
79132;261
79133;71
79134;149
79135;208
79136;228
79137;20
79138;235
79139;248
79140;149
79141;76
79142;235
79143;157
79144;189
79145;115
79146;245
79147;1
79148;202
79149;46
79150;83
79151;288
79152;248
79153;164
79154;284
79155;294
79156;265
79157;-1
79158;288
79159;112
79160;226
79161;160
79162;71
79163;228
79164;170
79165;284
79166;71
79167;202
79168;133
79169;235
79170;170
79171;235
79172;149
79173;87
79174;189
79175;38
79176;261
79177;170
79178;228
79179;189
79180;149
79181;156
79182;105
79183;254
79184;235
79185;20
79186;266
79187;228
79188;20
79189;228
79190;260
79191;282
79192;83
79193;44
79194;252
79195;189
79196;124
79197;248
79198;278
79199;44
79200;166
79201;247
79202;192
79203;51
79204;189
79205;115
79206;157
79207;145
79208;288
79209;210
79210;149
79211;189
79212;83
79213;192
79214;260
79215;166
79216;272
79217;200
79218;166
79219;145
79220;248
79221;200
79222;235
79223;228
79224;183
79225;189
79226;237
79227;86
79228;228
79229;170
79230;278
79231;192
79232;285
79233;245
79234;126
79235;235
79236;145
79237;237
79238;137
79239;71
79240;245
79241;242
79242;226
79243;260
79244;235
79245;164
79246;91
79247;66
79248;294
79249;166
79250;58
79251;-1
79252;87
79253;252
79254;112
79255;166
79256;209
79257;228
79258;71
79259;103
79260;228
79261;71
79262;260
79263;170
79264;71
79265;189
79266;1
79267;260
79268;248
79269;166
79270;98
79271;280
79272;79
79273;260
79274;66
79275;235
79276;124
79277;102
79278;228
79279;44
79280;248
79281;294
79282;228
79283;202
79284;236
79285;128
79286;237
79287;170
79288;86
79289;156
79290;87
79291;189
79292;278
79293;210
79294;210
79295;66
79296;108
79297;170
79298;210
79299;245
79300;231
79301;210
79302;224
79303;149
79304;170
79305;198
79306;128
79307;200
79308;170
79309;228
79310;115
79311;252
79312;156
79313;226
79314;14
79315;189
79316;192
79317;-1
79318;189
79319;284
79320;192
79321;170
79322;59
79323;83
79324;71
79325;183
79326;160
79327;228
79328;176
79329;177
79330;115
79331;189
79332;189
79333;76
79334;228
79335;260
79336;218
79337;44
79338;148
79339;86
79340;228
79341;102
79342;212
79343;160
79344;60
79345;217
79346;189
79347;228
79348;280
79349;87
79350;182
79351;71
79352;156
79353;189
79354;189
79355;137
79356;166
79357;149
79358;20
79359;189
79360;34
79361;98
79362;226
79363;243
79364;235
79365;261
79366;104
79367;280
79368;86
79369;189
79370;210
79371;134
79372;71
79373;202
79374;189
79375;243
79376;284
79377;76
79378;156
79379;245
79380;189
79381;213
79382;134
79383;277
79384;235
79385;149
79386;11
79387;157
79388;170
79389;166
79390;126
79391;128
79392;71
79393;228
79394;170
79395;294
79396;160
79397;294
79398;189
79399;189
79400;166
79401;166
79402;248
79403;83
79404;105
79405;260
79406;170
79407;102
79408;231
79409;248
79410;149
79411;71
79412;189
79413;208
79414;120
79415;243
79416;91
79417;37
79418;294
79419;294
79420;115
79421;170
79422;18
79423;284
79424;245
79425;140
79426;192
79427;145
79428;260
79429;133
79430;245
79431;108
79432;210
79433;166
79434;83
79435;133
79436;260
79437;87
79438;44
79439;156
79440;252
79441;285
79442;228
79443;166
79444;156
79445;156
79446;145
79447;146
79448;170
79449;156
79450;38
79451;191
79452;149
79453;34
79454;260
79455;189
79456;48
79457;128
79458;145
79459;243
79460;170
79461;285
79462;44
79463;218
79464;166
79465;192
79466;189
79467;189
79468;228
79469;210
79470;11
79471;156
79472;166
79473;248
79474;79
79475;210
79476;149
79477;134
79478;145
79479;284
79480;231
79481;260
79482;134
79483;200
79484;209
79485;40
79486;189
79487;170
79488;1
79489;83
79490;245
79491;83
79492;170
79493;243
79494;235
79495;112
79496;202
79497;102
79498;71
79499;166
79500;86
79501;83
79502;133
79503;62
79504;228
79505;208
79506;267
79507;221
79508;189
79509;170
79510;208
79511;159
79512;60
79513;267
79514;231
79515;235
79516;228
79517;146
79518;120
79519;166
79520;170
79521;294
79522;108
79523;1
79524;166
79525;260
79526;149
79527;210
79528;71
79529;156
79530;60
79531;156
79532;228
79533;228
79534;245
79535;228
79536;126
79537;189
79538;200
79539;294
79540;40
79541;149
79542;170
79543;248
79544;261
79545;235
79546;228
79547;280
79548;189
79549;228
79550;189
79551;166
79552;166
79553;201
79554;183
79555;126
79556;265
79557;210
79558;278
79559;228
79560;1
79561;202
79562;137
79563;83
79564;60
79565;245
79566;55
79567;231
79568;170
79569;79
79570;238
79571;217
79572;189
79573;202
79574;166
79575;8
79576;213
79577;245
79578;46
79579;248
79580;156
79581;272
79582;245
79583;248
79584;170
79585;201
79586;58
79587;86
79588;20
79589;177
79590;83
79591;20
79592;256
79593;170
79594;189
79595;112
79596;294
79597;102
79598;189
79599;176
79600;221
79601;128
79602;243
79603;189
79604;170
79605;248
79606;149
79607;210
79608;260
79609;166
79610;285
79611;146
79612;134
79613;87
79614;8
79615;145
79616;134
79617;202
79618;260
79619;210
79620;260
79621;210
79622;236
79623;14
79624;285
79625;20
79626;183
79627;11
79628;14
79629;166
79630;210
79631;66
79632;126
79633;263
79634;243
79635;166
79636;170
79637;79
79638;102
79639;256
79640;254
79641;102
79642;234
79643;228
79644;112
79645;189
79646;189
79647;245
79648;170
79649;176
79650;210
79651;228
79652;217
79653;134
79654;192
79655;83
79656;126
79657;149
79658;86
79659;252
79660;134
79661;278
79662;235
79663;7
79664;48
79665;134
79666;112
79667;284
79668;260
79669;189
79670;14
79671;108
79672;18
79673;149
79674;159
79675;133
79676;267
79677;149
79678;235
79679;248
79680;260
79681;228
79682;48
79683;149
79684;166
79685;285
79686;202
79687;166
79688;149
79689;137
79690;44
79691;146
79692;149
79693;210
79694;189
79695;91
79696;149
79697;254
79698;1
79699;247
79700;112
79701;261
79702;149
79703;278
79704;248
79705;149
79706;108
79707;108
79708;256
79709;102
79710;202
79711;248
79712;245
79713;149
79714;156
79715;183
79716;87
79717;137
79718;38
79719;48
79720;91
79721;170
79722;128
79723;189
79724;183
79725;87
79726;228
79727;228
79728;60
79729;210
79730;266
79731;14
79732;213
79733;294
79734;285
79735;86
79736;149
79737;112
79738;103
79739;34
79740;228
79741;235
79742;217
79743;245
79744;48
79745;228
79746;243
79747;149
79748;137
79749;202
79750;228
79751;112
79752;198
79753;189
79754;86
79755;248
79756;86
79757;189
79758;48
79759;48
79760;31
79761;272
79762;166
79763;170
79764;277
79765;243
79766;278
79767;248
79768;294
79769;149
79770;189
79771;157
79772;115
79773;260
79774;83
79775;134
79776;149
79777;217
79778;112
79779;198
79780;284
79781;210
79782;189
79783;213
79784;105
79785;226
79786;213
79787;236
79788;83
79789;48
79790;48
79791;71
79792;34
79793;245
79794;183
79795;166
79796;156
79797;149
79798;189
79799;103
79800;189
79801;210
79802;189
79803;189
79804;134
79805;102
79806;58
79807;146
79808;286
79809;66
79810;189
79811;66
79812;189
79813;235
79814;170
79815;166
79816;18
79817;149
79818;14
79819;7
79820;48
79821;157
79822;170
79823;48
79824;71
79825;254
79826;189
79827;71
79828;166
79829;284
79830;156
79831;235
79832;224
79833;166
79834;220
79835;137
79836;34
79837;34
79838;97
79839;81
79840;284
79841;137
79842;149
79843;159
79844;137
79845;189
79846;156
79847;44
79848;189
79849;189
79850;71
79851;86
79852;170
79853;128
79854;166
79855;200
79856;156
79857;245
79858;83
79859;40
79860;156
79861;277
79862;208
79863;159
79864;277
79865;294
79866;83
79867;278
79868;60
79869;189
79870;235
79871;261
79872;76
79873;44
79874;48
79875;285
79876;248
79877;149
79878;44
79879;166
79880;60
79881;235
79882;166
79883;60
79884;71
79885;261
79886;170
79887;137
79888;156
79889;189
79890;137
79891;8
79892;14
79893;189
79894;260
79895;202
79896;228
79897;96
79898;86
79899;192
79900;128
79901;137
79902;213
79903;7
79904;265
79905;166
79906;79
79907;149
79908;83
79909;192
79910;112
79911;166
79912;235
79913;228
79914;192
79915;59
79916;248
79917;224
79918;170
79919;128
79920;20
79921;166
79922;133
79923;228
79924;34
79925;231
79926;261
79927;66
79928;18
79929;284
79930;228
79931;243
79932;170
79933;183
79934;116
79935;146
79936;166
79937;294
79938;137
79939;137
79940;210
79941;100
79942;59
79943;44
79944;87
79945;228
79946;261
79947;243
79948;91
79949;20
79950;170
79951;208
79952;245
79953;166
79954;243
79955;166
79956;103
79957;18
79958;294
79959;103
79960;159
79961;192
79962;235
79963;226
79964;252
79965;228
79966;10
79967;170
79968;189
79969;71
79970;146
79971;228
79972;249
79973;189
79974;189
79975;189
79976;294
79977;201
79978;242
79979;7
79980;235
79981;18
79982;260
79983;228
79984;83
79985;228
79986;156
79987;248
79988;242
79989;86
79990;202
79991;226
79992;189
79993;220
79994;36
79995;235
79996;120
79997;235
79998;243
79999;294
80000;166
80001;260
80002;10
80003;260
80004;20
80005;20
80006;208
80007;83
80008;166
80009;245
80010;166
80011;189
80012;34
80013;192
80014;210
80015;242
80016;60
80017;66
80018;189
80019;228
80020;156
80021;170
80022;40
80023;218
80024;213
80025;217
80026;280
80027;83
80028;210
80029;248
80030;243
80031;20
80032;189
80033;112
80034;156
80035;140
80036;260
80037;71
80038;235
80039;58
80040;285
80041;76
80042;224
80043;294
80044;-1
80045;170
80046;76
80047;128
80048;83
80049;235
80050;24
80051;20
80052;102
80053;212
80054;294
80055;86
80056;248
80057;228
80058;149
80059;189
80060;7
80061;228
80062;238
80063;189
80064;260
80065;248
80066;156
80067;226
80068;170
80069;71
80070;48
80071;228
80072;115
80073;261
80074;192
80075;218
80076;14
80077;59
80078;79
80079;217
80080;210
80081;48
80082;146
80083;48
80084;108
80085;87
80086;286
80087;114
80088;134
80089;213
80090;250
80091;83
80092;71
80093;134
80094;284
80095;156
80096;112
80097;59
80098;71
80099;103
80100;252
80101;170
80102;10
80103;294
80104;48
80105;235
80106;166
80107;285
80108;228
80109;166
80110;200
80111;120
80112;234
80113;191
80114;112
80115;189
80116;228
80117;183
80118;140
80119;166
80120;280
80121;126
80122;166
80123;40
80124;71
80125;60
80126;14
80127;149
80128;220
80129;20
80130;280
80131;149
80132;245
80133;1
80134;261
80135;66
80136;76
80137;60
80138;248
80139;199
80140;164
80141;243
80142;86
80143;149
80144;192
80145;159
80146;73
80147;-1
80148;288
80149;242
80150;228
80151;116
80152;228
80153;228
80154;81
80155;217
80156;25
80157;38
80158;160
80159;189
80160;87
80161;260
80162;156
80163;260
80164;149
80165;267
80166;252
80167;133
80168;228
80169;228
80170;137
80171;266
80172;235
80173;83
80174;79
80175;37
80176;261
80177;83
80178;104
80179;156
80180;189
80181;238
80182;235
80183;189
80184;124
80185;242
80186;8
80187;192
80188;192
80189;71
80190;245
80191;201
80192;87
80193;145
80194;202
80195;192
80196;120
80197;83
80198;44
80199;202
80200;210
80201;146
80202;245
80203;83
80204;189
80205;214
80206;189
80207;182
80208;252
80209;235
80210;112
80211;280
80212;228
80213;44
80214;34
80215;228
80216;217
80217;76
80218;221
80219;137
80220;149
80221;252
80222;235
80223;228
80224;149
80225;189
80226;20
80227;126
80228;260
80229;235
80230;71
80231;245
80232;248
80233;245
80234;83
80235;235
80236;166
80237;157
80238;149
80239;66
80240;235
80241;137
80242;66
80243;209
80244;34
80245;226
80246;71
80247;245
80248;280
80249;228
80250;166
80251;252
80252;210
80253;228
80254;248
80255;83
80256;16
80257;242
80258;83
80259;140
80260;254
80261;202
80262;112
80263;242
80264;294
80265;166
80266;284
80267;79
80268;157
80269;189
80270;260
80271;213
80272;83
80273;166
80274;157
80275;221
80276;202
80277;294
80278;170
80279;228
80280;202
80281;200
80282;235
80283;166
80284;133
80285;149
80286;87
80287;280
80288;20
80289;192
80290;149
80291;60
80292;208
80293;284
80294;221
80295;20
80296;221
80297;277
80298;133
80299;213
80300;285
80301;189
80302;170
80303;228
80304;128
80305;108
80306;170
80307;228
80308;228
80309;112
80310;228
80311;83
80312;10
80313;228
80314;112
80315;105
80316;170
80317;-1
80318;149
80319;280
80320;137
80321;280
80322;1
80323;149
80324;210
80325;284
80326;170
80327;192
80328;183
80329;66
80330;20
80331;18
80332;51
80333;183
80334;265
80335;157
80336;148
80337;213
80338;102
80339;149
80340;202
80341;243
80342;210
80343;280
80344;16
80345;156
80346;280
80347;149
80348;245
80349;149
80350;189
80351;189
80352;220
80353;176
80354;116
80355;102
80356;221
80357;280
80358;266
80359;1
80360;170
80361;228
80362;71
80363;212
80364;235
80365;189
80366;134
80367;243
80368;83
80369;51
80370;208
80371;156
80372;83
80373;260
80374;224
80375;146
80376;245
80377;71
80378;235
80379;214
80380;87
80381;14
80382;71
80383;210
80384;235
80385;210
80386;170
80387;103
80388;210
80389;294
80390;170
80391;46
80392;46
80393;252
80394;235
80395;73
80396;189
80397;189
80398;44
80399;73
80400;260
80401;83
80402;66
80403;146
80404;260
80405;294
80406;189
80407;166
80408;260
80409;149
80410;192
80411;235
80412;235
80413;170
80414;217
80415;156
80416;137
80417;220
80418;140
80419;134
80420;189
80421;156
80422;37
80423;60
80424;44
80425;133
80426;46
80427;114
80428;137
80429;1
80430;60
80431;210
80432;44
80433;146
80434;166
80435;189
80436;235
80437;112
80438;248
80439;156
80440;137
80441;102
80442;243
80443;228
80444;134
80445;71
80446;260
80447;189
80448;210
80449;260
80450;149
80451;189
80452;166
80453;208
80454;228
80455;44
80456;252
80457;134
80458;228
80459;40
80460;149
80461;156
80462;261
80463;235
80464;79
80465;252
80466;134
80467;200
80468;245
80469;252
80470;189
80471;170
80472;166
80473;228
80474;83
80475;183
80476;260
80477;103
80478;235
80479;83
80480;126
80481;34
80482;156
80483;261
80484;112
80485;86
80486;189
80487;134
80488;7
80489;159
80490;140
80491;46
80492;201
80493;208
80494;134
80495;170
80496;83
80497;192
80498;284
80499;166
80500;189
80501;1
80502;112
80503;48
80504;156
80505;166
80506;252
80507;60
80508;166
80509;20
80510;156
80511;157
80512;166
80513;209
80514;282
80515;210
80516;40
80517;284
80518;59
80519;245
80520;191
80521;210
80522;59
80523;71
80524;149
80525;210
80526;261
80527;285
80528;228
80529;243
80530;166
80531;228
80532;166
80533;20
80534;166
80535;189
80536;210
80537;34
80538;1
80539;280
80540;228
80541;252
80542;156
80543;248
80544;235
80545;201
80546;189
80547;249
80548;248
80549;166
80550;256
80551;210
80552;201
80553;149
80554;242
80555;71
80556;170
80557;126
80558;183
80559;137
80560;228
80561;87
80562;243
80563;170
80564;176
80565;221
80566;66
80567;166
80568;170
80569;208
80570;149
80571;228
80572;170
80573;149
80574;170
80575;260
80576;44
80577;48
80578;87
80579;8
80580;166
80581;157
80582;38
80583;243
80584;231
80585;288
80586;71
80587;278
80588;263
80589;145
80590;243
80591;91
80592;209
80593;166
80594;272
80595;170
80596;170
80597;228
80598;170
80599;112
80600;149
80601;221
80602;134
80603;189
80604;242
80605;285
80606;260
80607;166
80608;133
80609;235
80610;149
80611;189
80612;217
80613;245
80614;149
80615;156
80616;228
80617;166
80618;96
80619;282
80620;71
80621;86
80622;166
80623;235
80624;124
80625;48
80626;20
80627;71
80628;83
80629;134
80630;156
80631;108
80632;228
80633;170
80634;44
80635;18
80636;189
80637;189
80638;76
80639;183
80640;279
80641;183
80642;44
80643;149
80644;260
80645;146
80646;183
80647;245
80648;260
80649;260
80650;228
80651;71
80652;102
80653;252
80654;200
80655;83
80656;248
80657;170
80658;272
80659;228
80660;278
80661;71
80662;228
80663;108
80664;156
80665;149
80666;102
80667;202
80668;149
80669;145
80670;260
80671;20
80672;288
80673;83
80674;252
80675;83
80676;220
80677;266
80678;170
80679;183
80680;37
80681;87
80682;228
80683;20
80684;83
80685;112
80686;86
80687;200
80688;149
80689;252
80690;60
80691;260
80692;86
80693;228
80694;159
80695;34
80696;272
80697;66
80698;224
80699;115
80700;224
80701;166
80702;170
80703;243
80704;114
80705;166
80706;137
80707;102
80708;71
80709;83
80710;218
80711;260
80712;294
80713;208
80714;189
80715;156
80716;277
80717;209
80718;189
80719;278
80720;164
80721;134
80722;157
80723;228
80724;166
80725;189
80726;134
80727;114
80728;60
80729;210
80730;200
80731;243
80732;145
80733;137
80734;228
80735;170
80736;134
80737;79
80738;235
80739;235
80740;228
80741;235
80742;243
80743;213
80744;285
80745;48
80746;48
80747;170
80748;79
80749;202
80750;228
80751;149
80752;134
80753;160
80754;189
80755;189
80756;210
80757;260
80758;245
80759;22
80760;37
80761;182
80762;44
80763;189
80764;87
80765;235
80766;53
80767;166
80768;189
80769;189
80770;170
80771;156
80772;83
80773;149
80774;235
80775;284
80776;183
80777;221
80778;149
80779;115
80780;71
80781;208
80782;71
80783;20
80784;235
80785;44
80786;210
80787;137
80788;166
80789;214
80790;37
80791;112
80792;159
80793;189
80794;189
80795;-1
80796;189
80797;228
80798;235
80799;210
80800;202
80801;294
80802;260
80803;182
80804;238
80805;242
80806;235
80807;157
80808;189
80809;235
80810;44
80811;71
80812;156
80813;34
80814;16
80815;189
80816;156
80817;133
80818;105
80819;245
80820;228
80821;62
80822;248
80823;252
80824;60
80825;224
80826;200
80827;228
80828;83
80829;237
80830;157
80831;242
80832;18
80833;183
80834;14
80835;228
80836;248
80837;133
80838;260
80839;146
80840;280
80841;166
80842;189
80843;102
80844;286
80845;228
80846;280
80847;266
80848;14
80849;149
80850;228
80851;128
80852;189
80853;288
80854;212
80855;20
80856;149
80857;248
80858;294
80859;156
80860;284
80861;228
80862;260
80863;48
80864;170
80865;183
80866;170
80867;183
80868;245
80869;120
80870;228
80871;112
80872;228
80873;149
80874;20
80875;51
80876;208
80877;228
80878;237
80879;71
80880;208
80881;228
80882;18
80883;103
80884;128
80885;134
80886;285
80887;226
80888;166
80889;182
80890;228
80891;248
80892;189
80893;133
80894;149
80895;71
80896;55
80897;116
80898;189
80899;156
80900;112
80901;192
80902;235
80903;7
80904;91
80905;166
80906;228
80907;221
80908;18
80909;226
80910;285
80911;260
80912;48
80913;44
80914;66
80915;245
80916;66
80917;156
80918;44
80919;210
80920;235
80921;148
80922;76
80923;189
80924;280
80925;20
80926;189
80927;145
80928;156
80929;210
80930;189
80931;252
80932;260
80933;252
80934;228
80935;242
80936;189
80937;71
80938;83
80939;252
80940;210
80941;261
80942;228
80943;48
80944;137
80945;149
80946;228
80947;83
80948;103
80949;166
80950;200
80951;128
80952;221
80953;189
80954;108
80955;248
80956;202
80957;170
80958;83
80959;202
80960;18
80961;235
80962;248
80963;112
80964;86
80965;156
80966;260
80967;48
80968;235
80969;217
80970;20
80971;83
80972;189
80973;83
80974;133
80975;294
80976;243
80977;48
80978;237
80979;260
80980;261
80981;235
80982;105
80983;86
80984;266
80985;221
80986;189
80987;248
80988;134
80989;228
80990;202
80991;48
80992;250
80993;284
80994;71
80995;228
80996;170
80997;116
80998;252
80999;166
81000;189
81001;280
81002;192
81003;208
81004;201
81005;260
81006;189
81007;235
81008;189
81009;160
81010;280
81011;238
81012;228
81013;224
81014;134
81015;260
81016;20
81017;210
81018;243
81019;252
81020;260
81021;170
81022;189
81023;48
81024;189
81025;83
81026;245
81027;286
81028;228
81029;48
81030;157
81031;48
81032;220
81033;71
81034;189
81035;252
81036;236
81037;18
81038;149
81039;235
81040;87
81041;66
81042;166
81043;146
81044;166
81045;126
81046;156
81047;102
81048;166
81049;189
81050;248
81051;176
81052;166
81053;280
81054;126
81055;242
81056;166
81057;62
81058;228
81059;102
81060;60
81061;149
81062;86
81063;260
81064;237
81065;20
81066;156
81067;149
81068;261
81069;235
81070;102
81071;260
81072;217
81073;280
81074;248
81075;149
81076;282
81077;285
81078;170
81079;66
81080;76
81081;129
81082;228
81083;157
81084;115
81085;170
81086;83
81087;228
81088;243
81089;202
81090;189
81091;189
81092;1
81093;149
81094;189
81095;149
81096;170
81097;120
81098;261
81099;170
81100;18
81101;40
81102;137
81103;48
81104;79
81105;261
81106;156
81107;260
81108;189
81109;189
81110;170
81111;261
81112;166
81113;108
81114;245
81115;126
81116;157
81117;189
81118;189
81119;145
81120;189
81121;66
81122;242
81123;192
81124;114
81125;114
81126;14
81127;14
81128;201
81129;170
81130;115
81131;252
81132;146
81133;34
81134;170
81135;248
81136;235
81137;189
81138;221
81139;226
81140;166
81141;208
81142;170
81143;254
81144;166
81145;166
81146;114
81147;210
81148;260
81149;260
81150;209
81151;189
81152;245
81153;160
81154;83
81155;51
81156;170
81157;235
81158;149
81159;112
81160;148
81161;260
81162;226
81163;166
81164;157
81165;149
81166;245
81167;208
81168;218
81169;248
81170;235
81171;129
81172;189
81173;51
81174;166
81175;189
81176;166
81177;228
81178;166
81179;189
81180;156
81181;58
81182;243
81183;14
81184;210
81185;221
81186;166
81187;164
81188;145
81189;10
81190;213
81191;44
81192;96
81193;242
81194;156
81195;284
81196;189
81197;265
81198;189
81199;235
81200;191
81201;198
81202;134
81203;137
81204;87
81205;166
81206;183
81207;87
81208;235
81209;189
81210;149
81211;228
81212;149
81213;133
81214;170
81215;267
81216;189
81217;245
81218;177
81219;83
81220;235
81221;177
81222;170
81223;278
81224;71
81225;256
81226;189
81227;235
81228;189
81229;261
81230;20
81231;83
81232;76
81233;149
81234;235
81235;156
81236;91
81237;226
81238;228
81239;71
81240;166
81241;10
81242;146
81243;134
81244;183
81245;166
81246;278
81247;170
81248;14
81249;189
81250;210
81251;284
81252;170
81253;201
81254;235
81255;189
81256;201
81257;170
81258;166
81259;134
81260;284
81261;221
81262;210
81263;91
81264;242
81265;102
81266;288
81267;170
81268;238
81269;210
81270;20
81271;278
81272;235
81273;189
81274;149
81275;189
81276;189
81277;260
81278;192
81279;243
81280;44
81281;266
81282;157
81283;243
81284;252
81285;220
81286;210
81287;71
81288;278
81289;20
81290;134
81291;288
81292;221
81293;189
81294;200
81295;189
81296;166
81297;114
81298;183
81299;160
81300;235
81301;133
81302;189
81303;44
81304;160
81305;48
81306;228
81307;170
81308;260
81309;260
81310;20
81311;237
81312;294
81313;252
81314;237
81315;146
81316;71
81317;221
81318;170
81319;18
81320;114
81321;170
81322;213
81323;189
81324;112
81325;210
81326;48
81327;46
81328;40
81329;189
81330;149
81331;166
81332;112
81333;250
81334;260
81335;226
81336;170
81337;170
81338;242
81339;170
81340;48
81341;115
81342;189
81343;128
81344;149
81345;83
81346;183
81347;284
81348;228
81349;137
81350;115
81351;252
81352;105
81353;228
81354;228
81355;46
81356;112
81357;146
81358;83
81359;266
81360;218
81361;189
81362;243
81363;149
81364;237
81365;129
81366;210
81367;208
81368;18
81369;137
81370;166
81371;170
81372;261
81373;221
81374;294
81375;235
81376;114
81377;137
81378;134
81379;189
81380;210
81381;189
81382;182
81383;248
81384;149
81385;22
81386;228
81387;156
81388;285
81389;11
81390;58
81391;134
81392;166
81393;260
81394;149
81395;170
81396;245
81397;235
81398;284
81399;243
81400;86
81401;280
81402;235
81403;137
81404;242
81405;126
81406;261
81407;112
81408;261
81409;112
81410;189
81411;265
81412;235
81413;252
81414;170
81415;166
81416;260
81417;126
81418;221
81419;210
81420;71
81421;115
81422;189
81423;83
81424;218
81425;112
81426;48
81427;189
81428;76
81429;294
81430;59
81431;248
81432;260
81433;210
81434;176
81435;146
81436;170
81437;210
81438;37
81439;189
81440;189
81441;166
81442;166
81443;280
81444;250
81445;294
81446;145
81447;199
81448;189
81449;260
81450;71
81451;245
81452;221
81453;166
81454;115
81455;166
81456;116
81457;66
81458;285
81459;237
81460;210
81461;60
81462;156
81463;137
81464;166
81465;189
81466;189
81467;20
81468;48
81469;170
81470;260
81471;210
81472;103
81473;170
81474;228
81475;83
81476;146
81477;242
81478;20
81479;170
81480;128
81481;245
81482;146
81483;166
81484;260
81485;228
81486;226
81487;83
81488;210
81489;115
81490;14
81491;134
81492;170
81493;245
81494;166
81495;133
81496;157
81497;235
81498;183
81499;260
81500;44
81501;71
81502;133
81503;48
81504;202
81505;87
81506;166
81507;217
81508;170
81509;71
81510;149
81511;189
81512;115
81513;252
81514;260
81515;34
81516;228
81517;40
81518;294
81519;245
81520;149
81521;208
81522;79
81523;97
81524;102
81525;166
81526;260
81527;245
81528;114
81529;120
81530;210
81531;245
81532;20
81533;243
81534;66
81535;235
81536;71
81537;20
81538;260
81539;189
81540;252
81541;199
81542;83
81543;189
81544;87
81545;76
81546;-1
81547;260
81548;46
81549;112
81550;272
81551;46
81552;221
81553;156
81554;245
81555;189
81556;140
81557;260
81558;260
81559;285
81560;170
81561;260
81562;254
81563;133
81564;166
81565;182
81566;189
81567;170
81568;182
81569;170
81570;228
81571;282
81572;166
81573;260
81574;87
81575;235
81576;149
81577;156
81578;260
81579;24
81580;191
81581;291
81582;235
81583;134
81584;242
81585;134
81586;114
81587;170
81588;202
81589;46
81590;44
81591;202
81592;212
81593;245
81594;198
81595;189
81596;277
81597;294
81598;20
81599;126
81600;235
81601;256
81602;60
81603;260
81604;44
81605;44
81606;189
81607;86
81608;189
81609;66
81610;200
81611;261
81612;288
81613;60
81614;248
81615;243
81616;103
81617;166
81618;86
81619;248
81620;294
81621;294
81622;76
81623;217
81624;210
81625;210
81626;91
81627;294
81628;243
81629;156
81630;235
81631;170
81632;59
81633;189
81634;83
81635;228
81636;170
81637;284
81638;159
81639;129
81640;18
81641;248
81642;166
81643;266
81644;228
81645;20
81646;112
81647;83
81648;37
81649;228
81650;243
81651;14
81652;245
81653;208
81654;108
81655;189
81656;60
81657;20
81658;224
81659;86
81660;170
81661;294
81662;66
81663;115
81664;224
81665;20
81666;228
81667;87
81668;76
81669;71
81670;8
81671;114
81672;112
81673;71
81674;22
81675;170
81676;217
81677;124
81678;208
81679;210
81680;38
81681;294
81682;209
81683;166
81684;20
81685;20
81686;76
81687;105
81688;228
81689;126
81690;134
81691;166
81692;235
81693;149
81694;97
81695;200
81696;245
81697;128
81698;137
81699;235
81700;102
81701;59
81702;294
81703;201
81704;200
81705;166
81706;112
81707;183
81708;208
81709;242
81710;156
81711;260
81712;243
81713;160
81714;156
81715;189
81716;189
81717;294
81718;228
81719;86
81720;87
81721;231
81722;66
81723;24
81724;20
81725;83
81726;260
81727;242
81728;192
81729;166
81730;261
81731;14
81732;156
81733;260
81734;44
81735;235
81736;18
81737;182
81738;44
81739;228
81740;248
81741;83
81742;198
81743;189
81744;202
81745;48
81746;71
81747;294
81748;260
81749;170
81750;134
81751;210
81752;87
81753;83
81754;149
81755;248
81756;267
81757;228
81758;59
81759;189
81760;83
81761;210
81762;210
81763;44
81764;166
81765;37
81766;202
81767;231
81768;202
81769;149
81770;189
81771;4
81772;260
81773;38
81774;20
81775;198
81776;294
81777;71
81778;189
81779;137
81780;149
81781;235
81782;166
81783;146
81784;237
81785;156
81786;228
81787;209
81788;133
81789;282
81790;83
81791;243
81792;115
81793;166
81794;228
81795;149
81796;145
81797;198
81798;114
81799;71
81800;166
81801;285
81802;284
81803;189
81804;108
81805;170
81806;83
81807;133
81808;156
81809;231
81810;83
81811;213
81812;284
81813;156
81814;166
81815;112
81816;128
81817;48
81818;149
81819;149
81820;266
81821;294
81822;265
81823;170
81824;157
81825;71
81826;242
81827;237
81828;86
81829;170
81830;278
81831;145
81832;208
81833;260
81834;235
81835;294
81836;87
81837;48
81838;44
81839;149
81840;166
81841;192
81842;226
81843;260
81844;20
81845;228
81846;164
81847;16
81848;91
81849;189
81850;1
81851;71
81852;278
81853;-1
81854;20
81855;112
81856;248
81857;189
81858;40
81859;166
81860;278
81861;210
81862;83
81863;170
81864;226
81865;228
81866;228
81867;60
81868;189
81869;245
81870;149
81871;40
81872;228
81873;284
81874;53
81875;44
81876;55
81877;228
81878;189
81879;145
81880;60
81881;124
81882;133
81883;242
81884;105
81885;104
81886;189
81887;166
81888;40
81889;40
81890;160
81891;40
81892;20
81893;133
81894;44
81895;294
81896;-1
81897;137
81898;210
81899;60
81900;260
81901;260
81902;24
81903;248
81904;83
81905;44
81906;71
81907;170
81908;149
81909;228
81910;280
81911;34
81912;235
81913;260
81914;71
81915;252
81916;189
81917;228
81918;212
81919;112
81920;235
81921;170
81922;116
81923;200
81924;279
81925;189
81926;133
81927;198
81928;156
81929;108
81930;1
81931;260
81932;189
81933;149
81934;189
81935;189
81936;120
81937;228
81938;294
81939;133
81940;260
81941;126
81942;20
81943;237
81944;235
81945;212
81946;8
81947;1
81948;183
81949;166
81950;248
81951;66
81952;134
81953;128
81954;280
81955;137
81956;170
81957;157
81958;189
81959;115
81960;189
81961;134
81962;40
81963;149
81964;294
81965;260
81966;102
81967;202
81968;134
81969;256
81970;71
81971;280
81972;24
81973;170
81974;236
81975;189
81976;170
81977;189
81978;102
81979;228
81980;280
81981;157
81982;156
81983;112
81984;116
81985;71
81986;38
81987;221
81988;200
81989;71
81990;166
81991;112
81992;40
81993;166
81994;189
81995;156
81996;145
81997;261
81998;260
81999;272
82000;156
82001;285
82002;279
82003;166
82004;114
82005;62
82006;235
82007;170
82008;242
82009;248
82010;34
82011;235
82012;189
82013;285
82014;202
82015;134
82016;166
82017;146
82018;191
82019;149
82020;189
82021;192
82022;189
82023;217
82024;280
82025;133
82026;210
82027;177
82028;245
82029;189
82030;217
82031;267
82032;76
82033;166
82034;103
82035;170
82036;294
82037;139
82038;189
82039;83
82040;156
82041;83
82042;1
82043;156
82044;137
82045;149
82046;191
82047;248
82048;76
82049;18
82050;245
82051;83
82052;62
82053;250
82054;228
82055;166
82056;267
82057;83
82058;83
82059;280
82060;217
82061;46
82062;261
82063;237
82064;192
82065;208
82066;166
82067;245
82068;260
82069;145
82070;277
82071;120
82072;245
82073;201
82074;83
82075;202
82076;192
82077;120
82078;189
82079;189
82080;189
82081;252
82082;228
82083;14
82084;38
82085;248
82086;202
82087;189
82088;248
82089;129
82090;120
82091;71
82092;252
82093;149
82094;189
82095;260
82096;160
82097;145
82098;189
82099;189
82100;228
82101;14
82102;128
82103;71
82104;261
82105;242
82106;177
82107;114
82108;87
82109;231
82110;235
82111;288
82112;189
82113;260
82114;189
82115;79
82116;149
82117;228
82118;235
82119;83
82120;112
82121;166
82122;242
82123;235
82124;183
82125;170
82126;83
82127;149
82128;166
82129;243
82130;137
82131;202
82132;189
82133;214
82134;156
82135;60
82136;235
82137;55
82138;237
82139;103
82140;228
82141;134
82142;166
82143;145
82144;210
82145;20
82146;149
82147;91
82148;60
82149;235
82150;228
82151;170
82152;248
82153;146
82154;114
82155;294
82156;285
82157;60
82158;48
82159;149
82160;189
82161;112
82162;114
82163;260
82164;245
82165;221
82166;133
82167;112
82168;166
82169;189
82170;228
82171;228
82172;128
82173;170
82174;149
82175;149
82176;177
82177;238
82178;44
82179;189
82180;166
82181;228
82182;192
82183;280
82184;71
82185;83
82186;202
82187;145
82188;294
82189;83
82190;170
82191;149
82192;156
82193;133
82194;134
82195;24
82196;137
82197;252
82198;71
82199;170
82200;134
82201;189
82202;189
82203;254
82204;260
82205;189
82206;159
82207;76
82208;108
82209;201
82210;170
82211;248
82212;126
82213;210
82214;149
82215;248
82216;115
82217;166
82218;134
82219;284
82220;235
82221;126
82222;116
82223;245
82224;105
82225;112
82226;202
82227;191
82228;71
82229;83
82230;235
82231;242
82232;189
82233;278
82234;120
82235;137
82236;108
82237;183
82238;108
82239;189
82240;112
82241;260
82242;59
82243;116
82244;243
82245;148
82246;248
82247;83
82248;124
82249;243
82250;278
82251;226
82252;134
82253;221
82254;252
82255;248
82256;60
82257;263
82258;285
82259;114
82260;245
82261;286
82262;243
82263;170
82264;46
82265;149
82266;134
82267;149
82268;252
82269;134
82270;287
82271;272
82272;86
82273;66
82274;149
82275;18
82276;261
82277;87
82278;83
82279;156
82280;294
82281;228
82282;235
82283;128
82284;260
82285;71
82286;170
82287;157
82288;284
82289;60
82290;44
82291;51
82292;170
82293;134
82294;83
82295;1
82296;76
82297;134
82298;103
82299;71
82300;83
82301;217
82302;228
82303;140
82304;166
82305;112
82306;149
82307;59
82308;133
82309;44
82310;228
82311;189
82312;134
82313;134
82314;198
82315;285
82316;208
82317;247
82318;134
82319;260
82320;83
82321;149
82322;58
82323;7
82324;189
82325;156
82326;58
82327;226
82328;248
82329;18
82330;182
82331;260
82332;48
82333;149
82334;149
82335;114
82336;156
82337;87
82338;149
82339;170
82340;235
82341;170
82342;277
82343;198
82344;235
82345;156
82346;189
82347;1
82348;46
82349;83
82350;260
82351;210
82352;58
82353;202
82354;166
82355;213
82356;115
82357;166
82358;170
82359;149
82360;14
82361;71
82362;177
82363;170
82364;148
82365;46
82366;242
82367;245
82368;252
82369;66
82370;126
82371;189
82372;243
82373;226
82374;166
82375;48
82376;202
82377;156
82378;248
82379;71
82380;221
82381;217
82382;260
82383;166
82384;71
82385;60
82386;112
82387;228
82388;157
82389;189
82390;189
82391;14
82392;294
82393;44
82394;156
82395;294
82396;140
82397;189
82398;44
82399;166
82400;134
82401;44
82402;213
82403;40
82404;149
82405;149
82406;199
82407;48
82408;145
82409;166
82410;156
82411;260
82412;210
82413;221
82414;16
82415;148
82416;202
82417;220
82418;105
82419;210
82420;137
82421;189
82422;217
82423;189
82424;48
82425;71
82426;166
82427;149
82428;228
82429;218
82430;210
82431;103
82432;170
82433;280
82434;189
82435;137
82436;280
82437;83
82438;71
82439;192
82440;83
82441;220
82442;242
82443;231
82444;133
82445;137
82446;73
82447;66
82448;166
82449;170
82450;228
82451;83
82452;285
82453;226
82454;48
82455;18
82456;228
82457;189
82458;170
82459;156
82460;71
82461;137
82462;133
82463;228
82464;34
82465;183
82466;248
82467;103
82468;48
82469;228
82470;87
82471;149
82472;189
82473;166
82474;112
82475;166
82476;34
82477;134
82478;149
82479;235
82480;260
82481;166
82482;243
82483;60
82484;20
82485;102
82486;134
82487;228
82488;280
82489;245
82490;170
82491;252
82492;166
82493;252
82494;166
82495;200
82496;224
82497;71
82498;159
82499;149
82500;137
82501;285
82502;260
82503;96
82504;189
82505;245
82506;183
82507;170
82508;20
82509;170
82510;133
82511;166
82512;237
82513;166
82514;248
82515;71
82516;224
82517;280
82518;34
82519;189
82520;249
82521;20
82522;260
82523;176
82524;102
82525;34
82526;166
82527;189
82528;24
82529;248
82530;120
82531;245
82532;156
82533;83
82534;256
82535;134
82536;166
82537;60
82538;60
82539;243
82540;18
82541;189
82542;44
82543;214
82544;86
82545;242
82546;235
82547;228
82548;261
82549;189
82550;221
82551;261
82552;38
82553;243
82554;91
82555;166
82556;294
82557;260
82558;71
82559;20
82560;277
82561;59
82562;156
82563;189
82564;228
82565;202
82566;170
82567;242
82568;18
82569;166
82570;166
82571;228
82572;166
82573;220
82574;192
82575;170
82576;245
82577;280
82578;149
82579;235
82580;145
82581;16
82582;108
82583;294
82584;170
82585;86
82586;166
82587;34
82588;76
82589;189
82590;58
82591;34
82592;266
82593;226
82594;217
82595;189
82596;228
82597;170
82598;260
82599;166
82600;38
82601;294
82602;202
82603;235
82604;166
82605;76
82606;103
82607;83
82608;228
82609;87
82610;237
82611;134
82612;214
82613;83
82614;191
82615;260
82616;59
82617;189
82618;189
82619;294
82620;44
82621;86
82622;183
82623;145
82624;-1
82625;112
82626;280
82627;252
82628;16
82629;66
82630;256
82631;140
82632;248
82633;120
82634;51
82635;228
82636;66
82637;44
82638;243
82639;189
82640;83
82641;235
82642;228
82643;228
82644;116
82645;245
82646;166
82647;228
82648;134
82649;44
82650;189
82651;288
82652;21
82653;160
82654;108
82655;248
82656;277
82657;91
82658;228
82659;260
82660;235
82661;260
82662;170
82663;134
82664;87
82665;235
82666;48
82667;260
82668;59
82669;189
82670;189
82671;166
82672;4
82673;149
82674;284
82675;66
82676;126
82677;86
82678;20
82679;166
82680;160
82681;86
82682;134
82683;166
82684;71
82685;245
82686;192
82687;59
82688;149
82689;156
82690;189
82691;83
82692;294
82693;189
82694;102
82695;210
82696;238
82697;137
82698;20
82699;202
82700;66
82701;285
82702;166
82703;288
82704;134
82705;235
82706;260
82707;189
82708;53
82709;166
82710;280
82711;48
82712;166
82713;285
82714;177
82715;83
82716;156
82717;280
82718;278
82719;156
82720;280
82721;235
82722;170
82723;159
82724;294
82725;71
82726;245
82727;159
82728;71
82729;48
82730;149
82731;213
82732;243
82733;149
82734;146
82735;20
82736;14
82737;134
82738;228
82739;294
82740;189
82741;189
82742;254
82743;156
82744;226
82745;214
82746;235
82747;189
82748;272
82749;83
82750;221
82751;21
82752;189
82753;243
82754;248
82755;83
82756;87
82757;115
82758;87
82759;248
82760;294
82761;40
82762;18
82763;189
82764;189
82765;60
82766;278
82767;10
82768;149
82769;102
82770;20
82771;228
82772;170
82773;266
82774;48
82775;277
82776;212
82777;166
82778;83
82779;252
82780;235
82781;166
82782;40
82783;71
82784;235
82785;86
82786;221
82787;40
82788;44
82789;189
82790;146
82791;221
82792;228
82793;170
82794;145
82795;192
82796;86
82797;238
82798;59
82799;149
82800;210
82801;228
82802;66
82803;20
82804;83
82805;134
82806;157
82807;149
82808;34
82809;248
82810;83
82811;140
82812;189
82813;226
82814;260
82815;156
82816;286
82817;228
82818;228
82819;48
82820;217
82821;189
82822;238
82823;280
82824;146
82825;200
82826;166
82827;145
82828;198
82829;86
82830;140
82831;58
82832;214
82833;149
82834;200
82835;71
82836;14
82837;213
82838;157
82839;156
82840;243
82841;116
82842;266
82843;149
82844;134
82845;228
82846;134
82847;210
82848;210
82849;103
82850;116
82851;46
82852;66
82853;86
82854;20
82855;245
82856;228
82857;235
82858;14
82859;71
82860;277
82861;112
82862;102
82863;228
82864;86
82865;260
82866;243
82867;157
82868;228
82869;228
82870;189
82871;242
82872;228
82873;170
82874;71
82875;83
82876;83
82877;260
82878;235
82879;235
82880;91
82881;145
82882;228
82883;91
82884;260
82885;66
82886;59
82887;213
82888;10
82889;202
82890;210
82891;280
82892;166
82893;242
82894;208
82895;183
82896;228
82897;20
82898;134
82899;284
82900;217
82901;83
82902;34
82903;260
82904;148
82905;294
82906;280
82907;105
82908;156
82909;200
82910;228
82911;102
82912;277
82913;170
82914;83
82915;71
82916;24
82917;252
82918;249
82919;208
82920;60
82921;189
82922;235
82923;234
82924;20
82925;145
82926;237
82927;128
82928;156
82929;250
82930;280
82931;208
82932;260
82933;217
82934;228
82935;189
82936;114
82937;252
82938;200
82939;170
82940;242
82941;189
82942;261
82943;235
82944;76
82945;285
82946;134
82947;145
82948;166
82949;166
82950;260
82951;189
82952;103
82953;267
82954;228
82955;156
82956;189
82957;149
82958;1
82959;189
82960;166
82961;210
82962;148
82963;149
82964;260
82965;228
82966;280
82967;87
82968;1
82969;87
82970;294
82971;265
82972;139
82973;83
82974;20
82975;156
82976;146
82977;149
82978;228
82979;202
82980;83
82981;280
82982;91
82983;245
82984;116
82985;120
82986;228
82987;134
82988;160
82989;170
82990;242
82991;260
82992;83
82993;60
82994;83
82995;169
82996;235
82997;238
82998;170
82999;228
83000;20
83001;83
83002;166
83003;294
83004;140
83005;189
83006;189
83007;134
83008;102
83009;115
83010;218
83011;252
83012;202
83013;189
83014;248
83015;228
83016;245
83017;66
83018;149
83019;108
83020;71
83021;108
83022;189
83023;71
83024;226
83025;149
83026;210
83027;166
83028;226
83029;71
83030;189
83031;189
83032;170
83033;20
83034;166
83035;228
83036;202
83037;87
83038;261
83039;189
83040;149
83041;182
83042;260
83043;243
83044;176
83045;156
83046;20
83047;228
83048;288
83049;66
83050;260
83051;261
83052;294
83053;260
83054;58
83055;166
83056;149
83057;18
83058;166
83059;159
83060;221
83061;134
83062;245
83063;129
83064;148
83065;108
83066;7
83067;238
83068;134
83069;234
83070;248
83071;44
83072;189
83073;18
83074;202
83075;235
83076;200
83077;183
83078;189
83079;134
83080;245
83081;221
83082;156
83083;248
83084;38
83085;260
83086;149
83087;243
83088;112
83089;160
83090;170
83091;214
83092;20
83093;192
83094;224
83095;245
83096;279
83097;24
83098;71
83099;170
83100;44
83101;156
83102;149
83103;202
83104;14
83105;120
83106;96
83107;261
83108;285
83109;44
83110;228
83111;202
83112;189
83113;192
83114;201
83115;71
83116;156
83117;140
83118;44
83119;62
83120;252
83121;71
83122;160
83123;48
83124;170
83125;189
83126;58
83127;202
83128;189
83129;231
83130;166
83131;157
83132;235
83133;235
83134;189
83135;248
83136;76
83137;287
83138;87
83139;266
83140;166
83141;169
83142;126
83143;210
83144;160
83145;149
83146;133
83147;228
83148;170
83149;166
83150;189
83151;210
83152;149
83153;112
83154;236
83155;112
83156;243
83157;1
83158;120
83159;145
83160;280
83161;183
83162;284
83163;149
83164;18
83165;71
83166;48
83167;254
83168;156
83169;44
83170;7
83171;115
83172;238
83173;260
83174;228
83175;60
83176;156
83177;243
83178;200
83179;243
83180;102
83181;294
83182;228
83183;243
83184;115
83185;260
83186;189
83187;170
83188;183
83189;103
83190;237
83191;254
83192;228
83193;48
83194;252
83195;137
83196;149
83197;192
83198;149
83199;86
83200;91
83201;238
83202;48
83203;145
83204;284
83205;170
83206;202
83207;83
83208;237
83209;20
83210;134
83211;220
83212;149
83213;235
83214;170
83215;189
83216;7
83217;260
83218;134
83219;294
83220;228
83221;20
83222;160
83223;83
83224;170
83225;66
83226;284
83227;38
83228;248
83229;108
83230;170
83231;170
83232;288
83233;260
83234;235
83235;228
83236;287
83237;189
83238;140
83239;60
83240;235
83241;133
83242;44
83243;134
83244;146
83245;260
83246;166
83247;156
83248;260
83249;14
83250;134
83251;137
83252;102
83253;192
83254;210
83255;120
83256;40
83257;210
83258;20
83259;248
83260;189
83261;66
83262;284
83263;245
83264;156
83265;260
83266;159
83267;149
83268;71
83269;260
83270;189
83271;213
83272;149
83273;145
83274;48
83275;228
83276;170
83277;228
83278;221
83279;265
83280;140
83281;115
83282;245
83283;134
83284;220
83285;148
83286;267
83287;261
83288;48
83289;237
83290;83
83291;260
83292;210
83293;189
83294;245
83295;66
83296;71
83297;208
83298;166
83299;20
83300;149
83301;189
83302;260
83303;103
83304;60
83305;170
83306;228
83307;159
83308;228
83309;245
83310;148
83311;134
83312;213
83313;189
83314;166
83315;245
83316;192
83317;189
83318;243
83319;160
83320;202
83321;235
83322;170
83323;192
83324;166
83325;71
83326;166
83327;170
83328;182
83329;280
83330;166
83331;228
83332;189
83333;166
83334;221
83335;260
83336;280
83337;228
83338;245
83339;76
83340;260
83341;285
83342;44
83343;243
83344;192
83345;-1
83346;266
83347;183
83348;243
83349;243
83350;148
83351;71
83352;105
83353;48
83354;243
83355;170
83356;250
83357;213
83358;166
83359;210
83360;40
83361;189
83362;200
83363;280
83364;228
83365;280
83366;260
83367;83
83368;235
83369;280
83370;265
83371;189
83372;1
83373;242
83374;170
83375;213
83376;170
83377;157
83378;228
83379;189
83380;228
83381;226
83382;166
83383;134
83384;112
83385;83
83386;228
83387;137
83388;160
83389;235
83390;235
83391;228
83392;149
83393;248
83394;134
83395;208
83396;228
83397;228
83398;228
83399;208
83400;189
83401;228
83402;102
83403;170
83404;116
83405;133
83406;149
83407;156
83408;235
83409;115
83410;170
83411;44
83412;166
83413;217
83414;166
83415;284
83416;156
83417;134
83418;166
83419;149
83420;156
83421;105
83422;60
83423;294
83424;62
83425;248
83426;252
83427;60
83428;133
83429;156
83430;248
83431;149
83432;238
83433;149
83434;170
83435;248
83436;44
83437;260
83438;156
83439;166
83440;71
83441;286
83442;20
83443;166
83444;48
83445;146
83446;149
83447;40
83448;238
83449;213
83450;252
83451;18
83452;34
83453;213
83454;248
83455;112
83456;137
83457;260
83458;156
83459;212
83460;294
83461;250
83462;213
83463;294
83464;189
83465;128
83466;235
83467;71
83468;260
83469;166
83470;156
83471;228
83472;235
83473;91
83474;235
83475;217
83476;280
83477;189
83478;177
83479;282
83480;214
83481;228
83482;48
83483;221
83484;183
83485;83
83486;228
83487;245
83488;166
83489;137
83490;260
83491;189
83492;228
83493;44
83494;210
83495;71
83496;83
83497;243
83498;183
83499;248
83500;134
83501;170
83502;8
83503;128
83504;261
83505;48
83506;243
83507;24
83508;71
83509;20
83510;83
83511;202
83512;137
83513;189
83514;294
83515;265
83516;71
83517;202
83518;170
83519;166
83520;81
83521;220
83522;260
83523;228
83524;170
83525;220
83526;261
83527;228
83528;210
83529;71
83530;235
83531;201
83532;189
83533;148
83534;66
83535;145
83536;60
83537;245
83538;166
83539;20
83540;58
83541;149
83542;166
83543;280
83544;220
83545;166
83546;228
83547;71
83548;20
83549;145
83550;189
83551;245
83552;79
83553;284
83554;59
83555;166
83556;170
83557;202
83558;120
83559;170
83560;220
83561;260
83562;83
83563;46
83564;248
83565;228
83566;210
83567;235
83568;189
83569;44
83570;210
83571;156
83572;210
83573;156
83574;160
83575;245
83576;166
83577;243
83578;91
83579;20
83580;212
83581;235
83582;228
83583;189
83584;228
83585;102
83586;133
83587;210
83588;294
83589;248
83590;62
83591;294
83592;80
83593;156
83594;166
83595;189
83596;213
83597;60
83598;192
83599;156
83600;228
83601;285
83602;202
83603;176
83604;34
83605;103
83606;228
83607;4
83608;245
83609;228
83610;87
83611;189
83612;234
83613;102
83614;213
83615;217
83616;235
83617;44
83618;21
83619;228
83620;248
83621;183
83622;201
83623;91
83624;248
83625;166
83626;108
83627;149
83628;170
83629;66
83630;189
83631;149
83632;189
83633;284
83634;134
83635;14
83636;166
83637;189
83638;149
83639;192
83640;166
83641;149
83642;170
83643;149
83644;170
83645;157
83646;248
83647;278
83648;210
83649;189
83650;66
83651;20
83652;272
83653;170
83654;149
83655;83
83656;189
83657;208
83658;189
83659;166
83660;201
83661;285
83662;157
83663;235
83664;166
83665;177
83666;243
83667;202
83668;210
83669;83
83670;248
83671;235
83672;137
83673;112
83674;14
83675;146
83676;166
83677;287
83678;170
83679;189
83680;149
83681;48
83682;14
83683;24
83684;18
83685;51
83686;192
83687;83
83688;66
83689;210
83690;71
83691;16
83692;166
83693;51
83694;228
83695;169
83696;149
83697;228
83698;149
83699;228
83700;252
83701;170
83702;210
83703;189
83704;224
83705;166
83706;189
83707;140
83708;48
83709;242
83710;156
83711;201
83712;189
83713;217
83714;189
83715;209
83716;166
83717;272
83718;108
83719;87
83720;272
83721;189
83722;170
83723;58
83724;189
83725;210
83726;284
83727;21
83728;287
83729;200
83730;260
83731;243
83732;235
83733;248
83734;252
83735;149
83736;116
83737;71
83738;189
83739;248
83740;133
83741;44
83742;220
83743;38
83744;235
83745;189
83746;160
83747;260
83748;149
83749;200
83750;285
83751;202
83752;10
83753;83
83754;183
83755;20
83756;235
83757;228
83758;280
83759;228
83760;71
83761;53
83762;242
83763;189
83764;212
83765;260
83766;58
83767;166
83768;278
83769;176
83770;11
83771;189
83772;112
83773;237
83774;149
83775;192
83776;192
83777;170
83778;189
83779;272
83780;66
83781;81
83782;20
83783;235
83784;157
83785;48
83786;83
83787;189
83788;189
83789;133
83790;280
83791;189
83792;260
83793;91
83794;248
83795;140
83796;189
83797;177
83798;261
83799;170
83800;284
83801;217
83802;189
83803;137
83804;170
83805;73
83806;71
83807;145
83808;44
83809;210
83810;284
83811;44
83812;210
83813;20
83814;210
83815;235
83816;170
83817;40
83818;208
83819;245
83820;134
83821;210
83822;260
83823;243
83824;128
83825;146
83826;166
83827;25
83828;7
83829;133
83830;44
83831;284
83832;103
83833;134
83834;245
83835;260
83836;243
83837;20
83838;134
83839;21
83840;235
83841;261
83842;266
83843;245
83844;91
83845;189
83846;48
83847;91
83848;14
83849;189
83850;1
83851;228
83852;112
83853;189
83854;189
83855;228
83856;91
83857;189
83858;277
83859;228
83860;261
83861;189
83862;166
83863;170
83864;210
83865;83
83866;284
83867;294
83868;91
83869;44
83870;228
83871;170
83872;202
83873;235
83874;235
83875;245
83876;210
83877;221
83878;137
83879;166
83880;242
83881;170
83882;189
83883;146
83884;235
83885;189
83886;242
83887;140
83888;243
83889;228
83890;83
83891;189
83892;44
83893;228
83894;278
83895;170
83896;72
83897;170
83898;83
83899;213
83900;202
83901;243
83902;71
83903;252
83904;189
83905;48
83906;284
83907;166
83908;261
83909;284
83910;128
83911;102
83912;128
83913;44
83914;166
83915;210
83916;73
83917;294
83918;145
83919;46
83920;189
83921;170
83922;218
83923;189
83924;44
83925;261
83926;22
83927;189
83928;60
83929;237
83930;137
83931;103
83932;189
83933;133
83934;221
83935;91
83936;242
83937;114
83938;210
83939;71
83940;192
83941;243
83942;280
83943;149
83944;170
83945;114
83946;294
83947;149
83948;170
83949;260
83950;235
83951;228
83952;285
83953;245
83954;166
83955;238
83956;189
83957;156
83958;137
83959;86
83960;235
83961;189
83962;83
83963;278
83964;243
83965;213
83966;228
83967;228
83968;192
83969;83
83970;210
83971;170
83972;166
83973;266
83974;210
83975;157
83976;202
83977;189
83978;189
83979;160
83980;166
83981;248
83982;134
83983;228
83984;145
83985;149
83986;245
83987;134
83988;59
83989;210
83990;126
83991;243
83992;166
83993;228
83994;228
83995;260
83996;20
83997;156
83998;40
83999;245
84000;170
84001;96
84002;48
84003;235
84004;134
84005;166
84006;202
84007;189
84008;261
84009;182
84010;260
84011;-1
84012;237
84013;156
84014;202
84015;133
84016;-1
84017;183
84018;189
84019;115
84020;189
84021;189
84022;285
84023;228
84024;166
84025;166
84026;261
84027;112
84028;149
84029;134
84030;58
84031;294
84032;252
84033;208
84034;166
84035;146
84036;210
84037;86
84038;166
84039;260
84040;46
84041;228
84042;7
84043;71
84044;170
84045;238
84046;20
84047;260
84048;260
84049;235
84050;115
84051;149
84052;177
84053;156
84054;44
84055;200
84056;134
84057;71
84058;60
84059;189
84060;83
84061;278
84062;214
84063;145
84064;224
84065;235
84066;48
84067;20
84068;192
84069;235
84070;208
84071;71
84072;189
84073;46
84074;96
84075;86
84076;189
84077;285
84078;102
84079;14
84080;20
84081;60
84082;156
84083;166
84084;115
84085;189
84086;156
84087;242
84088;260
84089;189
84090;248
84091;140
84092;134
84093;103
84094;228
84095;170
84096;252
84097;210
84098;208
84099;40
84100;170
84101;235
84102;20
84103;285
84104;146
84105;37
84106;87
84107;245
84108;166
84109;248
84110;156
84111;228
84112;166
84113;170
84114;210
84115;282
84116;149
84117;148
84118;170
84119;242
84120;149
84121;236
84122;170
84123;260
84124;114
84125;44
84126;228
84127;7
84128;21
84129;252
84130;71
84131;170
84132;160
84133;235
84134;134
84135;146
84136;221
84137;87
84138;260
84139;245
84140;228
84141;252
84142;285
84143;149
84144;200
84145;294
84146;177
84147;166
84148;260
84149;228
84150;210
84151;285
84152;156
84153;115
84154;66
84155;71
84156;137
84157;189
84158;48
84159;134
84160;103
84161;294
84162;210
84163;243
84164;20
84165;166
84166;294
84167;228
84168;83
84169;7
84170;248
84171;120
84172;46
84173;260
84174;76
84175;243
84176;156
84177;160
84178;91
84179;170
84180;91
84181;189
84182;202
84183;170
84184;170
84185;221
84186;170
84187;256
84188;166
84189;285
84190;189
84191;254
84192;149
84193;148
84194;108
84195;228
84196;87
84197;210
84198;228
84199;228
84200;260
84201;20
84202;156
84203;97
84204;55
84205;245
84206;134
84207;228
84208;149
84209;51
84210;260
84211;277
84212;166
84213;235
84214;210
84215;213
84216;140
84217;260
84218;14
84219;189
84220;170
84221;250
84222;53
84223;200
84224;242
84225;210
84226;48
84227;210
84228;228
84229;83
84230;-1
84231;149
84232;189
84233;256
84234;156
84235;242
84236;156
84237;242
84238;108
84239;60
84240;71
84241;44
84242;228
84243;134
84244;146
84245;59
84246;242
84247;83
84248;228
84249;260
84250;146
84251;137
84252;189
84253;260
84254;256
84255;124
84256;71
84257;149
84258;198
84259;189
84260;210
84261;20
84262;71
84263;44
84264;272
84265;213
84266;261
84267;189
84268;87
84269;260
84270;134
84271;71
84272;34
84273;189
84274;228
84275;112
84276;228
84277;243
84278;148
84279;189
84280;166
84281;285
84282;278
84283;137
84284;170
84285;149
84286;166
84287;237
84288;83
84289;210
84290;209
84291;34
84292;20
84293;48
84294;156
84295;166
84296;40
84297;280
84298;55
84299;189
84300;157
84301;103
84302;20
84303;66
84304;83
84305;265
84306;1
84307;156
84308;48
84309;235
84310;285
84311;170
84312;115
84313;213
84314;170
84315;59
84316;202
84317;228
84318;228
84319;217
84320;166
84321;129
84322;91
84323;149
84324;201
84325;20
84326;213
84327;228
84328;149
84329;280
84330;48
84331;102
84332;166
84333;189
84334;208
84335;231
84336;149
84337;4
84338;294
84339;245
84340;83
84341;20
84342;248
84343;189
84344;189
84345;189
84346;245
84347;242
84348;71
84349;221
84350;134
84351;243
84352;237
84353;156
84354;228
84355;7
84356;149
84357;202
84358;137
84359;137
84360;149
84361;210
84362;294
84363;91
84364;272
84365;71
84366;272
84367;170
84368;170
84369;285
84370;112
84371;217
84372;237
84373;86
84374;245
84375;208
84376;294
84377;34
84378;260
84379;51
84380;176
84381;284
84382;134
84383;242
84384;166
84385;221
84386;235
84387;189
84388;252
84389;133
84390;103
84391;16
84392;71
84393;260
84394;228
84395;287
84396;260
84397;134
84398;-1
84399;260
84400;83
84401;115
84402;208
84403;112
84404;260
84405;134
84406;146
84407;83
84408;260
84409;170
84410;228
84411;261
84412;202
84413;228
84414;149
84415;177
84416;149
84417;252
84418;71
84419;166
84420;200
84421;149
84422;235
84423;156
84424;170
84425;20
84426;156
84427;261
84428;212
84429;189
84430;189
84431;235
84432;248
84433;128
84434;170
84435;34
84436;20
84437;48
84438;294
84439;145
84440;260
84441;166
84442;252
84443;200
84444;166
84445;235
84446;170
84447;44
84448;213
84449;76
84450;242
84451;235
84452;-1
84453;149
84454;189
84455;60
84456;252
84457;71
84458;228
84459;221
84460;189
84461;40
84462;189
84463;228
84464;245
84465;60
84466;284
84467;210
84468;128
84469;44
84470;235
84471;170
84472;71
84473;24
84474;234
84475;83
84476;285
84477;285
84478;221
84479;83
84480;242
84481;210
84482;235
84483;22
84484;166
84485;294
84486;228
84487;170
84488;133
84489;202
84490;182
84491;221
84492;126
84493;200
84494;112
84495;34
84496;170
84497;189
84498;235
84499;66
84500;103
84501;66
84502;11
84503;34
84504;228
84505;277
84506;126
84507;71
84508;24
84509;166
84510;170
84511;166
84512;189
84513;71
84514;228
84515;210
84516;156
84517;260
84518;248
84519;242
84520;228
84521;156
84522;183
84523;156
84524;189
84525;202
84526;256
84527;66
84528;60
84529;91
84530;248
84531;224
84532;260
84533;272
84534;115
84535;228
84536;137
84537;166
84538;137
84539;235
84540;166
84541;14
84542;71
84543;231
84544;217
84545;120
84546;102
84547;156
84548;149
84549;44
84550;129
84551;149
84552;218
84553;221
84554;189
84555;189
84556;40
84557;166
84558;272
84559;177
84560;248
84561;102
84562;277
84563;208
84564;166
84565;285
84566;294
84567;145
84568;84
84569;235
84570;192
84571;58
84572;235
84573;115
84574;166
84575;170
84576;34
84577;242
84578;261
84579;137
84580;83
84581;228
84582;202
84583;231
84584;260
84585;146
84586;191
84587;166
84588;133
84589;128
84590;260
84591;170
84592;202
84593;202
84594;86
84595;102
84596;166
84597;248
84598;202
84599;120
84600;284
84601;166
84602;71
84603;126
84604;38
84605;177
84606;149
84607;114
84608;182
84609;134
84610;189
84611;20
84612;87
84613;20
84614;166
84615;235
84616;242
84617;149
84618;8
84619;189
84620;105
84621;235
84622;96
84623;189
84624;166
84625;83
84626;149
84627;1
84628;166
84629;169
84630;71
84631;217
84632;137
84633;156
84634;260
84635;87
84636;160
84637;237
84638;217
84639;228
84640;34
84641;81
84642;189
84643;170
84644;210
84645;1
84646;71
84647;189
84648;248
84649;252
84650;140
84651;252
84652;228
84653;189
84654;285
84655;278
84656;189
84657;108
84658;114
84659;189
84660;202
84661;156
84662;146
84663;87
84664;83
84665;59
84666;134
84667;242
84668;71
84669;48
84670;235
84671;217
84672;149
